number,values_0,values_1,datetime_start,datetime_complete,duration,params_input_force,system_attrs_NSGAIISampler:generation,state
0,0.024962632879092894,0.4656956480825295,2026-07-07 14:02:57.755276,2026-07-07 14:03:09.674496,0 days 00:00:11.919220,97.92016030376463,0,COMPLETE
1,0.025418451670827236,0.4656436960892483,2026-07-07 14:02:57.755626,2026-07-07 14:03:09.241767,0 days 00:00:11.486141,95.52876692185409,0,COMPLETE
2,0.024234691258785468,0.46574616799267676,2026-07-07 14:02:57.756429,2026-07-07 14:03:09.012607,0 days 00:00:11.256178,90.72205230539326,0,COMPLETE
3,0.02205301412426558,0.46605034385180555,2026-07-07 14:02:57.756741,2026-07-07 14:03:08.998173,0 days 00:00:11.241432,68.89579252306257,0,COMPLETE
4,0.02073094489634214,0.46620698008648764,2026-07-07 14:02:57.758770,2026-07-07 14:03:09.011799,0 days 00:00:11.253029,72.71932273807418,0,COMPLETE
5,0.01802139181759921,0.46676720282023826,2026-07-07 14:02:57.759134,2026-07-07 14:03:09.048890,0 days 00:00:11.289756,44.44009650935405,0,COMPLETE
6,0.017406156791007987,0.4670269678858442,2026-07-07 14:02:57.759458,2026-07-07 14:03:08.036090,0 days 00:00:10.276632,48.97554260571,0,COMPLETE
7,0.019786826001435776,0.4663667141971084,2026-07-07 14:02:57.760101,2026-07-07 14:03:08.293488,0 days 00:00:10.533387,41.445910156399385,0,COMPLETE
8,0.07554285570907221,0.45724887664083436,2026-07-07 14:02:57.760476,2026-07-07 14:03:09.307601,0 days 00:00:11.547125,0.7115109750466009,0,COMPLETE
9,0.021592961472739758,0.46613663632018026,2026-07-07 14:02:57.761320,2026-07-07 14:03:09.329920,0 days 00:00:11.568600,80.2846410702501,0,COMPLETE
10,0.013495637007360728,0.46759517957081753,2026-07-07 14:02:57.762029,2026-07-07 14:03:08.005250,0 days 00:00:10.243221,36.616054245360836,0,COMPLETE
11,0.013745183798243465,0.4673430121585822,2026-07-07 14:02:57.762469,2026-07-07 14:03:09.044641,0 days 00:00:11.282172,18.75728362855489,0,COMPLETE
12,0.007163448931019167,0.4685844152484966,2026-07-07 14:02:57.764596,2026-07-07 14:03:09.020047,0 days 00:00:11.255451,10.658200152587677,0,COMPLETE
13,0.02419777577539345,0.46575506456633087,2026-07-07 14:02:57.764771,2026-07-07 14:03:09.244222,0 days 00:00:11.479451,89.06858360399421,0,COMPLETE
14,0.018399354023632297,0.46665753794925524,2026-07-07 14:02:57.765126,2026-07-07 14:03:09.306286,0 days 00:00:11.541160,50.725961197023665,0,COMPLETE
15,0.01955228987427282,0.46640656706259187,2026-07-07 14:02:57.765737,2026-07-07 14:03:08.655369,0 days 00:00:10.889632,27.849566042408103,0,COMPLETE
16,0.016101384616563852,0.46712343279048,2026-07-07 14:02:57.766196,2026-07-07 14:03:08.823603,0 days 00:00:11.057407,27.054042002411943,0,COMPLETE
17,0.011553342910526287,0.4676689604200558,2026-07-07 14:02:57.766480,2026-07-07 14:03:09.034613,0 days 00:00:11.268133,18.396487559682882,0,COMPLETE
18,0.024170695278171728,0.4657593429466374,2026-07-07 14:02:57.767599,2026-07-07 14:03:09.074012,0 days 00:00:11.306413,88.86780962196336,0,COMPLETE
19,0.015633797491854562,0.4672140347850575,2026-07-07 14:02:57.768237,2026-07-07 14:03:08.477396,0 days 00:00:10.709159,41.993359817275696,0,COMPLETE
20,0.020693355940947067,0.4662837944701288,2026-07-07 14:02:57.768610,2026-07-07 14:03:09.016451,0 days 00:00:11.247841,67.65488047126283,0,COMPLETE
21,0.001841807635267867,0.46949486185799755,2026-07-07 14:02:57.769505,2026-07-07 14:03:09.290433,0 days 00:00:11.520928,4.668803409677737,0,COMPLETE
22,0.020563764521837447,0.46629198536850547,2026-07-07 14:02:57.769774,2026-07-07 14:03:09.077662,0 days 00:00:11.307888,78.23782936933186,0,COMPLETE
23,0.014335239551792223,0.4673997894213874,2026-07-07 14:02:57.770493,2026-07-07 14:03:09.308134,0 days 00:00:11.537641,43.36566132279768,0,COMPLETE
24,0.018821486674475973,0.4668036029777137,2026-07-07 14:02:57.770759,2026-07-07 14:03:09.256143,0 days 00:00:11.485384,59.66187713630448,0,COMPLETE
25,0.015134390359248462,0.4672877974845995,2026-07-07 14:02:57.771525,2026-07-07 14:03:09.309826,0 days 00:00:11.538301,39.88809174357521,0,COMPLETE
26,0.019029171709702142,0.4666441521346821,2026-07-07 14:02:57.772096,2026-07-07 14:03:09.300741,0 days 00:00:11.528645,58.53222015216085,0,COMPLETE
27,0.016774527885418167,0.46709733294226896,2026-07-07 14:02:57.772868,2026-07-07 14:03:09.502073,0 days 00:00:11.729205,42.87140518413715,0,COMPLETE
28,0.014833787915794872,0.46708024017029126,2026-07-07 14:02:57.773541,2026-07-07 14:03:09.033824,0 days 00:00:11.260283,7.569408817173015,0,COMPLETE
29,0.00645200231745674,0.46881330861805764,2026-07-07 14:02:57.773959,2026-07-07 14:03:08.643564,0 days 00:00:10.869605,4.077253182813431,0,COMPLETE
30,-0.21027083819021009,0.5191220016817997,2026-07-07 14:02:57.774371,2026-07-07 14:03:09.666961,0 days 00:00:11.892590,4.41963798903843,0,COMPLETE
31,0.009838714813817206,0.4681886751682151,2026-07-07 14:02:57.775018,2026-07-07 14:03:09.240713,0 days 00:00:11.465695,16.712939184695042,0,COMPLETE
32,0.018775771319268775,0.4667521837177826,2026-07-07 14:02:57.775717,2026-07-07 14:03:09.675029,0 days 00:00:11.899312,59.169116172548605,0,COMPLETE
33,0.022484147220062534,0.4660294735720917,2026-07-07 14:02:57.776323,2026-07-07 14:03:09.030929,0 days 00:00:11.254606,81.98948212273943,0,COMPLETE
34,0.015717792928836627,0.4670996963119079,2026-07-07 14:02:57.777006,2026-07-07 14:03:09.669100,0 days 00:00:11.892094,38.1221922214165,0,COMPLETE
35,0.016571853101860823,0.4669029276898027,2026-07-07 14:02:57.777479,2026-07-07 14:03:09.304873,0 days 00:00:11.527394,38.09758895308504,0,COMPLETE
36,0.013301770592380302,0.46797863210338253,2026-07-07 14:02:57.778593,2026-07-07 14:03:09.002209,0 days 00:00:11.223616,20.836442955422118,0,COMPLETE
37,0.014129505013967758,0.46746595431587146,2026-07-07 14:02:57.779228,2026-07-07 14:03:09.026788,0 days 00:00:11.247560,35.07095295373761,0,COMPLETE
38,0.01383930491718538,0.46732035420187873,2026-07-07 14:02:57.779824,2026-07-07 14:03:08.472136,0 days 00:00:10.692312,29.64014884191575,0,COMPLETE
39,0.10684388105134629,0.4530794973991887,2026-07-07 14:02:58.407945,2026-07-07 14:03:09.013317,0 days 00:00:10.605372,0.5041749380919395,0,COMPLETE
40,0.008033430840242717,0.4682587668115604,2026-07-07 14:02:59.331039,2026-07-07 14:03:08.027705,0 days 00:00:08.696666,17.725172738386846,0,COMPLETE
41,0.024190764949665156,0.4657431592009369,2026-07-07 14:02:59.791678,2026-07-07 14:03:09.046647,0 days 00:00:09.254969,90.11460657773544,0,COMPLETE
42,0.007046784755321112,0.4687340159935506,2026-07-07 14:02:59.946624,2026-07-07 14:03:08.471509,0 days 00:00:08.524885,10.594571603101485,0,COMPLETE
43,0.016149418760818823,0.467064520479158,2026-07-07 14:03:00.408893,2026-07-07 14:03:09.031092,0 days 00:00:08.622199,38.22697434492043,0,COMPLETE
44,0.011421828324436833,0.46790797577434573,2026-07-07 14:03:00.870831,2026-07-07 14:03:08.277959,0 days 00:00:07.407128,31.034495124009226,0,COMPLETE
45,0.006535241522968027,0.46880301237365163,2026-07-07 14:03:01.178590,2026-07-07 14:03:09.064797,0 days 00:00:07.886207,10.803889709090594,0,COMPLETE
46,0.012190959885954034,0.4677676414432497,2026-07-07 14:03:01.332669,2026-07-07 14:03:09.011966,0 days 00:00:07.679297,16.645707531200586,0,COMPLETE
47,0.018695750899103747,0.46652204457222457,2026-07-07 14:03:01.642302,2026-07-07 14:03:09.257655,0 days 00:00:07.615353,57.02610558495964,0,COMPLETE
48,0.014949847737696531,0.4672062754645135,2026-07-07 14:03:02.107320,2026-07-07 14:03:09.301285,0 days 00:00:07.193965,30.521434822541792,0,COMPLETE
49,0.02411512162937024,0.46574860865190465,2026-07-07 14:03:02.886044,2026-07-07 14:03:09.079947,0 days 00:00:06.193903,90.53091209284348,0,COMPLETE
50,0.024812742034191038,0.4657151736125189,2026-07-07 14:03:04.293527,2026-07-07 14:03:09.321379,0 days 00:00:05.027852,98.21706504625908,0,COMPLETE
51,0.023393536225768896,0.465936448327399,2026-07-07 14:03:04.762586,2026-07-07 14:03:10.013935,0 days 00:00:05.251349,86.28635947317173,0,COMPLETE
52,0.022318581643431423,0.4659909058205783,2026-07-07 14:03:05.074670,2026-07-07 14:03:09.328510,0 days 00:00:04.253840,69.52306655423439,0,COMPLETE
53,0.014954313613290693,0.4673880997461138,2026-07-07 14:03:05.385037,2026-07-07 14:03:09.309444,0 days 00:00:03.924407,21.303919053914633,0,COMPLETE
54,0.01523318206450952,0.4671347392450735,2026-07-07 14:03:05.388661,2026-07-07 14:03:09.990358,0 days 00:00:04.601697,33.21880597022865,0,COMPLETE
55,0.012845095935374196,0.4677715473063105,2026-07-07 14:03:05.705310,2026-07-07 14:03:09.254521,0 days 00:00:03.549211,20.0624064918262,0,COMPLETE
56,0.016075601576480192,0.46709268724028147,2026-07-07 14:03:05.708276,2026-07-07 14:03:10.021969,0 days 00:00:04.313693,22.170783805422886,0,COMPLETE
57,0.014641267182858464,0.4675451939703408,2026-07-07 14:03:05.878154,2026-07-07 14:03:09.999388,0 days 00:00:04.121234,20.68717567055497,0,COMPLETE
58,0.01221236759292299,0.46778291684419826,2026-07-07 14:03:06.042599,2026-07-07 14:03:09.675693,0 days 00:00:03.633094,31.333476971997168,0,COMPLETE
59,0.020118291190444504,0.4662802012007542,2026-07-07 14:03:06.201259,2026-07-07 14:03:09.990152,0 days 00:00:03.788893,76.3754364172122,0,COMPLETE
60,0.012740393864740185,0.46780032564154433,2026-07-07 14:03:06.213569,2026-07-07 14:03:09.317613,0 days 00:00:03.104044,21.65284097067464,0,COMPLETE
61,0.018166395032002403,0.4668209926953485,2026-07-07 14:03:06.216980,2026-07-07 14:03:10.523485,0 days 00:00:04.306505,51.1664021527944,0,COMPLETE
62,0.018601151984284192,0.4665448571153201,2026-07-07 14:03:06.728947,2026-07-07 14:03:10.005839,0 days 00:00:03.276892,56.97065374956947,0,COMPLETE
63,0.01758128592928282,0.46678244271856856,2026-07-07 14:03:06.788553,2026-07-07 14:03:10.044926,0 days 00:00:03.256373,54.606665643836656,0,COMPLETE
64,0.017623025764324507,0.46677457585632026,2026-07-07 14:03:08.090768,2026-07-07 14:03:10.037320,0 days 00:00:01.946552,36.37045331756223,0,COMPLETE
65,0.024463438424218775,0.46575773890105043,2026-07-07 14:03:08.261853,2026-07-07 14:03:10.034892,0 days 00:00:01.773039,99.29236443200548,0,COMPLETE
66,0.012499168207191158,0.46781431601989,2026-07-07 14:03:08.299720,2026-07-07 14:03:10.524923,0 days 00:00:02.225203,18.90611192006139,0,COMPLETE
67,0.020042963960338167,0.46628073314825746,2026-07-07 14:03:08.648986,2026-07-07 14:03:10.525174,0 days 00:00:01.876188,76.28920587593014,0,COMPLETE
68,0.01102875192085595,0.467820606533415,2026-07-07 14:03:08.653174,2026-07-07 14:03:10.013236,0 days 00:00:01.360062,5.104278153500227,0,COMPLETE
69,0.02513980620041667,0.465674951357896,2026-07-07 14:03:08.830209,2026-07-07 14:03:10.536357,0 days 00:00:01.706148,93.82175111198858,0,COMPLETE
70,0.018560595671456348,0.46663447381080736,2026-07-07 14:03:09.020663,2026-07-07 14:03:10.567425,0 days 00:00:01.546762,41.25924502208521,0,COMPLETE
71,0.011135266036864211,0.4676332718864025,2026-07-07 14:03:09.026450,2026-07-07 14:03:10.542207,0 days 00:00:01.515757,9.927186414994047,0,COMPLETE
72,0.020567880342318712,0.46627079285236717,2026-07-07 14:03:09.032831,2026-07-07 14:03:10.581165,0 days 00:00:01.548334,77.94929281259569,0,COMPLETE
73,0.018212141920624314,0.46685553199350455,2026-07-07 14:03:09.246445,2026-07-07 14:03:10.573322,0 days 00:00:01.326877,49.26464078268098,0,COMPLETE
74,0.01033374009869753,0.46779954157019266,2026-07-07 14:03:09.292061,2026-07-07 14:03:12.539785,0 days 00:00:03.247724,11.515874107892813,0,COMPLETE
75,0.010700505876053867,0.46795491728408467,2026-07-07 14:03:09.309624,2026-07-07 14:03:12.716122,0 days 00:00:03.406498,4.476922589163409,0,COMPLETE
76,0.01703995395663549,0.46698661516916995,2026-07-07 14:03:09.315754,2026-07-07 14:03:12.368825,0 days 00:00:03.053071,38.947778783428724,0,COMPLETE
77,0.024132367881793904,0.46574663017940177,2026-07-07 14:03:09.663591,2026-07-07 14:03:13.090973,0 days 00:00:03.427382,90.47811238546628,1,COMPLETE
78,0.014127658883453242,0.4674070095137287,2026-07-07 14:03:09.666305,2026-07-07 14:03:14.438096,0 days 00:00:04.771791,37.31933463839516,1,COMPLETE
79,0.020005411455519873,0.46658572729984527,2026-07-07 14:03:09.668460,2026-07-07 14:03:18.501101,0 days 00:00:08.832641,62.66875587444417,1,COMPLETE
80,0.011797458005814832,0.46778180904381206,2026-07-07 14:03:09.831404,2026-07-07 14:03:14.243229,0 days 00:00:04.411825,14.080998861318214,1,COMPLETE
81,0.024927459392147022,0.46569990615059687,2026-07-07 14:03:09.832748,2026-07-07 14:03:14.598375,0 days 00:00:04.765627,97.99930619417273,1,COMPLETE
82,0.00592078366073201,0.4688306525709877,2026-07-07 14:03:09.833547,2026-07-07 14:03:14.249129,0 days 00:00:04.415582,10.432438408194248,1,COMPLETE
83,0.009193111857751735,0.4683408410723737,2026-07-07 14:03:09.835127,2026-07-07 14:03:18.418798,0 days 00:00:08.583671,26.61241608625395,1,COMPLETE
84,0.02142122121112172,0.46612828779200755,2026-07-07 14:03:09.991500,2026-07-07 14:03:14.609704,0 days 00:00:04.618204,78.51626739662898,1,COMPLETE
85,0.02217195366659458,0.4660285733378807,2026-07-07 14:03:09.993351,2026-07-07 14:03:15.602759,0 days 00:00:05.609408,69.08927895138906,1,COMPLETE
86,0.010602940443193265,0.46787897566146774,2026-07-07 14:03:10.006226,2026-07-07 14:03:13.571019,0 days 00:00:03.564793,17.63267723022352,1,COMPLETE
87,0.024448363056277844,0.46575821126784633,2026-07-07 14:03:10.007868,2026-07-07 14:03:15.430901,0 days 00:00:05.423033,99.48942769962026,1,COMPLETE
88,0.013840817753837498,0.46758657270321724,2026-07-07 14:03:10.013408,2026-07-07 14:03:16.432287,0 days 00:00:06.418879,35.24496194952208,1,COMPLETE
89,0.02187731753947958,0.4660852264759324,2026-07-07 14:03:10.021048,2026-07-07 14:03:13.406828,0 days 00:00:03.385780,65.66575402854346,1,COMPLETE
90,0.009128025046388766,0.46846430299609787,2026-07-07 14:03:10.028431,2026-07-07 14:03:15.600582,0 days 00:00:05.572151,26.589768809153572,1,COMPLETE
91,0.021050728481071368,0.4661889755395541,2026-07-07 14:03:10.028886,2026-07-07 14:03:18.444274,0 days 00:00:08.415388,60.21463762483597,1,COMPLETE
92,0.015382784693863838,0.4670298282354798,2026-07-07 14:03:10.205540,2026-07-07 14:03:13.917732,0 days 00:00:03.712192,28.95642923473196,1,COMPLETE
93,0.018694853034627423,0.4663615467299181,2026-07-07 14:03:10.206052,2026-07-07 14:03:14.623372,0 days 00:00:04.417320,28.439981134854214,1,COMPLETE
94,0.016565788344566124,0.4670023956105823,2026-07-07 14:03:10.516701,2026-07-07 14:03:14.430117,0 days 00:00:03.913416,38.64875266869198,1,COMPLETE
95,0.022195314822590517,0.4660297076050627,2026-07-07 14:03:10.519355,2026-07-07 14:03:13.910348,0 days 00:00:03.390993,65.28669428502872,1,COMPLETE
96,0.016060711371601477,0.4670521795634206,2026-07-07 14:03:10.527108,2026-07-07 14:03:13.909800,0 days 00:00:03.382692,23.629032457626227,1,COMPLETE
97,0.022369993308014202,0.46596093846234765,2026-07-07 14:03:10.542404,2026-07-07 14:03:20.682402,0 days 00:00:10.139998,69.74568325394185,1,COMPLETE
98,0.018312442518766292,0.46684062413666766,2026-07-07 14:03:10.544829,2026-07-07 14:03:18.403545,0 days 00:00:07.858716,44.998335807982265,1,COMPLETE
99,0.01566016043649404,0.46714176128093,2026-07-07 14:03:10.547123,2026-07-07 14:03:18.444032,0 days 00:00:07.896909,25.83105351721149,1,COMPLETE
100,0.018485309671984973,0.46664452974617204,2026-07-07 14:03:10.547972,2026-07-07 14:03:20.360586,0 days 00:00:09.812614,40.024908227279404,1,COMPLETE
101,0.019045207785227503,0.4666395135588378,2026-07-07 14:03:10.549017,2026-07-07 14:03:16.119599,0 days 00:00:05.570582,58.525914211863316,1,COMPLETE
102,0.016162650953818025,0.4671501479483178,2026-07-07 14:03:10.549670,2026-07-07 14:03:17.717483,0 days 00:00:07.167813,37.14857508354687,1,COMPLETE
103,0.017182117083635096,0.46704714229209077,2026-07-07 14:03:10.551672,2026-07-07 14:03:13.582515,0 days 00:00:03.030843,46.152360292366396,1,COMPLETE
104,0.01755749691543146,0.4667911830859359,2026-07-07 14:03:10.555904,2026-07-07 14:03:18.484994,0 days 00:00:07.929090,40.69642171788395,1,COMPLETE
105,0.02364718871669358,0.4658690459150233,2026-07-07 14:03:10.557754,2026-07-07 14:03:18.485426,0 days 00:00:07.927672,87.14247929128707,1,COMPLETE
106,0.009125987893763399,0.46828386630377694,2026-07-07 14:03:10.559506,2026-07-07 14:03:14.256373,0 days 00:00:03.696867,9.992857092950707,1,COMPLETE
107,0.02295650291979473,0.4659954182546143,2026-07-07 14:03:10.560816,2026-07-07 14:03:18.673767,0 days 00:00:08.112951,84.07815535451269,1,COMPLETE
108,0.019365660752088287,0.466533807285441,2026-07-07 14:03:10.566691,2026-07-07 14:03:19.020114,0 days 00:00:08.453423,53.619422208337795,1,COMPLETE
109,0.020752827244718774,0.4662753888287479,2026-07-07 14:03:10.567354,2026-07-07 14:03:20.710334,0 days 00:00:10.142980,67.75140947259221,1,COMPLETE
110,0.024080655814663676,0.46575851932449025,2026-07-07 14:03:10.568145,2026-07-07 14:03:22.542411,0 days 00:00:11.974266,90.64796390435595,1,COMPLETE
111,0.015317022022202087,0.4670095776774039,2026-07-07 14:03:10.568581,2026-07-07 14:03:18.507953,0 days 00:00:07.939372,5.744584510750578,1,COMPLETE
112,0.012651167987774936,0.46758240998593065,2026-07-07 14:03:10.571338,2026-07-07 14:03:12.892413,0 days 00:00:02.321075,33.06244168812569,1,COMPLETE
113,0.022943409429920514,0.46599459267841403,2026-07-07 14:03:10.572312,2026-07-07 14:03:19.515388,0 days 00:00:08.943076,83.9415646209292,1,COMPLETE
114,0.015333293738332143,0.46699152289818235,2026-07-07 14:03:10.572484,2026-07-07 14:03:17.717724,0 days 00:00:07.145240,3.5685779249066045,1,COMPLETE
115,0.024367323212177106,0.4657085798107361,2026-07-07 14:03:10.572852,2026-07-07 14:03:23.036736,0 days 00:00:12.463884,90.80843774987494,1,COMPLETE
116,0.02000071219944688,0.46640622663559916,2026-07-07 14:03:10.573647,2026-07-07 14:03:19.185149,0 days 00:00:08.611502,53.762451707478434,1,COMPLETE
117,0.017773070925013956,0.4668948652047823,2026-07-07 14:03:10.574040,2026-07-07 14:03:17.724029,0 days 00:00:07.149989,22.629607356093242,1,COMPLETE
118,0.024165406909954112,0.4657599294524756,2026-07-07 14:03:10.574385,2026-07-07 14:03:19.189397,0 days 00:00:08.615012,88.8977216633886,1,COMPLETE
119,0.025173445154247298,0.46567076096518056,2026-07-07 14:03:10.574544,2026-07-07 14:03:18.495000,0 days 00:00:07.920456,96.95545443508827,1,COMPLETE
120,0.02474590284323469,0.4656997387665815,2026-07-07 14:03:10.575444,2026-07-07 14:03:21.214764,0 days 00:00:10.639320,92.11738135883493,1,COMPLETE
121,0.015914845187923743,0.4669475805828981,2026-07-07 14:03:10.576366,2026-07-07 14:03:12.897398,0 days 00:00:02.321032,4.2722265034982145,1,COMPLETE
122,0.014469876517316071,0.4672140734977056,2026-07-07 14:03:10.579057,2026-07-07 14:03:18.423817,0 days 00:00:07.844760,33.58911967074098,1,COMPLETE
123,0.014883084194008633,0.46687213503246816,2026-07-07 14:03:10.583398,2026-07-07 14:03:18.504336,0 days 00:00:07.920938,8.540942519596024,1,COMPLETE
124,0.024239059841912658,0.46574668979845274,2026-07-07 14:03:10.584205,2026-07-07 14:03:18.681819,0 days 00:00:08.097614,89.25458336995423,1,COMPLETE
125,0.022314818439172712,0.4659925024096889,2026-07-07 14:03:10.584580,2026-07-07 14:03:19.180372,0 days 00:00:08.595792,69.51173186248911,1,COMPLETE
126,0.017523680675092246,0.4668552797744313,2026-07-07 14:03:10.585035,2026-07-07 14:03:21.042484,0 days 00:00:10.457449,48.305527155939004,1,COMPLETE
127,0.017181811638671662,0.46697556641935734,2026-07-07 14:03:10.585998,2026-07-07 14:03:15.788746,0 days 00:00:05.202748,51.6644116238524,1,COMPLETE
128,0.01666080608879489,0.4667668028022718,2026-07-07 14:03:10.586777,2026-07-07 14:03:22.053225,0 days 00:00:11.466448,27.439895797277064,1,COMPLETE
129,0.016223521974431,0.46699541145433116,2026-07-07 14:03:10.587393,2026-07-07 14:03:21.398971,0 days 00:00:10.811578,52.82843175385883,1,COMPLETE
130,0.0136374062737592,0.46771300584206815,2026-07-07 14:03:10.587843,2026-07-07 14:03:19.701102,0 days 00:00:09.113259,20.77547709780372,1,COMPLETE
131,0.0169639603701513,0.4668809022419749,2026-07-07 14:03:10.588212,2026-07-07 14:03:18.681110,0 days 00:00:08.092898,52.86981863003648,1,COMPLETE
132,0.005125720484932594,0.4690131993930253,2026-07-07 14:03:10.588376,2026-07-07 14:03:20.695842,0 days 00:00:10.107466,10.839823806405663,1,COMPLETE
133,0.01920768791028049,0.46647701024587107,2026-07-07 14:03:10.590906,2026-07-07 14:03:20.691364,0 days 00:00:10.100458,53.94294136582314,1,COMPLETE
134,0.015340502429435687,0.4671493615740777,2026-07-07 14:03:10.592297,2026-07-07 14:03:16.115385,0 days 00:00:05.523088,34.18098502462814,1,COMPLETE
135,0.012988462960143887,0.4674498133141175,2026-07-07 14:03:10.594449,2026-07-07 14:03:20.687596,0 days 00:00:10.093147,7.802988073496397,1,COMPLETE
136,0.01990508700858573,0.46659958909783117,2026-07-07 14:03:11.527771,2026-07-07 14:03:21.561192,0 days 00:00:10.033421,62.6008603148133,1,COMPLETE
137,0.01952116463977327,0.46637120521309283,2026-07-07 14:03:12.023917,2026-07-07 14:03:22.711295,0 days 00:00:10.687378,75.02494689713859,1,COMPLETE
138,0.017290501881699616,0.46691638281119663,2026-07-07 14:03:13.575609,2026-07-07 14:03:23.552076,0 days 00:00:09.976467,48.23889093096555,1,COMPLETE
139,0.01091372002555252,0.4678286595085026,2026-07-07 14:03:13.910243,2026-07-07 14:03:24.261077,0 days 00:00:10.350834,8.801097516758924,1,COMPLETE
140,0.021464121905203526,0.4661465538630186,2026-07-07 14:03:13.916292,2026-07-07 14:03:21.565047,0 days 00:00:07.648755,66.03292836260212,1,COMPLETE
141,0.017196528675868072,0.4669540224642114,2026-07-07 14:03:14.264023,2026-07-07 14:03:25.403993,0 days 00:00:11.139970,50.12590567986455,1,COMPLETE
142,0.016479419867331924,0.46709367996230283,2026-07-07 14:03:14.270017,2026-07-07 14:03:21.380406,0 days 00:00:07.110389,35.24752680898726,1,COMPLETE
143,0.018901002309031023,0.4666511923411975,2026-07-07 14:03:14.433646,2026-07-07 14:03:24.448652,0 days 00:00:10.015006,49.38989732938499,1,COMPLETE
144,0.023345869065534985,0.46594851155415756,2026-07-07 14:03:14.609949,2026-07-07 14:03:24.251263,0 days 00:00:09.641314,86.13700524172809,1,COMPLETE
145,0.025040697544231882,0.4656846019871914,2026-07-07 14:03:14.616089,2026-07-07 14:03:24.432362,0 days 00:00:09.816273,93.33561059118615,1,COMPLETE
146,0.016666357788433006,0.46656173275197244,2026-07-07 14:03:14.624673,2026-07-07 14:03:24.436671,0 days 00:00:09.811998,3.1920468737249745,1,COMPLETE
147,0.016061499548662872,0.46703160448786885,2026-07-07 14:03:14.637396,2026-07-07 14:03:24.231694,0 days 00:00:09.594298,38.762067134845566,1,COMPLETE
148,0.02067637499882974,0.4662273946222054,2026-07-07 14:03:14.638483,2026-07-07 14:03:24.225065,0 days 00:00:09.586582,72.04822279473456,1,COMPLETE
149,0.022303481532002623,0.46599710072682987,2026-07-07 14:03:14.643081,2026-07-07 14:03:23.359603,0 days 00:00:08.716522,69.48019060582983,1,COMPLETE
150,0.018001478884798694,0.4667610314813379,2026-07-07 14:03:14.644708,2026-07-07 14:03:27.973236,0 days 00:00:13.328528,51.38541049948438,1,COMPLETE
151,0.01835730894359211,0.4666393667788379,2026-07-07 14:03:14.645468,2026-07-07 14:03:23.578062,0 days 00:00:08.932594,50.881614464408095,1,COMPLETE
152,0.024919851131974702,0.46569708109208785,2026-07-07 14:03:15.117945,2026-07-07 14:03:25.408384,0 days 00:00:10.290439,92.89463134029505,1,COMPLETE
153,0.0247964693379083,0.46571740484836405,2026-07-07 14:03:15.432945,2026-07-07 14:03:26.230379,0 days 00:00:10.797434,98.24728503982698,1,COMPLETE
154,0.01801350132719759,0.46681005464211417,2026-07-07 14:03:15.627373,2026-07-07 14:03:25.588822,0 days 00:00:09.961449,50.25487838247889,1,COMPLETE
155,0.022314489933270176,0.4659926400298888,2026-07-07 14:03:15.786542,2026-07-07 14:03:27.239307,0 days 00:00:11.452765,69.51076669974776,1,COMPLETE
156,0.013757758571921241,0.46728670703530906,2026-07-07 14:03:15.787135,2026-07-07 14:03:27.743093,0 days 00:00:11.955958,6.803261436282795,1,COMPLETE
157,0.017210095460931107,0.46708645667900184,2026-07-07 14:03:16.108788,2026-07-07 14:03:27.738038,0 days 00:00:11.629250,45.88832544495149,1,COMPLETE
158,0.01676211455449106,0.46694316701763255,2026-07-07 14:03:17.558395,2026-07-07 14:03:27.953059,0 days 00:00:10.394664,53.00576200140596,1,COMPLETE
159,0.016912131260474694,0.4670097315312702,2026-07-07 14:03:17.737217,2026-07-07 14:03:27.962782,0 days 00:00:10.225565,48.242079123541,1,COMPLETE
160,0.020174408445957692,0.46629498604485997,2026-07-07 14:03:17.738052,2026-07-07 14:03:25.591172,0 days 00:00:07.853120,73.89099862844348,1,COMPLETE
161,0.01858221460542292,0.466664463929206,2026-07-07 14:03:18.221948,2026-07-07 14:03:27.936661,0 days 00:00:09.714713,34.68476036313096,1,COMPLETE
162,0.017571338772995104,0.46688597087313255,2026-07-07 14:03:18.485185,2026-07-07 14:03:27.952754,0 days 00:00:09.467569,49.93117064385459,1,COMPLETE
163,0.010141091156720516,0.4678626564755302,2026-07-07 14:03:18.508108,2026-07-07 14:03:27.940897,0 days 00:00:09.432789,5.708867008876773,1,COMPLETE
164,0.013942973556313465,0.46745055855813106,2026-07-07 14:03:18.510710,2026-07-07 14:03:27.949302,0 days 00:00:09.438592,31.359335063112656,1,COMPLETE
165,0.012925615835714444,0.4676015744526816,2026-07-07 14:03:18.863772,2026-07-07 14:03:24.436389,0 days 00:00:05.572617,18.33258186381113,1,COMPLETE
166,0.020689160605845247,0.46624994230771954,2026-07-07 14:03:19.018418,2026-07-07 14:03:31.828432,0 days 00:00:12.810014,70.72951078534837,1,COMPLETE
167,0.02410522042094637,0.4657829014443199,2026-07-07 14:03:19.020366,2026-07-07 14:03:21.564607,0 days 00:00:02.544241,88.21555840154065,1,COMPLETE
168,0.02182519884521328,0.4660564549916612,2026-07-07 14:03:19.187669,2026-07-07 14:03:30.099954,0 days 00:00:10.912285,70.19512808087367,1,COMPLETE
169,0.01440723241684122,0.4673579996376425,2026-07-07 14:03:19.189556,2026-07-07 14:03:28.647819,0 days 00:00:09.458263,43.43299234967088,1,COMPLETE
170,0.016116779207991594,0.4666967208082624,2026-07-07 14:03:19.353755,2026-07-07 14:03:24.442308,0 days 00:00:05.088553,4.342454422926316,1,COMPLETE
171,0.0153387937062901,0.4671400352821522,2026-07-07 14:03:19.354403,2026-07-07 14:03:30.593036,0 days 00:00:11.238633,30.224581220309435,1,COMPLETE
172,0.01446534201790245,0.46743625375824327,2026-07-07 14:03:19.355325,2026-07-07 14:03:30.807638,0 days 00:00:11.452313,4.340144304847704,1,COMPLETE
173,0.017305708535499065,0.46675843837689324,2026-07-07 14:03:19.692664,2026-07-07 14:03:29.134779,0 days 00:00:09.442115,25.806735865369586,1,COMPLETE
174,0.024223084091961722,0.46574126335959165,2026-07-07 14:03:19.693288,2026-07-07 14:03:28.973758,0 days 00:00:09.280470,89.77709135583312,1,COMPLETE
175,0.02062806652841387,0.46634459556666946,2026-07-07 14:03:19.694255,2026-07-07 14:03:30.606379,0 days 00:00:10.912124,60.93640087121758,1,COMPLETE
176,0.022193069886846106,0.46599163108081304,2026-07-07 14:03:19.701427,2026-07-07 14:03:27.216741,0 days 00:00:07.515314,69.98754272436649,1,COMPLETE
177,0.018953504888108708,0.46669751815810356,2026-07-07 14:03:19.707834,2026-07-07 14:03:31.834285,0 days 00:00:12.126451,59.902735191735054,1,COMPLETE
178,0.013853207539900714,0.46721537791589296,2026-07-07 14:03:19.865929,2026-07-07 14:03:28.639585,0 days 00:00:08.773656,9.017576784076299,1,COMPLETE
179,0.023233447176104094,0.4659713825610224,2026-07-07 14:03:19.866532,2026-07-07 14:03:28.461915,0 days 00:00:08.595383,85.64507162600525,1,COMPLETE
180,0.024224821077822756,0.46574132885724095,2026-07-07 14:03:20.175672,2026-07-07 14:03:31.752623,0 days 00:00:11.576951,89.74499632500635,1,COMPLETE
181,0.07214067463297147,0.4576816517518878,2026-07-07 14:03:20.517314,2026-07-07 14:03:31.772891,0 days 00:00:11.255577,0.7395350041074749,1,COMPLETE
182,0.016282927167342642,0.4669769061785604,2026-07-07 14:03:20.676869,2026-07-07 14:03:29.295077,0 days 00:00:08.618208,24.572315095235197,1,COMPLETE
183,0.021940652711778974,0.46606179701130035,2026-07-07 14:03:20.697307,2026-07-07 14:03:29.936810,0 days 00:00:09.239503,65.77269172007259,2,COMPLETE
184,0.02006369349145537,0.46655230519217844,2026-07-07 14:03:20.702091,2026-07-07 14:03:31.823299,0 days 00:00:11.121208,62.47430301664625,2,COMPLETE
185,0.0188785849463855,0.46661882398831167,2026-07-07 14:03:20.873984,2026-07-07 14:03:30.610354,0 days 00:00:09.736370,40.86959875721536,2,COMPLETE
186,0.022174212222442757,0.4660656181681675,2026-07-07 14:03:21.044386,2026-07-07 14:03:30.627525,0 days 00:00:09.583139,81.40579422396614,2,COMPLETE
187,0.017554638922306798,0.46688905051593,2026-07-07 14:03:21.381768,2026-07-07 14:03:28.302610,0 days 00:00:06.920842,49.93279978731695,2,COMPLETE
188,0.0010269407076005654,0.46989474817383503,2026-07-07 14:03:21.386299,2026-07-07 14:03:28.975509,0 days 00:00:07.589210,4.742618846150641,2,COMPLETE
189,0.023846424610224348,0.46584839700437203,2026-07-07 14:03:21.390185,2026-07-07 14:03:33.172481,0 days 00:00:11.782296,87.67720781692874,2,COMPLETE
190,0.02476675984536919,0.46570261014684683,2026-07-07 14:03:21.392492,2026-07-07 14:03:26.407931,0 days 00:00:05.015439,92.30358870212957,2,COMPLETE
191,0.017974115804650803,0.46694038322018194,2026-07-07 14:03:21.554612,2026-07-07 14:03:30.796162,0 days 00:00:09.241550,43.93395646503489,2,COMPLETE
192,0.01612118942658264,0.4670211257247434,2026-07-07 14:03:21.739442,2026-07-07 14:03:32.692362,0 days 00:00:10.952920,38.009964225589044,2,COMPLETE
193,0.01037958535642397,0.4681355801628078,2026-07-07 14:03:21.740546,2026-07-07 14:03:28.976930,0 days 00:00:07.236384,15.760612324244768,2,COMPLETE
194,0.019556508590464483,0.4663628180016152,2026-07-07 14:03:22.214792,2026-07-07 14:03:27.212377,0 days 00:00:04.997585,75.0760327121476,2,COMPLETE
195,0.024173335365361592,0.4657626814297733,2026-07-07 14:03:22.215541,2026-07-07 14:03:32.365785,0 days 00:00:10.150244,88.59137707570132,2,COMPLETE
196,0.02028271196833259,0.46639309544877466,2026-07-07 14:03:22.216333,2026-07-07 14:03:31.434680,0 days 00:00:09.218347,61.37748944983312,2,COMPLETE
197,0.023614106581462013,0.46587995568681756,2026-07-07 14:03:22.542133,2026-07-07 14:03:32.034616,0 days 00:00:09.492483,87.00738015292826,2,COMPLETE
198,0.01764393305879214,0.4667617631956712,2026-07-07 14:03:22.701983,2026-07-07 14:03:32.016945,0 days 00:00:09.314962,24.221615277720094,2,COMPLETE
199,0.013806664839456195,0.46744444995451034,2026-07-07 14:03:22.703133,2026-07-07 14:03:32.369190,0 days 00:00:09.666057,37.64452368755246,2,COMPLETE
200,0.01910536529516549,0.4666847321821499,2026-07-07 14:03:22.703703,2026-07-07 14:03:31.846095,0 days 00:00:09.142392,59.25368477108644,2,COMPLETE
201,0.015983765069797096,0.46709768444056277,2026-07-07 14:03:23.031665,2026-07-07 14:03:32.364414,0 days 00:00:09.332749,42.43631978329097,2,COMPLETE
202,0.025227525010924345,0.4656664215288327,2026-07-07 14:03:23.557059,2026-07-07 14:03:32.205160,0 days 00:00:08.648101,94.2200070961214,2,COMPLETE
203,0.019411059925840635,0.4664704450200121,2026-07-07 14:03:23.586533,2026-07-07 14:03:34.340930,0 days 00:00:10.754397,41.326210379681115,2,COMPLETE
204,0.013113783304151083,0.46751022087122707,2026-07-07 14:03:24.056174,2026-07-07 14:03:34.520474,0 days 00:00:10.464300,3.2897079984784043,2,COMPLETE
205,0.02511387815041255,0.46567923302231484,2026-07-07 14:03:24.252895,2026-07-07 14:03:34.180195,0 days 00:00:09.927300,97.24633663090377,2,COMPLETE
206,0.022583724290841434,0.4660180924185393,2026-07-07 14:03:24.431847,2026-07-07 14:03:31.851554,0 days 00:00:07.419707,82.18304471878331,2,COMPLETE
207,0.02108986736620344,0.46620844523979194,2026-07-07 14:03:24.609346,2026-07-07 14:03:34.544703,0 days 00:00:09.935357,67.9683308592051,2,COMPLETE
208,0.019219922054470595,0.46657431675036437,2026-07-07 14:03:24.926399,2026-07-07 14:03:38.041708,0 days 00:00:13.115309,58.3989517792517,2,COMPLETE
209,0.025158112752429407,0.46567279759979835,2026-07-07 14:03:25.407734,2026-07-07 14:03:34.550593,0 days 00:00:09.142859,97.01834891629166,2,COMPLETE
210,0.021424768046971965,0.46615320057194143,2026-07-07 14:03:25.570256,2026-07-07 14:03:35.058501,0 days 00:00:09.488245,68.24409439615756,2,COMPLETE
211,0.019634064481305558,0.4664057763074032,2026-07-07 14:03:25.571354,2026-07-07 14:03:34.539644,0 days 00:00:08.968290,55.44408952143386,2,COMPLETE
212,0.020488529933185784,0.46629319985727025,2026-07-07 14:03:26.217421,2026-07-07 14:03:35.593318,0 days 00:00:09.375897,76.66578438223378,2,COMPLETE
213,0.008559225339549448,0.4682304700955734,2026-07-07 14:03:26.217903,2026-07-07 14:03:35.413252,0 days 00:00:09.195349,10.694335889680422,2,COMPLETE
214,0.022537403831917047,0.4660232952287189,2026-07-07 14:03:26.229918,2026-07-07 14:03:34.538092,0 days 00:00:08.308174,82.08849827497869,2,COMPLETE
215,0.029009652508772077,0.46379853905210255,2026-07-07 14:03:26.743497,2026-07-07 14:03:37.527478,0 days 00:00:10.783981,1.3681956609830503,2,COMPLETE
216,0.020835959063251974,0.4662325378748861,2026-07-07 14:03:27.212256,2026-07-07 14:03:38.225104,0 days 00:00:11.012848,67.31958470929676,2,COMPLETE
217,0.035737173779888776,0.4629769792242565,2026-07-07 14:03:27.230403,2026-07-07 14:03:36.228263,0 days 00:00:08.997860,0.9343534276375698,2,COMPLETE
218,0.01938456430027674,0.4664039950342511,2026-07-07 14:03:27.232979,2026-07-07 14:03:35.400457,0 days 00:00:08.167478,74.78144803424632,2,COMPLETE
219,0.0214078880495589,0.46615712020618094,2026-07-07 14:03:27.234678,2026-07-07 14:03:34.542934,0 days 00:00:07.308256,79.72573058391868,2,COMPLETE
220,0.025408445474816466,0.46564475993925847,2026-07-07 14:03:27.571072,2026-07-07 14:03:38.390458,0 days 00:00:10.819386,95.19865209410214,2,COMPLETE
221,0.02050031323087642,0.4662637677269534,2026-07-07 14:03:27.973558,2026-07-07 14:03:36.232467,0 days 00:00:08.258909,71.00945481588444,2,COMPLETE
222,0.021090596459561628,0.4662078350256497,2026-07-07 14:03:28.302514,2026-07-07 14:03:39.453197,0 days 00:00:11.150683,66.19596224091727,2,COMPLETE
223,0.018214618736476618,0.46671643744413793,2026-07-07 14:03:28.304478,2026-07-07 14:03:38.625606,0 days 00:00:10.321128,49.10457356476642,2,COMPLETE
224,0.017009819657137604,0.46703666375291064,2026-07-07 14:03:28.651007,2026-07-07 14:03:39.281978,0 days 00:00:10.630971,43.23015256706042,2,COMPLETE
225,0.021529436279187186,0.4661330339441843,2026-07-07 14:03:28.971144,2026-07-07 14:03:39.451352,0 days 00:00:10.480208,79.45542254146085,2,COMPLETE
226,0.020734585902746627,0.4662551368595557,2026-07-07 14:03:28.971928,2026-07-07 14:03:34.569905,0 days 00:00:05.597977,66.38158278255187,2,COMPLETE
227,0.010369770253685462,0.4678307645657327,2026-07-07 14:03:29.133601,2026-07-07 14:03:38.628056,0 days 00:00:09.494455,15.669801695579544,2,COMPLETE
228,0.022707480831496152,0.46601191370634953,2026-07-07 14:03:29.134354,2026-07-07 14:03:38.605608,0 days 00:00:09.471254,82.65896239073683,2,COMPLETE
229,0.013081433909840734,0.46761396649245635,2026-07-07 14:03:29.134988,2026-07-07 14:03:39.444540,0 days 00:00:10.309552,15.52168518376297,2,COMPLETE
230,0.17584429719673839,0.44368469025999235,2026-07-07 14:03:29.137896,2026-07-07 14:03:41.440717,0 days 00:00:12.302821,0.2108743756284346,2,COMPLETE
231,0.023023858552984222,0.4660014851685978,2026-07-07 14:03:29.138486,2026-07-07 14:03:39.469070,0 days 00:00:10.330584,84.74759395627439,2,COMPLETE
232,0.013552558818442473,0.46755582348697766,2026-07-07 14:03:29.773429,2026-07-07 14:03:41.475658,0 days 00:00:11.702229,21.252803725617838,2,COMPLETE
233,0.019658069163762726,0.46656821140866467,2026-07-07 14:03:29.774001,2026-07-07 14:03:34.518180,0 days 00:00:04.744179,61.903843505073084,2,COMPLETE
234,0.006808158887847138,0.4688726969350082,2026-07-07 14:03:29.775757,2026-07-07 14:03:39.459339,0 days 00:00:09.683582,11.962814339850691,2,COMPLETE
235,0.013797144805312633,0.4673331328319868,2026-07-07 14:03:29.779144,2026-07-07 14:03:42.318838,0 days 00:00:12.539694,3.5561654024444525,2,COMPLETE
236,0.01618498975561966,0.46707004094671745,2026-07-07 14:03:29.780706,2026-07-07 14:03:39.789868,0 days 00:00:10.009162,36.64855236982538,2,COMPLETE
237,0.02422120746512496,0.465741250840598,2026-07-07 14:03:30.100261,2026-07-07 14:03:44.220350,0 days 00:00:14.120089,89.80731986788831,2,COMPLETE
238,0.011102517005610546,0.4679051628999776,2026-07-07 14:03:30.106615,2026-07-07 14:03:42.136528,0 days 00:00:12.029913,15.90674233431016,2,COMPLETE
239,0.016723135205812534,0.46709572027141255,2026-07-07 14:03:30.270601,2026-07-07 14:03:38.402574,0 days 00:00:08.131973,43.27671069598027,2,COMPLETE
240,0.02423039442751379,0.46574366941799644,2026-07-07 14:03:30.275163,2026-07-07 14:03:41.471592,0 days 00:00:11.196429,89.45750232165203,2,COMPLETE
241,-0.00571854969801866,0.47152737834246927,2026-07-07 14:03:30.276083,2026-07-07 14:03:39.447155,0 days 00:00:09.171072,5.634016500679936,2,COMPLETE
242,0.01994531322909504,0.46646523142304785,2026-07-07 14:03:30.631332,2026-07-07 14:03:41.472400,0 days 00:00:10.841068,35.00585353794222,2,COMPLETE
243,0.020531834060761922,0.46649108864827915,2026-07-07 14:03:30.634399,2026-07-07 14:03:34.562411,0 days 00:00:03.928012,62.90674426015482,2,COMPLETE
244,0.025011375988693074,0.4656904605954578,2026-07-07 14:03:31.123978,2026-07-07 14:03:41.251960,0 days 00:00:10.127982,97.78121784676317,2,COMPLETE
245,0.01698832106344711,0.4666322543849851,2026-07-07 14:03:31.752496,2026-07-07 14:03:35.408228,0 days 00:00:03.655732,2.5432665815827242,2,COMPLETE
246,0.021201382028613935,0.466175912147803,2026-07-07 14:03:31.766805,2026-07-07 14:03:42.973779,0 days 00:00:11.206974,78.40336235089171,2,COMPLETE
247,0.025064005957626367,0.4656855684231036,2026-07-07 14:03:31.771654,2026-07-07 14:03:42.307788,0 days 00:00:10.536134,97.56718783854592,2,COMPLETE
248,0.01046857044205407,0.4677456205231376,2026-07-07 14:03:31.840506,2026-07-07 14:03:42.305615,0 days 00:00:10.465109,15.541819336264314,2,COMPLETE
249,0.01888100298131118,0.466611037830561,2026-07-07 14:03:31.851444,2026-07-07 14:03:43.700350,0 days 00:00:11.848906,34.639401449329704,2,COMPLETE
250,0.019232544817761266,0.46667077857640693,2026-07-07 14:03:32.032426,2026-07-07 14:03:42.331161,0 days 00:00:10.298735,42.63244225029218,2,COMPLETE
251,0.01131376524002331,0.4677984928127791,2026-07-07 14:03:32.037481,2026-07-07 14:03:43.865502,0 days 00:00:11.828021,17.79159184786215,2,COMPLETE
252,0.025163828808304478,0.4656726862417042,2026-07-07 14:03:32.042152,2026-07-07 14:03:38.608552,0 days 00:00:06.566400,93.93366245940379,2,COMPLETE
253,0.010166038600724292,0.4681517225092756,2026-07-07 14:03:32.202646,2026-07-07 14:03:44.893090,0 days 00:00:12.690444,15.959094701393667,2,COMPLETE
254,0.024149385798865886,0.4657627763610724,2026-07-07 14:03:32.366258,2026-07-07 14:03:42.995973,0 days 00:00:10.629715,89.00272585872338,2,COMPLETE
255,0.01418327227900923,0.4674497528295569,2026-07-07 14:03:32.367388,2026-07-07 14:03:44.896264,0 days 00:00:12.528876,18.511957668994157,2,COMPLETE
256,0.015818886123390608,0.4667377916242685,2026-07-07 14:03:32.368275,2026-07-07 14:03:43.529557,0 days 00:00:11.161282,3.0448003619518036,2,COMPLETE
257,0.010475590044877137,0.46816868542935053,2026-07-07 14:03:32.691530,2026-07-07 14:03:43.323525,0 days 00:00:10.631995,12.370869246675175,2,COMPLETE
258,0.0064967785245329535,0.4688644041919563,2026-07-07 14:03:32.692000,2026-07-07 14:03:43.859547,0 days 00:00:11.167547,6.605248666018534,2,COMPLETE
259,0.020783042333764323,0.46621704032662725,2026-07-07 14:03:32.692996,2026-07-07 14:03:38.641010,0 days 00:00:05.948014,71.42025154301521,2,COMPLETE
260,0.020208909194489866,0.4662877348093253,2026-07-07 14:03:32.849910,2026-07-07 14:03:43.866740,0 days 00:00:11.016830,73.86174437750192,2,COMPLETE
261,0.015888587107955987,0.46710680950597533,2026-07-07 14:03:33.005488,2026-07-07 14:03:42.141827,0 days 00:00:09.136339,53.37399723551975,2,COMPLETE
262,0.02118369015836541,0.46619031174254866,2026-07-07 14:03:33.484908,2026-07-07 14:03:44.724405,0 days 00:00:11.239497,68.02394842013487,2,COMPLETE
263,0.024558740004439528,0.46569525401551515,2026-07-07 14:03:33.642667,2026-07-07 14:03:40.264347,0 days 00:00:06.621680,91.25977435874847,2,COMPLETE
264,0.008353082166779768,0.46858825629113027,2026-07-07 14:03:33.643535,2026-07-07 14:03:46.207379,0 days 00:00:12.563844,5.254176111528014,2,COMPLETE
265,0.020270247301078848,0.46630781330954685,2026-07-07 14:03:33.800561,2026-07-07 14:03:43.338090,0 days 00:00:09.537529,77.39481171211081,2,COMPLETE
266,0.022147606129551023,0.4660406127265114,2026-07-07 14:03:33.808945,2026-07-07 14:03:42.318678,0 days 00:00:08.509733,65.06111985445372,2,COMPLETE
267,0.02061172432124253,0.4662463424873816,2026-07-07 14:03:34.571464,2026-07-07 14:03:46.209724,0 days 00:00:11.638260,71.59437957992849,2,COMPLETE
268,0.008696632260437098,0.46827311567555474,2026-07-07 14:03:35.422365,2026-07-07 14:03:38.621719,0 days 00:00:03.199354,12.250239559223848,2,COMPLETE
269,0.018214316749982806,0.46666760289742426,2026-07-07 14:03:35.424977,2026-07-07 14:03:45.064708,0 days 00:00:09.639731,50.7486979598051,2,COMPLETE
270,0.02331298782566199,0.4659577508308184,2026-07-07 14:03:35.582104,2026-07-07 14:03:43.336058,0 days 00:00:07.753954,86.00039446850836,2,COMPLETE
271,0.017867217112768452,0.4668973652043132,2026-07-07 14:03:35.583155,2026-07-07 14:03:49.832229,0 days 00:00:14.249074,43.76543192920198,2,COMPLETE
272,0.019089126250050326,0.4665758486001601,2026-07-07 14:03:35.583705,2026-07-07 14:03:41.262659,0 days 00:00:05.678954,53.59378826596353,2,COMPLETE
273,0.012647503604867327,0.4678064047158334,2026-07-07 14:03:35.597325,2026-07-07 14:03:40.768768,0 days 00:00:05.171443,21.939334381391397,2,COMPLETE
274,0.005298672801496651,0.4687975818044466,2026-07-07 14:03:35.598092,2026-07-07 14:03:44.218363,0 days 00:00:08.620271,10.792269837450187,2,COMPLETE
275,0.020729726707980345,0.4662549373814294,2026-07-07 14:03:35.754233,2026-07-07 14:03:47.220064,0 days 00:00:11.465831,66.39743455870057,2,COMPLETE
276,0.024982867383809837,0.46569064838851937,2026-07-07 14:03:35.756814,2026-07-07 14:03:47.536395,0 days 00:00:11.779581,93.09500547886502,2,COMPLETE
277,0.01327031830104719,0.46724435923877783,2026-07-07 14:03:36.389884,2026-07-07 14:03:43.161184,0 days 00:00:06.771300,15.286950300495311,2,COMPLETE
278,0.025067944676564036,0.46568200687403427,2026-07-07 14:03:36.391766,2026-07-07 14:03:44.559124,0 days 00:00:08.167358,93.47203667690796,2,COMPLETE
279,0.021961616993936006,0.46608644655756193,2026-07-07 14:03:36.558349,2026-07-07 14:03:46.223868,0 days 00:00:09.665519,64.82821749535861,2,COMPLETE
280,0.016163775323476626,0.46721410951370435,2026-07-07 14:03:36.720210,2026-07-07 14:03:47.537465,0 days 00:00:10.817255,43.01626301249092,2,COMPLETE
281,0.006990597627871464,0.4686379821811282,2026-07-07 14:03:36.728390,2026-07-07 14:03:46.432616,0 days 00:00:09.704226,10.432464407077946,2,COMPLETE
282,0.014715397972837274,0.467130170385977,2026-07-07 14:03:36.729335,2026-07-07 14:03:46.434388,0 days 00:00:09.705053,8.309574917689686,2,COMPLETE
283,0.013559666705381224,0.46756382211831693,2026-07-07 14:03:36.733233,2026-07-07 14:03:50.044037,0 days 00:00:13.310804,19.330445218753272,2,COMPLETE
284,0.0070247594141819025,0.4686043047811443,2026-07-07 14:03:37.702971,2026-07-07 14:03:44.204802,0 days 00:00:06.501831,13.406611516069736,2,COMPLETE
285,0.023665982013214737,0.4658620834273629,2026-07-07 14:03:37.705130,2026-07-07 14:03:43.702504,0 days 00:00:05.997374,87.24477782221389,2,COMPLETE
286,0.0206795485636993,0.46621672840392303,2026-07-07 14:03:38.960318,2026-07-07 14:03:50.239983,0 days 00:00:11.279665,72.7969679681969,3,COMPLETE
287,0.018703827556898867,0.46668664102446344,2026-07-07 14:03:39.632538,2026-07-07 14:03:50.564182,0 days 00:00:10.931644,36.158880302993865,3,COMPLETE
288,0.02053527235515573,0.4662269626051104,2026-07-07 14:03:39.790090,2026-07-07 14:03:51.053490,0 days 00:00:11.263400,73.28150119534948,3,COMPLETE
289,0.01629713066507632,0.466936907372186,2026-07-07 14:03:39.790536,2026-07-07 14:03:50.069224,0 days 00:00:10.278688,37.43582391252786,3,COMPLETE
290,0.021596234011318105,0.4661188701936083,2026-07-07 14:03:40.101184,2026-07-07 14:03:50.055918,0 days 00:00:09.954734,79.36276068439041,3,COMPLETE
291,0.020000683090563187,0.46649242215642733,2026-07-07 14:03:40.101705,2026-07-07 14:03:50.043848,0 days 00:00:09.942143,61.83412376191871,3,COMPLETE
292,0.016659092468714054,0.4670267318384488,2026-07-07 14:03:40.105573,2026-07-07 14:03:46.429776,0 days 00:00:06.324203,25.13631812493049,3,COMPLETE
293,0.014755808082005828,0.4672955572147375,2026-07-07 14:03:40.265056,2026-07-07 14:03:49.833719,0 days 00:00:09.568663,43.413304453519665,3,COMPLETE
294,0.010650808224967001,0.4677884225287907,2026-07-07 14:03:40.265783,2026-07-07 14:03:51.254021,0 days 00:00:10.988238,9.027919850312882,3,COMPLETE
295,0.017100550206629317,0.4669255707807495,2026-07-07 14:03:40.266900,2026-07-07 14:03:50.885738,0 days 00:00:10.618838,47.98233346150891,3,COMPLETE
296,0.01129523457379722,0.46767317069230513,2026-07-07 14:03:40.268568,2026-07-07 14:03:51.419297,0 days 00:00:11.150729,9.695779394821432,3,COMPLETE
297,0.011773092747050351,0.4677563292209941,2026-07-07 14:03:40.753499,2026-07-07 14:03:46.212937,0 days 00:00:05.459438,7.022007788069006,3,COMPLETE
298,0.017136847464365168,0.46697469258680424,2026-07-07 14:03:41.252276,2026-07-07 14:03:51.243253,0 days 00:00:09.990977,24.288562973799273,3,COMPLETE
299,0.018629634014185714,0.46654774964424184,2026-07-07 14:03:41.262850,2026-07-07 14:03:52.106469,0 days 00:00:10.843619,57.24252245929035,3,COMPLETE
300,0.010624154801210428,0.46784849903275627,2026-07-07 14:03:41.419122,2026-07-07 14:03:46.236878,0 days 00:00:04.817756,14.084328940945792,3,COMPLETE
301,0.01782622184586341,0.4667312476465082,2026-07-07 14:03:41.472673,2026-07-07 14:03:51.777185,0 days 00:00:10.304512,38.471448647545394,3,COMPLETE
302,0.02194511676418759,0.46609410601926915,2026-07-07 14:03:41.473585,2026-07-07 14:03:51.232161,0 days 00:00:09.758576,80.95873304397098,3,COMPLETE
303,0.005658690437501612,0.4686555611204701,2026-07-07 14:03:41.479379,2026-07-07 14:03:51.431782,0 days 00:00:09.952403,10.740667903656572,3,COMPLETE
304,0.018069291683783628,0.46673337483131205,2026-07-07 14:03:41.498556,2026-07-07 14:03:50.568724,0 days 00:00:09.070168,54.39162886803788,3,COMPLETE
305,0.022764663825078302,0.46601008650921083,2026-07-07 14:03:42.804457,2026-07-07 14:03:54.051604,0 days 00:00:11.247147,82.95750147720001,3,COMPLETE
306,0.019430198143467192,0.46639360503753063,2026-07-07 14:03:42.973988,2026-07-07 14:03:46.749462,0 days 00:00:03.775474,74.86909564168981,3,COMPLETE
307,0.019010326652228682,0.46653288844258284,2026-07-07 14:03:42.974524,2026-07-07 14:03:52.105284,0 days 00:00:09.130760,51.0952341123624,3,COMPLETE
308,0.022321533392955284,0.4659896253718587,2026-07-07 14:03:42.991401,2026-07-07 14:03:51.053093,0 days 00:00:08.061692,69.53237552322902,3,COMPLETE
309,0.02001615556011882,0.46653008364513104,2026-07-07 14:03:43.153141,2026-07-07 14:03:53.227398,0 days 00:00:10.074257,62.11886082386367,3,COMPLETE
310,0.015759451762684007,0.4670809892145114,2026-07-07 14:03:43.155843,2026-07-07 14:03:51.774696,0 days 00:00:08.618853,32.711123312957255,3,COMPLETE
311,0.015530559173566827,0.4670518201208249,2026-07-07 14:03:43.161822,2026-07-07 14:03:54.457886,0 days 00:00:11.296064,27.288140369443333,3,COMPLETE
312,0.015344823184310796,0.4672342989887875,2026-07-07 14:03:43.861212,2026-07-07 14:03:54.039409,0 days 00:00:10.178197,51.97662934684821,3,COMPLETE
313,0.016048569355345044,0.4670863240910235,2026-07-07 14:03:43.861685,2026-07-07 14:03:54.419454,0 days 00:00:10.557769,29.07437351223714,3,COMPLETE
314,0.004518137459167404,0.4690746931971659,2026-07-07 14:03:43.868362,2026-07-07 14:03:52.106982,0 days 00:00:08.238620,10.150754020428835,3,COMPLETE
315,0.017472145537948014,0.4669508953478074,2026-07-07 14:03:43.870203,2026-07-07 14:03:54.471803,0 days 00:00:10.601600,50.4461446029178,3,COMPLETE
316,0.02213715985587783,0.46604469962880307,2026-07-07 14:03:44.039846,2026-07-07 14:03:50.561476,0 days 00:00:06.521630,64.98805592444708,3,COMPLETE
317,0.017747340183814186,0.466720140295615,2026-07-07 14:03:44.040714,2026-07-07 14:03:54.417360,0 days 00:00:10.376646,41.31680521314752,3,COMPLETE
318,0.022187717431733256,0.4659923456138757,2026-07-07 14:03:44.041891,2026-07-07 14:03:54.405816,0 days 00:00:10.363925,69.99253302818937,3,COMPLETE
319,0.01768830636689539,0.4667602936831187,2026-07-07 14:03:44.198269,2026-07-07 14:03:54.478238,0 days 00:00:10.279969,54.9862782760595,3,COMPLETE
320,0.02231150020463679,0.4660488086098526,2026-07-07 14:03:44.199669,2026-07-07 14:03:54.461004,0 days 00:00:10.261335,81.67183944320251,3,COMPLETE
321,0.019239591877734386,0.4661501470015199,2026-07-07 14:03:44.210317,2026-07-07 14:03:54.475830,0 days 00:00:10.265513,5.897297570777808,3,COMPLETE
322,0.017765529341333963,0.46678755180194376,2026-07-07 14:03:44.210743,2026-07-07 14:03:50.727365,0 days 00:00:06.516622,47.854760491405,3,COMPLETE
323,0.018566828453773665,0.46674435804517117,2026-07-07 14:03:44.221711,2026-07-07 14:03:51.606068,0 days 00:00:07.384357,49.60903045065757,3,COMPLETE
324,0.01642072113672821,0.4670682274470738,2026-07-07 14:03:44.380822,2026-07-07 14:03:54.413291,0 days 00:00:10.032469,35.4389847630693,3,COMPLETE
325,0.02536803283554767,0.4656500311658607,2026-07-07 14:03:44.381355,2026-07-07 14:03:54.487746,0 days 00:00:10.106391,94.88302410076507,3,COMPLETE
326,0.011649901731459744,0.46756201409569176,2026-07-07 14:03:44.387313,2026-07-07 14:03:50.883020,0 days 00:00:06.495707,7.369000384190415,3,COMPLETE
327,0.019180922857462146,0.4667090707275622,2026-07-07 14:03:44.550968,2026-07-07 14:03:54.958131,0 days 00:00:10.407163,34.87949726929636,3,COMPLETE
328,0.0175226579823059,0.46664562681226496,2026-07-07 14:03:44.554603,2026-07-07 14:03:52.265102,0 days 00:00:07.710499,19.074362763582343,3,COMPLETE
329,0.01617495396694202,0.4670728001338166,2026-07-07 14:03:44.564348,2026-07-07 14:03:54.490108,0 days 00:00:09.925760,27.920056886554626,3,COMPLETE
330,0.019736288010142655,0.46656523385010634,2026-07-07 14:03:44.882386,2026-07-07 14:03:54.976254,0 days 00:00:10.093868,59.780196973586555,3,COMPLETE
331,0.0177114762465993,0.46684451220390133,2026-07-07 14:03:44.882834,2026-07-07 14:03:55.136850,0 days 00:00:10.254016,46.50119482165273,3,COMPLETE
332,0.01640467218430386,0.4670541556021885,2026-07-07 14:03:44.891873,2026-07-07 14:03:55.489907,0 days 00:00:10.598034,41.94006744582209,3,COMPLETE
333,0.021966915080454952,0.4660317662534042,2026-07-07 14:03:44.905428,2026-07-07 14:03:50.567784,0 days 00:00:05.662356,70.12471647529716,3,COMPLETE
334,0.010952112167221584,0.46776213505014297,2026-07-07 14:03:44.906754,2026-07-07 14:03:50.045298,0 days 00:00:05.138544,15.04759218785651,3,COMPLETE
335,0.0244655900183256,0.46570167547142294,2026-07-07 14:03:45.220702,2026-07-07 14:03:54.971586,0 days 00:00:09.750884,91.05639500772389,3,COMPLETE
336,0.006638343058906038,0.4686952864276516,2026-07-07 14:03:45.532755,2026-07-07 14:03:55.137481,0 days 00:00:09.604726,10.435239675301256,3,COMPLETE
337,0.024172565466360874,0.46576296885784085,2026-07-07 14:03:45.689964,2026-07-07 14:03:56.315783,0 days 00:00:10.625819,88.58217517840652,3,COMPLETE
338,0.015238910491930602,0.46723495980847435,2026-07-07 14:03:46.002135,2026-07-07 14:03:55.488776,0 days 00:00:09.486641,31.455905701149938,3,COMPLETE
339,0.02222854943521141,0.46605575573782854,2026-07-07 14:03:46.217074,2026-07-07 14:03:56.325267,0 days 00:00:10.108193,64.52816796315578,3,COMPLETE
340,0.01548767047245464,0.4673214563779139,2026-07-07 14:03:47.222127,2026-07-07 14:03:57.647622,0 days 00:00:10.425495,35.37925614873285,3,COMPLETE
341,0.02060086181846743,0.4662470116779328,2026-07-07 14:03:47.376404,2026-07-07 14:03:57.176503,0 days 00:00:09.800099,71.0850934513233,3,COMPLETE
342,0.013989087587692906,0.4672828506808616,2026-07-07 14:03:47.380150,2026-07-07 14:03:58.920685,0 days 00:00:11.540535,37.16071894578004,3,COMPLETE
343,0.023930417201983578,0.4658287762936521,2026-07-07 14:03:47.536691,2026-07-07 14:03:56.818599,0 days 00:00:09.281908,87.8190484241763,3,COMPLETE
344,0.01563929909650824,0.46710948314855993,2026-07-07 14:03:48.004978,2026-07-07 14:04:02.167197,0 days 00:00:14.162219,26.838489712942373,3,COMPLETE
345,0.022212726051230536,0.46602718842180524,2026-07-07 14:03:48.009587,2026-07-07 14:03:57.651643,0 days 00:00:09.642056,65.21038620240707,3,COMPLETE
346,0.018989055488867757,0.466503608282572,2026-07-07 14:03:48.796901,2026-07-07 14:04:02.751646,0 days 00:00:13.954745,56.69777196534384,3,COMPLETE
347,0.020767627147285417,0.46645071966353,2026-07-07 14:03:48.798585,2026-07-07 14:03:56.318670,0 days 00:00:07.520085,63.137730636190085,3,COMPLETE
348,0.017038922123716438,0.4669578100176473,2026-07-07 14:03:49.127373,2026-07-07 14:04:01.600302,0 days 00:00:12.472929,23.367266675326494,3,COMPLETE
349,0.012184925320798734,0.46771155583133167,2026-07-07 14:03:49.649421,2026-07-07 14:03:58.918464,0 days 00:00:09.269043,14.80456048100994,3,COMPLETE
350,0.01071527416969914,0.46804854226734954,2026-07-07 14:03:49.653543,2026-07-07 14:03:57.654991,0 days 00:00:08.001448,14.585683170184527,3,COMPLETE
351,0.017833387616646046,0.4668434148771288,2026-07-07 14:03:50.228751,2026-07-07 14:04:01.814938,0 days 00:00:11.586187,40.65536697110804,3,COMPLETE
352,0.012409495056722009,0.4676131674716377,2026-07-07 14:03:51.230457,2026-07-07 14:04:02.010761,0 days 00:00:10.780304,14.2395022979347,3,COMPLETE
353,0.015505254003943147,0.46710323809726784,2026-07-07 14:03:51.235421,2026-07-07 14:04:02.187290,0 days 00:00:10.951869,4.51594324348937,3,COMPLETE
354,0.006008160427485476,0.46863580986603265,2026-07-07 14:03:51.428534,2026-07-07 14:04:02.748733,0 days 00:00:11.320199,13.472527488283882,3,COMPLETE
355,0.013038502874551217,0.4672993612207684,2026-07-07 14:03:51.432029,2026-07-07 14:04:02.935965,0 days 00:00:11.503936,15.482861533508737,3,COMPLETE
356,0.015413917822212408,0.46722622526552676,2026-07-07 14:03:51.447583,2026-07-07 14:04:02.348048,0 days 00:00:10.900465,52.02970089951756,3,COMPLETE
357,0.02331105451427895,0.46595831236940755,2026-07-07 14:03:51.448254,2026-07-07 14:04:01.814645,0 days 00:00:10.366391,85.99107225851252,3,COMPLETE
358,0.02002005393581746,0.4659195452617688,2026-07-07 14:03:51.604786,2026-07-07 14:04:01.597462,0 days 00:00:09.992676,2.2266404185952036,3,COMPLETE
359,0.02419528146088812,0.4657428126220725,2026-07-07 14:03:51.781338,2026-07-07 14:03:56.142765,0 days 00:00:04.361427,90.07842736290006,3,COMPLETE
360,0.014843013464160282,0.4674737737030807,2026-07-07 14:03:51.781685,2026-07-07 14:04:02.521441,0 days 00:00:10.739756,20.758466595165142,3,COMPLETE
361,0.024367883377610478,0.4657696322360162,2026-07-07 14:03:51.942379,2026-07-07 14:04:02.714803,0 days 00:00:10.772424,99.94448018419978,3,COMPLETE
362,0.014740033007719922,0.4675737743473771,2026-07-07 14:03:51.946496,2026-07-07 14:04:03.289381,0 days 00:00:11.342885,21.861143956170924,3,COMPLETE
363,0.024919769207353226,0.46569708883201244,2026-07-07 14:03:51.946871,2026-07-07 14:03:56.315093,0 days 00:00:04.368222,92.89439731292777,3,COMPLETE
364,0.0220423186660344,0.46608226932469793,2026-07-07 14:03:52.104719,2026-07-07 14:04:02.931096,0 days 00:00:10.826377,81.14911920613385,3,COMPLETE
365,0.014910453675456237,0.4674289631770172,2026-07-07 14:03:52.106679,2026-07-07 14:04:02.763148,0 days 00:00:10.656469,35.94247062638662,3,COMPLETE
366,0.02056187035188145,0.46624726775675596,2026-07-07 14:03:52.268393,2026-07-07 14:03:59.430930,0 days 00:00:07.162537,71.95029184299042,3,COMPLETE
367,0.01614155985414456,0.4672593030678049,2026-07-07 14:03:52.269641,2026-07-07 14:04:02.767034,0 days 00:00:10.497393,43.91608784618566,3,COMPLETE
368,0.017850468139848696,0.4669043931305638,2026-07-07 14:03:52.270556,2026-07-07 14:04:02.715736,0 days 00:00:10.445180,43.55220043482035,3,COMPLETE
369,0.018334270832655652,0.46686617248994833,2026-07-07 14:03:52.901584,2026-07-07 14:04:02.740250,0 days 00:00:09.838666,45.05652404816948,3,COMPLETE
370,0.022634022570745205,0.4660131297095137,2026-07-07 14:03:52.902260,2026-07-07 14:04:02.187080,0 days 00:00:09.284820,82.30624407654273,3,COMPLETE
371,0.01758326114594938,0.46688376085525424,2026-07-07 14:03:53.067745,2026-07-07 14:04:03.118631,0 days 00:00:10.050886,49.93003649512258,3,COMPLETE
372,0.018844221544643547,0.4666480584607326,2026-07-07 14:03:53.230214,2026-07-07 14:03:59.901382,0 days 00:00:06.671168,43.07672843129428,3,COMPLETE
373,0.011551510834508671,0.4677732954642265,2026-07-07 14:03:53.386426,2026-07-07 14:04:02.761173,0 days 00:00:09.374747,31.836639613777447,3,COMPLETE
374,0.027800430828465783,0.4640878897985423,2026-07-07 14:03:53.388998,2026-07-07 14:04:01.848891,0 days 00:00:08.459893,1.0293809261611637,3,COMPLETE
375,0.017527752027166388,0.46679536868206445,2026-07-07 14:03:53.392016,2026-07-07 14:04:01.830510,0 days 00:00:08.438494,54.713124041177146,3,COMPLETE
376,0.01719924542734147,0.4669121749001291,2026-07-07 14:03:53.562225,2026-07-07 14:04:01.841070,0 days 00:00:08.278845,47.6214610659966,3,COMPLETE
377,0.009408365676749741,0.46804780492137726,2026-07-07 14:03:53.876292,2026-07-07 14:03:57.489494,0 days 00:00:03.613202,12.28147668953431,3,COMPLETE
378,0.02249589453976769,0.4660281111777017,2026-07-07 14:03:54.048222,2026-07-07 14:04:03.296647,0 days 00:00:09.248425,82.01083670300267,3,COMPLETE
379,0.02186864997833604,0.4660491093906435,2026-07-07 14:03:54.048675,2026-07-07 14:04:03.121599,0 days 00:00:09.072924,70.1736902896667,3,COMPLETE
380,0.021629855308681223,0.46609551000332616,2026-07-07 14:03:54.212424,2026-07-07 14:04:04.609384,0 days 00:00:10.396960,79.13011246912914,3,COMPLETE
381,0.014790151974862387,0.4672745020912664,2026-07-07 14:03:54.242382,2026-07-07 14:04:06.641375,0 days 00:00:12.398993,30.384111886873587,3,COMPLETE
382,0.02529606350055147,0.4656588395201383,2026-07-07 14:03:54.457364,2026-07-07 14:04:02.743037,0 days 00:00:08.285673,94.52347380957826,3,COMPLETE
383,0.014958641417647411,0.4672462614809798,2026-07-07 14:03:54.472435,2026-07-07 14:04:03.800077,0 days 00:00:09.327642,31.100063082505926,3,COMPLETE
384,0.018174809692591665,0.4666218544467622,2026-07-07 14:03:54.956712,2026-07-07 14:04:01.845219,0 days 00:00:06.888507,57.39565977642093,3,COMPLETE
385,0.024157822533138917,0.4657609570240214,2026-07-07 14:03:54.958011,2026-07-07 14:04:05.128228,0 days 00:00:10.170217,88.93007780350644,3,COMPLETE
386,0.015124251290382473,0.4672784092531999,2026-07-07 14:03:54.963786,2026-07-07 14:04:05.118063,0 days 00:00:10.154277,22.88456839677206,3,COMPLETE
387,0.01677052222058184,0.4671699427947511,2026-07-07 14:03:54.978502,2026-07-07 14:04:01.811022,0 days 00:00:06.832520,46.185811444950225,3,COMPLETE
388,0.017100329480775722,0.4668538222744873,2026-07-07 14:03:55.158770,2026-07-07 14:04:05.295604,0 days 00:00:10.136834,32.3217941089991,4,COMPLETE
389,0.02190894015879291,0.4660676807449767,2026-07-07 14:03:55.163931,2026-07-07 14:04:04.590679,0 days 00:00:09.426748,65.79484197454967,4,COMPLETE
390,0.020123950990309336,0.466305038794243,2026-07-07 14:03:55.329121,2026-07-07 14:04:06.277151,0 days 00:00:10.948030,73.94729254000796,4,COMPLETE
391,0.05946142925351505,0.45928482605541265,2026-07-07 14:03:55.490294,2026-07-07 14:04:07.146654,0 days 00:00:11.656360,0.8633521268205314,4,COMPLETE
392,0.02106860507437408,0.46618954822336206,2026-07-07 14:03:55.801881,2026-07-07 14:04:10.637209,0 days 00:00:14.835328,70.52057674461848,4,COMPLETE
393,0.018971277524541308,0.46670324183080847,2026-07-07 14:03:55.815106,2026-07-07 14:04:06.649731,0 days 00:00:10.834625,59.300669519699,4,COMPLETE
394,0.015334042434286432,0.4670006857645171,2026-07-07 14:03:55.825261,2026-07-07 14:04:06.295557,0 days 00:00:10.470296,3.475591970258156,4,COMPLETE
395,0.01350395640279689,0.4675527775258604,2026-07-07 14:03:55.825500,2026-07-07 14:04:07.162634,0 days 00:00:11.337134,32.129752475379725,4,COMPLETE
396,0.02287973352812389,0.46599737487733317,2026-07-07 14:03:55.982454,2026-07-07 14:04:07.478008,0 days 00:00:11.495554,83.5459467900375,4,COMPLETE
397,0.003380532903187572,0.46911671597537213,2026-07-07 14:03:56.137563,2026-07-07 14:04:07.856803,0 days 00:00:11.719240,10.890149866917254,4,COMPLETE
398,0.020602891552402136,0.466216382269393,2026-07-07 14:03:56.316249,2026-07-07 14:04:06.282595,0 days 00:00:09.966346,73.03533757677484,4,COMPLETE
399,0.014329773798432477,0.4674456135401263,2026-07-07 14:03:56.320102,2026-07-07 14:04:03.286050,0 days 00:00:06.965948,20.552289751396064,4,COMPLETE
400,0.018475317919080025,0.4665072707737923,2026-07-07 14:03:56.322136,2026-07-07 14:04:08.335701,0 days 00:00:12.013565,36.05494814109813,4,COMPLETE
401,0.01440568626918115,0.46700232959845306,2026-07-07 14:03:56.323940,2026-07-07 14:04:06.638240,0 days 00:00:10.314300,6.50028048335143,4,COMPLETE
402,0.021063447762669718,0.46638951625876457,2026-07-07 14:03:56.800659,2026-07-07 14:04:07.486644,0 days 00:00:10.685985,63.56646613460949,4,COMPLETE
403,0.02050074316096595,0.46627980951516657,2026-07-07 14:03:56.983435,2026-07-07 14:04:05.628486,0 days 00:00:08.645051,42.05204783934728,4,COMPLETE
404,0.016640339228559398,0.4671714788681935,2026-07-07 14:03:56.994687,2026-07-07 14:04:03.283972,0 days 00:00:06.289285,22.170165451721157,4,COMPLETE
405,0.011065794134648477,0.4677577017470664,2026-07-07 14:03:57.000093,2026-07-07 14:04:07.866084,0 days 00:00:10.865991,17.533396070429152,4,COMPLETE
406,0.02047028403179524,0.4663253272906714,2026-07-07 14:03:57.813532,2026-07-07 14:04:11.908714,0 days 00:00:14.095182,77.44542444909413,4,COMPLETE
407,0.021122872937433423,0.46620308739466987,2026-07-07 14:03:58.756767,2026-07-07 14:04:11.904927,0 days 00:00:13.148160,66.17624325019317,4,COMPLETE
408,0.017515029861348785,0.4668129944464214,2026-07-07 14:03:59.394560,2026-07-07 14:04:11.495948,0 days 00:00:12.101388,36.33140648677344,4,COMPLETE
409,0.01769371903482364,0.46676540669775657,2026-07-07 14:03:59.420260,2026-07-07 14:04:06.292800,0 days 00:00:06.872540,54.53452542796928,4,COMPLETE
410,0.01996796863003636,0.4665404247736943,2026-07-07 14:03:59.588265,2026-07-07 14:04:11.495751,0 days 00:00:11.907486,62.195156749212586,4,COMPLETE
411,0.010883694152761025,0.4680008254546432,2026-07-07 14:04:00.056533,2026-07-07 14:04:09.995882,0 days 00:00:09.939349,14.397831411463867,4,COMPLETE
412,0.025245340701774976,0.4656618837387619,2026-07-07 14:04:00.059002,2026-07-07 14:04:09.015251,0 days 00:00:08.956249,96.67906703588032,4,COMPLETE
413,0.020542418396377715,0.46625371401795257,2026-07-07 14:04:01.108573,2026-07-07 14:04:11.518670,0 days 00:00:10.410097,71.85702209204644,4,COMPLETE
414,0.02417747614621435,0.46576094302323,2026-07-07 14:04:01.112752,2026-07-07 14:04:09.186107,0 days 00:00:08.073355,88.65613705135138,4,COMPLETE
415,0.019827006436719086,0.466370778476649,2026-07-07 14:04:01.807565,2026-07-07 14:04:08.841045,0 days 00:00:07.033480,39.49663244451141,4,COMPLETE
416,0.018205355948169855,0.46681041445392474,2026-07-07 14:04:02.348267,2026-07-07 14:04:11.326390,0 days 00:00:08.978123,44.00937647966833,4,COMPLETE
417,0.024475804482001207,0.4657570834953676,2026-07-07 14:04:02.506483,2026-07-07 14:04:09.364547,0 days 00:00:06.858064,99.18352252372418,4,COMPLETE
418,0.025388752890270594,0.4656460243938788,2026-07-07 14:04:02.511795,2026-07-07 14:04:12.078963,0 days 00:00:09.567168,95.9825326040303,4,COMPLETE
419,0.008868771049323931,0.46828695517612556,2026-07-07 14:04:02.741787,2026-07-07 14:04:07.504338,0 days 00:00:04.762551,10.409404106656806,4,COMPLETE
420,0.021665739556371244,0.4661274800441394,2026-07-07 14:04:02.742872,2026-07-07 14:04:11.902351,0 days 00:00:09.159479,80.42116376442334,4,COMPLETE
421,0.02100112022651862,0.4662023269589742,2026-07-07 14:04:02.763302,2026-07-07 14:04:12.569680,0 days 00:00:09.806378,60.28223906592503,4,COMPLETE
422,0.01780818131818096,0.46682939558541314,2026-07-07 14:04:02.766857,2026-07-07 14:04:12.257154,0 days 00:00:09.490297,49.35741353776095,4,COMPLETE
423,0.01623271377185176,0.4670180069917431,2026-07-07 14:04:02.768400,2026-07-07 14:04:12.567700,0 days 00:00:09.799300,25.286858895189866,4,COMPLETE
424,0.00614164100423592,0.46886876718073733,2026-07-07 14:04:02.930377,2026-07-07 14:04:13.268643,0 days 00:00:10.338266,13.249988123872408,4,COMPLETE
425,0.025383171453956632,0.46564810237412546,2026-07-07 14:04:03.113190,2026-07-07 14:04:11.332063,0 days 00:00:08.218873,94.97929586837523,4,COMPLETE
426,0.021463702742103352,0.46611672304687435,2026-07-07 14:04:03.122639,2026-07-07 14:04:12.098395,0 days 00:00:08.975756,70.35250583974475,4,COMPLETE
427,0.009012908046637957,0.4683538892118381,2026-07-07 14:04:03.281937,2026-07-07 14:04:11.867568,0 days 00:00:08.585631,16.464973564225776,4,COMPLETE
428,0.023666481506540216,0.4658561667594141,2026-07-07 14:04:03.300436,2026-07-07 14:04:16.650601,0 days 00:00:13.350165,87.31882019793743,4,COMPLETE
429,0.015348562340949112,0.4672001350014625,2026-07-07 14:04:03.300956,2026-07-07 14:04:07.515173,0 days 00:00:04.214217,53.20838275783195,4,COMPLETE
430,0.018189371343313443,0.46677109458995575,2026-07-07 14:04:03.457901,2026-07-07 14:04:11.908571,0 days 00:00:08.450670,40.83758520645073,4,COMPLETE
431,0.020634268466771466,0.466261865788694,2026-07-07 14:04:03.458988,2026-07-07 14:04:08.181860,0 days 00:00:04.722872,77.9033591570392,4,COMPLETE
432,0.016642988574618767,0.4669554237651709,2026-07-07 14:04:03.616791,2026-07-07 14:04:12.098185,0 days 00:00:08.481394,26.603989032526513,4,COMPLETE
433,0.005745490100931394,0.46900057080141166,2026-07-07 14:04:03.617421,2026-07-07 14:04:07.865540,0 days 00:00:04.248119,13.563645725607824,4,COMPLETE
434,0.022139691248338034,0.4660348113657671,2026-07-07 14:04:03.635510,2026-07-07 14:04:13.898044,0 days 00:00:10.262534,69.04078323908571,4,COMPLETE
435,0.024756321897637712,0.4657016982698847,2026-07-07 14:04:03.637573,2026-07-07 14:04:16.986447,0 days 00:00:13.348874,92.22691362998127,4,COMPLETE
436,0.021881856391307686,0.4654063543611574,2026-07-07 14:04:03.638065,2026-07-07 14:04:11.509798,0 days 00:00:07.871733,1.883048507137831,4,COMPLETE
437,0.017324791090074343,0.46676107111459153,2026-07-07 14:04:03.796060,2026-07-07 14:04:11.852792,0 days 00:00:08.056732,25.011605772605133,4,COMPLETE
438,0.0183094415565887,0.4668047049269949,2026-07-07 14:04:03.800473,2026-07-07 14:04:05.458262,0 days 00:00:01.657789,43.625302304940405,4,COMPLETE
439,0.023597830090810512,0.4658853018284048,2026-07-07 14:04:04.112737,2026-07-07 14:04:09.016848,0 days 00:00:04.904111,86.93054593876568,4,COMPLETE
440,0.013092731839152327,0.4673572899209161,2026-07-07 14:04:04.268538,2026-07-07 14:04:14.218273,0 days 00:00:09.949735,9.136767217655192,4,COMPLETE
441,0.01570286156195977,0.4672734787700963,2026-07-07 14:04:04.424519,2026-07-07 14:04:10.158730,0 days 00:00:05.734211,46.93287084018368,4,COMPLETE
442,0.0217875546377696,0.4661127351569339,2026-07-07 14:04:04.424844,2026-07-07 14:04:12.771970,0 days 00:00:08.347126,80.65094309963247,4,COMPLETE
443,0.023109305924010504,0.4659892553970231,2026-07-07 14:04:04.615596,2026-07-07 14:04:12.946446,0 days 00:00:08.330850,85.04431520034017,4,COMPLETE
444,0.009518129091566574,0.468296642031821,2026-07-07 14:04:04.616416,2026-07-07 14:04:10.668720,0 days 00:00:06.052304,19.57157149598495,4,COMPLETE
445,0.02454498467805155,0.4657147139605361,2026-07-07 14:04:04.622668,2026-07-07 14:04:14.060536,0 days 00:00:09.437868,91.40650027718713,4,COMPLETE
446,0.02120095906237135,0.4662069269538188,2026-07-07 14:04:05.627877,2026-07-07 14:04:16.648915,0 days 00:00:11.021038,61.046267018113824,4,COMPLETE
447,0.017407075313792375,0.466919845694284,2026-07-07 14:04:05.629566,2026-07-07 14:04:16.653485,0 days 00:00:11.023919,48.63055148156287,4,COMPLETE
448,0.01621868631124951,0.4671839500996303,2026-07-07 14:04:06.099570,2026-07-07 14:04:15.894648,0 days 00:00:09.795078,46.573184583754646,4,COMPLETE
449,0.02318017819470336,0.4659800003945984,2026-07-07 14:04:06.287313,2026-07-07 14:04:16.127022,0 days 00:00:09.839709,85.39411588669144,4,COMPLETE
450,0.009321057429889257,0.46820684597228424,2026-07-07 14:04:06.296751,2026-07-07 14:04:16.082796,0 days 00:00:09.786045,14.554428430226356,4,COMPLETE
451,0.007283935100140249,0.4686055173595658,2026-07-07 14:04:06.640370,2026-07-07 14:04:16.085993,0 days 00:00:09.445623,12.63128300471958,4,COMPLETE
452,0.02472397498622736,0.46569713959252174,2026-07-07 14:04:06.648765,2026-07-07 14:04:16.661853,0 days 00:00:10.013088,91.93242387223687,4,COMPLETE
453,0.025403492102383185,0.4656454347504304,2026-07-07 14:04:06.650299,2026-07-07 14:04:16.115086,0 days 00:00:09.464787,95.14472058574754,4,COMPLETE
454,0.015918616399419716,0.4670829774851244,2026-07-07 14:04:07.141810,2026-07-07 14:04:09.363124,0 days 00:00:02.221314,37.533113179639756,4,COMPLETE
455,0.019988801087645558,0.4665373076723066,2026-07-07 14:04:07.152308,2026-07-07 14:04:18.722762,0 days 00:00:11.570454,62.20826718833908,4,COMPLETE
456,0.013032286675340066,0.4674132813973011,2026-07-07 14:04:07.154925,2026-07-07 14:04:16.648243,0 days 00:00:09.493318,17.353436530464,4,COMPLETE
457,0.021597583770006368,0.4660973609432012,2026-07-07 14:04:07.319858,2026-07-07 14:04:16.308882,0 days 00:00:08.989024,79.07175003155426,4,COMPLETE
458,0.016422563757822528,0.46703339037581704,2026-07-07 14:04:07.492345,2026-07-07 14:04:16.287045,0 days 00:00:08.794700,37.78513615475766,4,COMPLETE
459,0.015791510852613655,0.4670568605471023,2026-07-07 14:04:07.868059,2026-07-07 14:04:18.125785,0 days 00:00:10.257726,38.193158834560954,4,COMPLETE
460,0.02453273645548598,0.46575162126012404,2026-07-07 14:04:08.180477,2026-07-07 14:04:16.981780,0 days 00:00:08.801303,98.90098951205484,4,COMPLETE
461,0.009275641828918602,0.46814153441475126,2026-07-07 14:04:08.335463,2026-07-07 14:04:17.462424,0 days 00:00:09.126961,14.012277042317356,4,COMPLETE
462,0.022879468939145886,0.46599739712913396,2026-07-07 14:04:08.337809,2026-07-07 14:04:18.336540,0 days 00:00:09.998731,83.54480476110662,4,COMPLETE
463,0.019770374914597044,0.466311794716327,2026-07-07 14:04:08.341733,2026-07-07 14:04:18.333104,0 days 00:00:09.991371,75.74455727286454,4,COMPLETE
464,0.021436004623237193,0.4661510703099577,2026-07-07 14:04:08.346346,2026-07-07 14:04:15.214422,0 days 00:00:06.868076,79.60465795595036,4,COMPLETE
465,0.0166261997331158,0.46693545317473295,2026-07-07 14:04:08.503447,2026-07-07 14:04:18.532627,0 days 00:00:10.029180,52.98279412889838,4,COMPLETE
466,0.01589726666436858,0.46705131433482955,2026-07-07 14:04:08.510332,2026-07-07 14:04:18.713808,0 days 00:00:10.203476,27.23693790660205,4,COMPLETE
467,0.013224562756054381,0.4676641563375282,2026-07-07 14:04:08.669138,2026-07-07 14:04:18.721603,0 days 00:00:10.052465,31.077386527875614,4,COMPLETE
468,0.007237303389648064,0.4684512995881128,2026-07-07 14:04:08.837797,2026-07-07 14:04:18.539562,0 days 00:00:09.701765,13.305864579356529,4,COMPLETE
469,0.017077464992744207,0.46698907330060346,2026-07-07 14:04:09.000389,2026-07-07 14:04:18.357529,0 days 00:00:09.357140,24.419701832668693,4,COMPLETE
470,0.0226554471694852,0.46601150046244216,2026-07-07 14:04:09.002663,2026-07-07 14:04:15.893874,0 days 00:00:06.891211,82.37178772719191,4,COMPLETE
471,0.017015923065448746,0.46690675808337134,2026-07-07 14:04:09.184150,2026-07-07 14:04:18.699477,0 days 00:00:09.515327,23.07671177478867,4,COMPLETE
472,0.019776733655766876,0.46631279928511804,2026-07-07 14:04:09.186570,2026-07-07 14:04:19.195775,0 days 00:00:10.009205,75.82043455002675,4,COMPLETE
473,0.019098612951821303,0.46657306813501803,2026-07-07 14:04:10.154080,2026-07-07 14:04:18.701633,0 days 00:00:08.547553,40.606001818161126,4,COMPLETE
474,0.01123442877918096,0.46791740550902866,2026-07-07 14:04:10.630185,2026-07-07 14:04:20.734920,0 days 00:00:10.104735,15.661837945204875,4,COMPLETE
475,0.02030647624608445,0.4663342954226165,2026-07-07 14:04:10.641707,2026-07-07 14:04:19.845971,0 days 00:00:09.204264,40.40541994293952,4,COMPLETE
476,0.014214970268583815,0.46727768621693716,2026-07-07 14:04:10.646811,2026-07-07 14:04:15.903717,0 days 00:00:05.256906,16.831133741086077,4,COMPLETE
477,0.020287655523814008,0.46639166257079334,2026-07-07 14:04:10.843358,2026-07-07 14:04:20.728674,0 days 00:00:09.885316,61.373824650409624,4,COMPLETE
478,0.015189240497240575,0.4672666996981676,2026-07-07 14:04:11.505225,2026-07-07 14:04:21.534834,0 days 00:00:10.029609,51.89351019890819,4,COMPLETE
479,0.02337948179396998,0.4659397796521261,2026-07-07 14:04:11.507821,2026-07-07 14:04:21.539238,0 days 00:00:10.031417,86.24480832399938,4,COMPLETE
480,0.022354528830152764,0.46597199318025684,2026-07-07 14:04:11.518207,2026-07-07 14:04:20.708281,0 days 00:00:09.190074,69.67773325880628,4,COMPLETE
481,0.017366832687181588,0.4668521696371557,2026-07-07 14:04:11.683934,2026-07-07 14:04:20.740573,0 days 00:00:09.056639,42.08087807826022,4,COMPLETE
482,0.01821283412217717,0.46684113279505457,2026-07-07 14:04:11.876153,2026-07-07 14:04:16.471693,0 days 00:00:04.595540,59.49570013822596,4,COMPLETE
483,0.011923586281140763,0.46776637487439193,2026-07-07 14:04:11.888763,2026-07-07 14:04:20.370868,0 days 00:00:08.482105,11.256419520777527,4,COMPLETE
484,0.0181562500716293,0.4666135882954549,2026-07-07 14:04:11.904318,2026-07-07 14:04:23.197208,0 days 00:00:11.292890,57.69023442677083,4,COMPLETE
485,0.013248995220593529,0.46745545465454,2026-07-07 14:04:11.913841,2026-07-07 14:04:23.239417,0 days 00:00:11.325576,38.44378578665862,4,COMPLETE
486,0.009640307304474627,0.4683301176031608,2026-07-07 14:04:12.082406,2026-07-07 14:04:22.012010,0 days 00:00:09.929604,5.9122684914039025,4,COMPLETE
487,0.016199513344309413,0.4670818248077748,2026-07-07 14:04:12.089245,2026-07-07 14:04:23.252740,0 days 00:00:11.163495,38.990991497745476,4,COMPLETE
488,0.02140861415719575,0.46615752649938946,2026-07-07 14:04:12.096335,2026-07-07 14:04:21.542473,0 days 00:00:09.446138,79.77342003444326,4,COMPLETE
489,0.015587494031492344,0.4671437081208669,2026-07-07 14:04:12.567980,2026-07-07 14:04:17.791496,0 days 00:00:05.223516,53.152400206979834,5,COMPLETE
490,0.018886817807613587,0.4665714854420655,2026-07-07 14:04:12.570117,2026-07-07 14:04:23.024884,0 days 00:00:10.454767,55.29703349651333,5,COMPLETE
491,0.01761881491735351,0.46676154741794806,2026-07-07 14:04:12.577155,2026-07-07 14:04:21.538673,0 days 00:00:08.961518,36.515530679659065,5,COMPLETE
492,0.021098299314462554,0.4662182742056429,2026-07-07 14:04:12.582928,2026-07-07 14:04:24.086774,0 days 00:00:11.503846,61.02392664048252,5,COMPLETE
493,0.013585633138784303,0.4674722211377174,2026-07-07 14:04:12.741936,2026-07-07 14:04:22.694423,0 days 00:00:09.952487,28.576218090036146,5,COMPLETE
494,0.019387424555319832,0.4664034165202585,2026-07-07 14:04:12.742892,2026-07-07 14:04:24.089370,0 days 00:00:11.346478,74.78630374687383,5,COMPLETE
495,0.024414656295104975,0.4657065850133012,2026-07-07 14:04:12.745731,2026-07-07 14:04:23.222063,0 days 00:00:10.476332,90.9667770597002,5,COMPLETE
496,0.011629902416466276,0.4675217281486582,2026-07-07 14:04:12.761348,2026-07-07 14:04:23.218117,0 days 00:00:10.456769,8.678550396287179,5,COMPLETE
497,0.012058409534039971,0.4677986701565904,2026-07-07 14:04:12.761540,2026-07-07 14:04:22.167331,0 days 00:00:09.405791,15.14647873051618,5,COMPLETE
498,0.013677441802173673,0.4673990999762256,2026-07-07 14:04:12.930318,2026-07-07 14:04:22.192676,0 days 00:00:09.262358,33.021368614299334,5,COMPLETE
499,0.02019154873383111,0.46629130314475,2026-07-07 14:04:12.940561,2026-07-07 14:04:23.599339,0 days 00:00:10.658778,73.87946288256511,5,COMPLETE
500,0.02076481579313133,0.4662018987564809,2026-07-07 14:04:12.943315,2026-07-07 14:04:23.241489,0 days 00:00:10.298174,72.64517863565906,5,COMPLETE
501,0.018183441922502985,0.4667273719826301,2026-07-07 14:04:12.949313,2026-07-07 14:04:23.212882,0 days 00:00:10.263569,34.90030244242795,5,COMPLETE
502,0.01001953815980905,0.4678907896221567,2026-07-07 14:04:14.054697,2026-07-07 14:04:23.597255,0 days 00:00:09.542558,6.846053032770291,5,COMPLETE
503,0.01416216221826111,0.4676703826364301,2026-07-07 14:04:14.217113,2026-07-07 14:04:24.091591,0 days 00:00:09.874478,21.92690158830531,5,COMPLETE
504,0.024845513721297563,0.4657027241006896,2026-07-07 14:04:14.376960,2026-07-07 14:04:20.353917,0 days 00:00:05.976957,92.67428561260347,5,COMPLETE
505,0.024931033389159918,0.46569600517237786,2026-07-07 14:04:15.016871,2026-07-07 14:04:23.250710,0 days 00:00:08.233839,92.92693005556839,5,COMPLETE
506,0.019072185332743796,0.46674036385611256,2026-07-07 14:04:15.205301,2026-07-07 14:04:27.767434,0 days 00:00:12.562133,58.97821515411672,5,COMPLETE
507,0.015368618782163779,0.4671954789085919,2026-07-07 14:04:15.218132,2026-07-07 14:04:24.094661,0 days 00:00:08.876529,53.20090218230992,5,COMPLETE
508,0.020830141628633225,0.46625757252192906,2026-07-07 14:04:15.384074,2026-07-07 14:04:28.628363,0 days 00:00:13.244289,77.03330841448101,5,COMPLETE
509,0.016331416226377737,0.4669698797678782,2026-07-07 14:04:16.819750,2026-07-07 14:04:27.989105,0 days 00:00:11.169355,25.813146782793847,5,COMPLETE
510,0.11026290784223813,0.45260938585737354,2026-07-07 14:04:17.773815,2026-07-07 14:04:27.032740,0 days 00:00:09.258925,0.48574608086995164,5,COMPLETE
511,0.015300404220066233,0.46728932151029856,2026-07-07 14:04:17.774358,2026-07-07 14:04:27.783613,0 days 00:00:10.009255,27.97222728985795,5,COMPLETE
512,0.017073331492826305,0.46698558005180835,2026-07-07 14:04:17.786338,2026-07-07 14:04:24.414487,0 days 00:00:06.628149,45.5482215818953,5,COMPLETE
513,0.02038272573881439,0.46630529194647463,2026-07-07 14:04:17.787162,2026-07-07 14:04:27.770802,0 days 00:00:09.983640,66.71197438600059,5,COMPLETE
514,0.019319627475071155,0.46668142022206155,2026-07-07 14:04:17.790941,2026-07-07 14:04:27.817082,0 days 00:00:10.026141,58.94527919658713,5,COMPLETE
515,0.020544727393483342,0.46648891668886006,2026-07-07 14:04:17.795433,2026-07-07 14:04:27.571799,0 days 00:00:09.776366,62.91691565776011,5,COMPLETE
516,0.014122420235557653,0.4672689644460734,2026-07-07 14:04:17.795872,2026-07-07 14:04:27.992373,0 days 00:00:10.196501,31.9836243009672,5,COMPLETE
517,0.025380202873272473,0.4656484833969845,2026-07-07 14:04:17.796716,2026-07-07 14:04:27.208274,0 days 00:00:09.411558,94.95921040774036,5,COMPLETE
518,0.012378693110605576,0.4675141204482697,2026-07-07 14:04:17.803424,2026-07-07 14:04:28.002453,0 days 00:00:10.199029,6.965962072367054,5,COMPLETE
519,0.014766046154559398,0.46733446154503866,2026-07-07 14:04:17.961754,2026-07-07 14:04:29.986394,0 days 00:00:12.024640,31.485217577723237,5,COMPLETE
520,0.024538473506626635,0.4657509776722836,2026-07-07 14:04:18.124418,2026-07-07 14:04:29.487051,0 days 00:00:11.362633,98.87970300136627,5,COMPLETE
521,0.00372790001383394,0.46905290896394547,2026-07-07 14:04:18.143685,2026-07-07 14:04:27.771198,0 days 00:00:09.627513,10.884926921353566,5,COMPLETE
522,0.013909453212360534,0.46728462669926735,2026-07-07 14:04:18.146966,2026-07-07 14:04:27.789545,0 days 00:00:09.642579,38.41601737161431,5,COMPLETE
523,0.014186103109295578,0.46732652820104537,2026-07-07 14:04:18.154578,2026-07-07 14:04:27.986627,0 days 00:00:09.832049,33.08229739862681,5,COMPLETE
524,0.016564214740592775,0.4670308123025096,2026-07-07 14:04:18.167902,2026-07-07 14:04:28.803239,0 days 00:00:10.635337,37.21594097403663,5,COMPLETE
525,0.020295200630527754,0.466389566758866,2026-07-07 14:04:18.168545,2026-07-07 14:04:27.794126,0 days 00:00:09.625581,61.36911617172114,5,COMPLETE
526,0.019561122124624686,0.4663617301391264,2026-07-07 14:04:18.338833,2026-07-07 14:04:27.025615,0 days 00:00:08.686782,75.08252908230972,5,COMPLETE
527,0.024423589125693257,0.4657611635446941,2026-07-07 14:04:18.355082,2026-07-07 14:04:30.321357,0 days 00:00:11.966275,99.69018812163534,5,COMPLETE
528,0.018624267570261366,0.4660147459943471,2026-07-07 14:04:18.698455,2026-07-07 14:04:29.831100,0 days 00:00:11.132645,3.3441627881729654,5,COMPLETE
529,0.02047707791614134,0.46625558324039906,2026-07-07 14:04:18.725644,2026-07-07 14:04:27.585525,0 days 00:00:08.859881,55.60851733549106,5,COMPLETE
530,0.016624566646977257,0.46688347656211154,2026-07-07 14:04:19.195574,2026-07-07 14:04:28.820706,0 days 00:00:09.625132,39.318538830373576,5,COMPLETE
531,0.02105945111678653,0.4661913087152135,2026-07-07 14:04:19.525271,2026-07-07 14:04:27.817912,0 days 00:00:08.292641,70.52550752203618,5,COMPLETE
532,0.02455709277441054,0.46571309993195736,2026-07-07 14:04:20.013033,2026-07-07 14:04:28.631908,0 days 00:00:08.618875,91.42363322847118,5,COMPLETE
533,0.025089040084902037,0.46567984877473967,2026-07-07 14:04:20.170042,2026-07-07 14:04:29.321576,0 days 00:00:09.151534,93.57662936804184,5,COMPLETE
534,0.015739067821166297,0.46725915659211875,2026-07-07 14:04:20.171249,2026-07-07 14:04:30.335228,0 days 00:00:10.163979,22.448000826699193,5,COMPLETE
535,0.014062900894706576,0.4674521627930486,2026-07-07 14:04:20.173707,2026-07-07 14:04:30.319512,0 days 00:00:10.145805,38.6378020802897,5,COMPLETE
536,0.02007822546363952,0.46643893127700903,2026-07-07 14:04:20.374049,2026-07-07 14:04:29.664024,0 days 00:00:09.289975,61.693909677141114,5,COMPLETE
537,0.019188606282736942,0.4664716803391753,2026-07-07 14:04:20.379388,2026-07-07 14:04:32.535282,0 days 00:00:12.155894,56.46456728290697,5,COMPLETE
538,0.016288978942343713,0.4670284597672104,2026-07-07 14:04:20.381491,2026-07-07 14:04:28.637230,0 days 00:00:08.255739,32.93961257342265,5,COMPLETE
539,0.006460948695406865,0.46863864779290687,2026-07-07 14:04:20.722033,2026-07-07 14:04:32.179090,0 days 00:00:11.457057,10.644752304403958,5,COMPLETE
540,0.019632763027369826,0.46640880130510964,2026-07-07 14:04:20.747236,2026-07-07 14:04:31.171338,0 days 00:00:10.424102,39.39563448394624,5,COMPLETE
541,0.012102825363883796,0.46790285271888754,2026-07-07 14:04:21.533548,2026-07-07 14:04:30.856385,0 days 00:00:09.322837,21.290862286232237,5,COMPLETE
542,0.024460446787074486,0.4657578290295455,2026-07-07 14:04:21.541961,2026-07-07 14:04:34.909101,0 days 00:00:13.367140,99.32653207276859,5,COMPLETE
543,0.014010287457626225,0.4673358914251838,2026-07-07 14:04:22.166904,2026-07-07 14:04:28.007037,0 days 00:00:05.840133,30.38199525674278,5,COMPLETE
544,0.0234773751805048,0.4659160449307572,2026-07-07 14:04:22.176514,2026-07-07 14:04:33.569439,0 days 00:00:11.392925,86.57562488453225,5,COMPLETE
545,0.018459724613012485,0.4667127011373166,2026-07-07 14:04:22.195593,2026-07-07 14:04:32.727042,0 days 00:00:10.531449,51.32067531598141,5,COMPLETE
546,0.020615941159608686,0.4662272397426128,2026-07-07 14:04:22.864260,2026-07-07 14:04:38.309485,0 days 00:00:15.445225,72.88342257044458,5,COMPLETE
547,0.024705103192355138,0.46572987385621256,2026-07-07 14:04:23.026706,2026-07-07 14:04:32.745303,0 days 00:00:09.718597,98.42853553724434,5,COMPLETE
548,0.025393796802227753,0.46564556532878126,2026-07-07 14:04:23.186715,2026-07-07 14:04:32.750967,0 days 00:00:09.564252,95.94114062388691,5,COMPLETE
549,0.02076300666116443,0.4662275968130981,2026-07-07 14:04:23.240994,2026-07-07 14:04:32.744827,0 days 00:00:09.503833,71.27362210154845,5,COMPLETE
550,0.02421078552779754,0.46574168996672666,2026-07-07 14:04:23.253085,2026-07-07 14:04:30.847519,0 days 00:00:07.594434,89.93543562978087,5,COMPLETE
551,0.00970298020757493,0.468079829353414,2026-07-07 14:04:23.417929,2026-07-07 14:04:31.485123,0 days 00:00:08.067194,16.239147413900966,5,COMPLETE
552,0.013943749342718414,0.46758287211502014,2026-07-07 14:04:23.418792,2026-07-07 14:04:33.738388,0 days 00:00:10.319596,35.89866014411892,5,COMPLETE
553,0.011447494384518253,0.46777320916444953,2026-07-07 14:04:23.424838,2026-07-07 14:04:34.590551,0 days 00:00:11.165713,13.675197778134674,5,COMPLETE
554,0.01436155517561255,0.46778402539042196,2026-07-07 14:04:23.426168,2026-07-07 14:04:32.559011,0 days 00:00:09.132843,20.83311626504838,5,COMPLETE
555,0.024137690127980838,0.46574613975472806,2026-07-07 14:04:23.594476,2026-07-07 14:04:34.258281,0 days 00:00:10.663805,90.45830460939608,5,COMPLETE
556,0.01976048594957508,0.4663150040282034,2026-07-07 14:04:23.600977,2026-07-07 14:04:33.747141,0 days 00:00:10.146164,75.42444291000713,5,COMPLETE
557,0.014439923305735514,0.4675613251991354,2026-07-07 14:04:23.602888,2026-07-07 14:04:37.806455,0 days 00:00:14.203567,28.30885594316082,5,COMPLETE
558,0.06474432785496637,0.45862379240043316,2026-07-07 14:04:23.603471,2026-07-07 14:04:27.045987,0 days 00:00:03.442516,0.8095077583711462,5,COMPLETE
559,0.02444206754429007,0.46575875814473594,2026-07-07 14:04:23.603647,2026-07-07 14:04:32.208262,0 days 00:00:08.604615,99.55818585705046,5,COMPLETE
560,0.01989458255377452,0.466360757068072,2026-07-07 14:04:23.604580,2026-07-07 14:04:36.966611,0 days 00:00:13.362031,41.39096839509849,5,COMPLETE
561,0.0242305448530048,0.4657434250907228,2026-07-07 14:04:23.759596,2026-07-07 14:04:32.737168,0 days 00:00:08.977572,89.4780417261089,5,COMPLETE
562,0.007924964152816794,0.4685483716261189,2026-07-07 14:04:23.919368,2026-07-07 14:04:38.685563,0 days 00:00:14.766195,31.74563997313296,5,COMPLETE
563,0.01672574017280165,0.4671510097492445,2026-07-07 14:04:24.728800,2026-07-07 14:04:32.750728,0 days 00:00:08.021928,47.28760403416319,5,COMPLETE
564,0.016124316505908454,0.46704043409298707,2026-07-07 14:04:24.898737,2026-07-07 14:04:34.582116,0 days 00:00:09.683379,34.126992705405044,5,COMPLETE
565,0.013888750319975607,0.4674675883033629,2026-07-07 14:04:25.217640,2026-07-07 14:04:30.342566,0 days 00:00:05.124926,30.065939815346617,5,COMPLETE
566,0.020878753205038403,0.46618882772285786,2026-07-07 14:04:25.219668,2026-07-07 14:04:31.822077,0 days 00:00:06.602409,72.27061123169653,5,COMPLETE
567,0.01942088382618551,0.46649226638366315,2026-07-07 14:04:25.375503,2026-07-07 14:04:38.482554,0 days 00:00:13.107051,58.23111760357814,5,COMPLETE
568,0.021243434859588295,0.4661790503947346,2026-07-07 14:04:25.376688,2026-07-07 14:04:37.636358,0 days 00:00:12.259670,68.05880890829229,5,COMPLETE
569,0.020286201299577755,0.4662715399288674,2026-07-07 14:04:25.382061,2026-07-07 14:04:36.587183,0 days 00:00:11.205122,73.78421347354598,5,COMPLETE
570,0.01568429957200773,0.4670044655543853,2026-07-07 14:04:26.183212,2026-07-07 14:04:36.611661,0 days 00:00:10.428449,19.09127971383865,5,COMPLETE
571,0.016745897149653355,0.4669111143184654,2026-07-07 14:04:27.035947,2026-07-07 14:04:40.524065,0 days 00:00:13.488118,23.790042997240803,5,COMPLETE
572,0.018171436649607076,0.46665285898760867,2026-07-07 14:04:27.808766,2026-07-07 14:04:41.516742,0 days 00:00:13.707976,23.266436580837457,5,COMPLETE
573,0.019483234543375194,0.4663803272418672,2026-07-07 14:04:28.003018,2026-07-07 14:04:37.983250,0 days 00:00:09.980232,74.96587146324343,5,COMPLETE
574,0.014604242455774796,0.4672929539667459,2026-07-07 14:04:28.629081,2026-07-07 14:04:39.840623,0 days 00:00:11.211542,38.03633510728487,5,COMPLETE
575,0.016490682603544304,0.4669615386619125,2026-07-07 14:04:28.794027,2026-07-07 14:04:38.689119,0 days 00:00:09.895092,36.601252447004484,5,COMPLETE
576,0.01702111298051151,0.46701645514856505,2026-07-07 14:04:28.814007,2026-07-07 14:04:42.603852,0 days 00:00:13.789845,44.893934108289976,5,COMPLETE
577,0.009401926961071283,0.46801167737911853,2026-07-07 14:04:28.816349,2026-07-07 14:04:33.752930,0 days 00:00:04.936581,16.494990537376204,5,COMPLETE
578,0.015297716697366404,0.46699020633806,2026-07-07 14:04:28.818455,2026-07-07 14:04:32.751230,0 days 00:00:03.932775,7.610835460026643,5,COMPLETE
579,0.015352774763251587,0.4671970668819599,2026-07-07 14:04:28.820019,2026-07-07 14:04:32.547526,0 days 00:00:03.727507,53.22533422444974,5,COMPLETE
580,0.011710528547369203,0.46776048893500854,2026-07-07 14:04:28.825308,2026-07-07 14:04:35.608287,0 days 00:00:06.782979,14.403508184293543,5,COMPLETE
581,0.013651586971833385,0.4675213163512613,2026-07-07 14:04:28.829951,2026-07-07 14:04:36.269086,0 days 00:00:07.439135,22.417437042945604,5,COMPLETE
582,0.012677652517139482,0.46757818578291804,2026-07-07 14:04:28.832882,2026-07-07 14:04:35.431146,0 days 00:00:06.598264,33.0589818220833,5,COMPLETE
583,0.01661423939337653,0.46693460682361204,2026-07-07 14:04:29.313673,2026-07-07 14:04:35.072985,0 days 00:00:05.759312,38.14443983769656,5,COMPLETE
584,0.02052394544722297,0.46633140776890347,2026-07-07 14:04:29.315736,2026-07-07 14:04:38.496752,0 days 00:00:09.181016,61.25296173881585,5,COMPLETE
585,0.017977823811805238,0.46673143159835645,2026-07-07 14:04:29.317304,2026-07-07 14:04:42.064989,0 days 00:00:12.747685,35.14861602269075,5,COMPLETE
586,0.01886647779696282,0.46657485666851745,2026-07-07 14:04:29.318888,2026-07-07 14:04:42.607354,0 days 00:00:13.288466,55.295217158439975,5,COMPLETE
587,0.014622737933741359,0.4674994571238769,2026-07-07 14:04:29.480659,2026-07-07 14:04:35.275541,0 days 00:00:05.794882,20.578851326392005,5,COMPLETE
588,0.021514968269761625,0.4661042618126607,2026-07-07 14:04:29.491348,2026-07-07 14:04:38.685383,0 days 00:00:09.194035,78.90403667859287,5,COMPLETE
589,0.02349686666423889,0.46591111669095375,2026-07-07 14:04:29.494342,2026-07-07 14:04:34.099529,0 days 00:00:04.605187,86.64017916286731,5,COMPLETE
590,0.019271311485331566,0.46649855813093877,2026-07-07 14:04:29.654332,2026-07-07 14:04:41.497772,0 days 00:00:11.843440,55.34715778222799,5,COMPLETE
591,0.01747366593645089,0.4667133560682946,2026-07-07 14:04:29.654611,2026-07-07 14:04:39.327739,0 days 00:00:09.673128,25.718045641419614,5,COMPLETE
592,0.015125867478521071,0.4671863794280044,2026-07-07 14:04:29.826392,2026-07-07 14:04:40.020050,0 days 00:00:10.193658,37.60092070730619,5,COMPLETE
593,0.015518262094174062,0.46720892080585197,2026-07-07 14:04:29.829274,2026-07-07 14:04:38.664649,0 days 00:00:08.835375,26.863098210697927,5,COMPLETE
594,0.02165731834182083,0.466122079081112,2026-07-07 14:04:30.674080,2026-07-07 14:04:43.100613,0 days 00:00:12.426533,68.48592250257501,6,COMPLETE
595,0.009530467993687397,0.4681426873782114,2026-07-07 14:04:30.677355,2026-07-07 14:04:41.881383,0 days 00:00:11.204028,13.784760258359956,6,COMPLETE
596,0.021873437052130296,0.4660834320823157,2026-07-07 14:04:30.678725,2026-07-07 14:04:37.127554,0 days 00:00:06.448829,68.69624585331509,6,COMPLETE
597,0.016842770641249172,0.46675837246639484,2026-07-07 14:04:31.170206,2026-07-07 14:04:40.534945,0 days 00:00:09.364739,19.968829282703716,6,COMPLETE
598,0.01672574789954151,0.46714835005147126,2026-07-07 14:04:31.642984,2026-07-07 14:04:38.673441,0 days 00:00:07.030457,48.80566648918615,6,COMPLETE
599,0.015926655870111106,0.4670392003377405,2026-07-07 14:04:31.644540,2026-07-07 14:04:43.086804,0 days 00:00:11.442264,52.752528794430035,6,COMPLETE
600,0.020508897106808865,0.46628029624959283,2026-07-07 14:04:32.150368,2026-07-07 14:04:37.814310,0 days 00:00:05.663942,77.99358972158778,6,COMPLETE
601,0.02996246191562868,0.46371484387527917,2026-07-07 14:04:32.169862,2026-07-07 14:04:38.672108,0 days 00:00:06.502246,1.5057276075430468,6,COMPLETE
602,0.007866192089635515,0.4685155823855394,2026-07-07 14:04:32.171315,2026-07-07 14:04:40.520033,0 days 00:00:08.348718,11.851332405345287,6,COMPLETE
603,0.020659165204489682,0.4662205891933845,2026-07-07 14:04:32.198188,2026-07-07 14:04:36.268829,0 days 00:00:04.070641,72.81626594476282,6,COMPLETE
604,0.025224269046342784,0.46566440595730924,2026-07-07 14:04:32.367940,2026-07-07 14:04:42.586397,0 days 00:00:10.218457,96.75972227450373,6,COMPLETE
605,0.020519552469400404,0.4662357388269852,2026-07-07 14:04:32.570098,2026-07-07 14:04:38.681490,0 days 00:00:06.111392,55.80677752712232,6,COMPLETE
606,0.016496521707012213,0.46698670008094856,2026-07-07 14:04:32.726096,2026-07-07 14:04:43.262278,0 days 00:00:10.536182,38.18998321090872,6,COMPLETE
607,0.011467611981036074,0.46789817648722565,2026-07-07 14:04:32.756283,2026-07-07 14:04:45.376274,0 days 00:00:12.619991,33.348094520933884,6,COMPLETE
608,0.011380306503323723,0.46781502245843276,2026-07-07 14:04:32.757285,2026-07-07 14:04:47.451750,0 days 00:00:14.694465,16.589587310088728,6,COMPLETE
609,0.016011831415768618,0.4671850500346484,2026-07-07 14:04:33.070517,2026-07-07 14:04:42.580612,0 days 00:00:09.510095,24.583065343795663,6,COMPLETE
610,0.011224828983634305,0.4678855133306164,2026-07-07 14:04:33.392378,2026-07-07 14:04:46.549187,0 days 00:00:13.156809,31.48856886014344,6,COMPLETE
611,0.01690549989989837,0.4670054576002293,2026-07-07 14:04:33.559344,2026-07-07 14:04:43.103025,0 days 00:00:09.543681,46.411682443466255,6,COMPLETE
612,0.014466956608515713,0.46734948624181977,2026-07-07 14:04:33.564444,2026-07-07 14:04:43.091314,0 days 00:00:09.526870,29.57441398163939,6,COMPLETE
613,0.02097423562044115,0.4662497408881177,2026-07-07 14:04:33.567700,2026-07-07 14:04:42.600804,0 days 00:00:09.033104,77.51510263530167,6,COMPLETE
614,0.011563818377149926,0.46784018155509893,2026-07-07 14:04:33.741192,2026-07-07 14:04:38.484519,0 days 00:00:04.743327,18.58698799146567,6,COMPLETE
615,0.018141236993518106,0.466802800146496,2026-07-07 14:04:33.743150,2026-07-07 14:04:40.524651,0 days 00:00:06.781501,34.890203723265316,6,COMPLETE
616,0.017482293873372245,0.46693130956639095,2026-07-07 14:04:33.743623,2026-07-07 14:04:42.594695,0 days 00:00:08.851072,51.71788098306079,6,COMPLETE
617,0.02210187562960153,0.46604180509157767,2026-07-07 14:04:33.743810,2026-07-07 14:04:47.617042,0 days 00:00:13.873232,68.9818260513213,6,COMPLETE
618,0.012065315430368151,0.46781208619695086,2026-07-07 14:04:33.766459,2026-07-07 14:04:41.879448,0 days 00:00:08.112989,16.440867510894844,6,COMPLETE
619,0.015188576050350233,0.4672417890095556,2026-07-07 14:04:33.767152,2026-07-07 14:04:43.916020,0 days 00:00:10.148868,53.24724591580269,6,COMPLETE
620,0.02125429595544087,0.46618787153553326,2026-07-07 14:04:33.767671,2026-07-07 14:04:41.496645,0 days 00:00:07.728974,59.992972982932436,6,COMPLETE
621,0.02445159192018287,0.46575804353660977,2026-07-07 14:04:34.588737,2026-07-07 14:04:36.636046,0 days 00:00:02.047309,99.44670056883588,6,COMPLETE
622,0.017751976112668877,0.4667190443071341,2026-07-07 14:04:34.751675,2026-07-07 14:04:41.686274,0 days 00:00:06.934599,3.8120719296176384,6,COMPLETE
623,0.01468248617485668,0.4670270258746664,2026-07-07 14:04:34.908101,2026-07-07 14:04:47.122142,0 days 00:00:12.214041,8.460509959966455,6,COMPLETE
624,0.012920852518186587,0.4675885849563809,2026-07-07 14:04:35.432868,2026-07-07 14:04:47.291411,0 days 00:00:11.858543,7.252314903930586,6,COMPLETE
625,0.006533558129639239,0.4689626099636621,2026-07-07 14:04:35.441942,2026-07-07 14:04:46.766364,0 days 00:00:11.324422,4.70402451546782,6,COMPLETE
626,0.0217110255870539,0.4660749268608104,2026-07-07 14:04:35.448346,2026-07-07 14:04:41.709312,0 days 00:00:06.260966,70.25040870565041,6,COMPLETE
627,0.021412747551609213,0.4661572898595284,2026-07-07 14:04:36.252346,2026-07-07 14:04:52.322398,0 days 00:00:16.070052,79.81101532453727,6,COMPLETE
628,0.012235918831611015,0.46762096173738155,2026-07-07 14:04:36.610369,2026-07-07 14:04:46.767043,0 days 00:00:10.156674,7.3870141563012535,6,COMPLETE
629,0.013242641072539862,0.46737121783913627,2026-07-07 14:04:36.622330,2026-07-07 14:04:46.747310,0 days 00:00:10.124980,8.996203579307672,6,COMPLETE
630,0.025390877545200974,0.4656471049149645,2026-07-07 14:04:36.964775,2026-07-07 14:04:46.572549,0 days 00:00:09.607774,95.0351993662902,6,COMPLETE
631,0.01422760785671262,0.4673108254435043,2026-07-07 14:04:36.966493,2026-07-07 14:04:47.116591,0 days 00:00:10.150098,33.57275705919672,6,COMPLETE
632,0.0119962686526498,0.4677910889481184,2026-07-07 14:04:37.606449,2026-07-07 14:04:44.250097,0 days 00:00:06.643648,14.399008989431927,6,COMPLETE
633,0.016091307773913988,0.46709541838686564,2026-07-07 14:04:37.619359,2026-07-07 14:04:41.904845,0 days 00:00:04.285486,32.82668898863775,6,COMPLETE
634,0.0038412928824995696,0.46940527747330135,2026-07-07 14:04:37.637819,2026-07-07 14:04:47.626431,0 days 00:00:09.988612,11.758366682967528,6,COMPLETE
635,0.013192155850465126,0.4677666646613581,2026-07-07 14:04:37.811722,2026-07-07 14:04:48.467102,0 days 00:00:10.655380,35.591938997804185,6,COMPLETE
636,0.02524345207194284,0.46566474759001386,2026-07-07 14:04:37.815362,2026-07-07 14:04:47.944466,0 days 00:00:10.129104,94.29019855181663,6,COMPLETE
637,0.018673389868236356,0.46645463543502413,2026-07-07 14:04:38.140880,2026-07-07 14:04:47.292896,0 days 00:00:09.152016,3.0035132174380776,6,COMPLETE
638,0.017424172248628078,0.46690970181300384,2026-07-07 14:04:38.307825,2026-07-07 14:04:48.113858,0 days 00:00:09.806033,48.670779815927276,6,COMPLETE
639,0.025405016154820603,0.46564522852583,2026-07-07 14:04:38.314367,2026-07-07 14:04:50.936673,0 days 00:00:12.622306,95.16036315605285,6,COMPLETE
640,0.025371948087646312,0.46564766940271984,2026-07-07 14:04:38.473517,2026-07-07 14:04:49.325402,0 days 00:00:10.851885,96.09946117346023,6,COMPLETE
641,0.018047189406015185,0.46677156859215696,2026-07-07 14:04:38.846660,2026-07-07 14:04:52.347365,0 days 00:00:13.500705,43.45477982663606,6,COMPLETE
642,0.02352383906355804,0.46590406462471917,2026-07-07 14:04:39.003287,2026-07-07 14:04:49.327435,0 days 00:00:10.324148,86.73004721646097,6,COMPLETE
643,0.019956331189521115,0.4665287141975129,2026-07-07 14:04:39.166010,2026-07-07 14:04:49.651131,0 days 00:00:10.485121,62.01840746118348,6,COMPLETE
644,0.020060853639774223,0.466553088724287,2026-07-07 14:04:39.169770,2026-07-07 14:04:46.579061,0 days 00:00:07.409291,62.479497489367766,6,COMPLETE
645,0.02417916484526972,0.4657598293207799,2026-07-07 14:04:39.326357,2026-07-07 14:04:49.329225,0 days 00:00:10.002868,88.71346353456654,6,COMPLETE
646,0.011849278077044945,0.46783662620802335,2026-07-07 14:04:39.501951,2026-07-07 14:04:45.044195,0 days 00:00:05.542244,9.781112928549346,6,COMPLETE
647,0.010954262532944292,0.46806057891921277,2026-07-07 14:04:39.515161,2026-07-07 14:04:47.108669,0 days 00:00:07.593508,16.318645504804845,6,COMPLETE
648,0.02462002748591774,0.4657410731661486,2026-07-07 14:04:39.516719,2026-07-07 14:04:51.979392,0 days 00:00:12.462673,98.62986532770773,6,COMPLETE
649,0.02445885263679648,0.46575786634162364,2026-07-07 14:04:39.518188,2026-07-07 14:04:51.975758,0 days 00:00:12.457570,99.34639042870337,6,COMPLETE
650,0.018368757443556538,0.4668212537273349,2026-07-07 14:04:39.677376,2026-07-07 14:04:48.629736,0 days 00:00:08.952360,43.54390460796736,6,COMPLETE
651,0.0180397293691425,0.46682932758950857,2026-07-07 14:04:39.845524,2026-07-07 14:04:48.794555,0 days 00:00:08.949031,34.715710888248715,6,COMPLETE
652,0.014439338080496855,0.4676237469592611,2026-07-07 14:04:40.006325,2026-07-07 14:04:47.945287,0 days 00:00:07.938962,21.81272272359251,6,COMPLETE
653,0.01873200508230055,0.46655237351943574,2026-07-07 14:04:40.176860,2026-07-07 14:04:47.110682,0 days 00:00:06.933822,56.809323321948355,6,COMPLETE
654,0.02447306711345104,0.4657572617188752,2026-07-07 14:04:40.200014,2026-07-07 14:04:51.980337,0 days 00:00:11.780323,99.20427093346869,6,COMPLETE
655,0.014385728124538144,0.467153616833071,2026-07-07 14:04:40.849834,2026-07-07 14:04:51.487619,0 days 00:00:10.637785,5.8427308564865985,6,COMPLETE
656,0.01958582383027918,0.466387503299879,2026-07-07 14:04:41.488870,2026-07-07 14:04:53.512650,0 days 00:00:12.023780,57.93306920232904,6,COMPLETE
657,0.016175553505232254,0.4669941548591861,2026-07-07 14:04:41.507462,2026-07-07 14:04:51.819330,0 days 00:00:10.311868,52.78381116669417,6,COMPLETE
658,0.007136523939868633,0.4685183959979737,2026-07-07 14:04:41.700514,2026-07-07 14:04:52.160706,0 days 00:00:10.460192,11.44709042915754,6,COMPLETE
659,0.01715987866473645,0.4669116579911327,2026-07-07 14:04:41.904667,2026-07-07 14:04:53.169043,0 days 00:00:11.264376,27.267128260336047,6,COMPLETE
660,0.013069216102959691,0.46757636508104045,2026-07-07 14:04:42.063437,2026-07-07 14:04:51.993339,0 days 00:00:09.929902,33.813139683461216,6,COMPLETE
661,0.012078187589337264,0.4678309706869602,2026-07-07 14:04:42.064306,2026-07-07 14:04:51.974103,0 days 00:00:09.909797,21.9578877402862,6,COMPLETE
662,0.024657706300585502,0.46570080259352187,2026-07-07 14:04:42.065222,2026-07-07 14:04:49.976416,0 days 00:00:07.911194,91.64675561673698,6,COMPLETE
663,0.025196709257449768,0.46566952393152916,2026-07-07 14:04:42.381238,2026-07-07 14:04:49.319402,0 days 00:00:06.938164,94.08300002825926,6,COMPLETE
664,0.018883843283740986,0.46649822968691024,2026-07-07 14:04:42.383540,2026-07-07 14:04:46.938521,0 days 00:00:04.554981,54.32318559595127,6,COMPLETE
665,0.020077237087736233,0.46631418724738766,2026-07-07 14:04:42.383817,2026-07-07 14:04:48.977368,0 days 00:00:06.593551,73.9930651098388,6,COMPLETE
666,0.014634894960282807,0.4673436393701776,2026-07-07 14:04:42.397233,2026-07-07 14:04:52.339293,0 days 00:00:09.942060,22.789895733403668,6,COMPLETE
667,0.017709590053386348,0.46690367733614596,2026-07-07 14:04:42.557773,2026-07-07 14:04:48.110265,0 days 00:00:05.552492,60.749705441490555,6,COMPLETE
668,0.01763159033479933,0.4659577127567078,2026-07-07 14:04:42.578246,2026-07-07 14:04:48.994379,0 days 00:00:06.416133,3.221481837075466,6,COMPLETE
669,0.016321160593312733,0.46713341300100675,2026-07-07 14:04:42.590056,2026-07-07 14:04:53.164531,0 days 00:00:10.574475,28.382825984653447,6,COMPLETE
670,0.023190998777944005,0.4659782793753853,2026-07-07 14:04:42.591607,2026-07-07 14:04:52.333019,0 days 00:00:09.741412,85.44750313241961,6,COMPLETE
671,0.01767180924971723,0.46675088021069666,2026-07-07 14:04:42.607647,2026-07-07 14:04:51.993199,0 days 00:00:09.385552,41.27875347849336,6,COMPLETE
672,0.009010417931215708,0.468203225879718,2026-07-07 14:04:42.612338,2026-07-07 14:04:48.793363,0 days 00:00:06.181025,11.651800232028286,6,COMPLETE
673,0.024904505418616052,0.4657028397772769,2026-07-07 14:04:43.103348,2026-07-07 14:04:52.340274,0 days 00:00:09.236926,98.04580063828456,6,COMPLETE
674,0.018574863439534628,0.4666230934927203,2026-07-07 14:04:43.573443,2026-07-07 14:04:47.949184,0 days 00:00:04.375741,55.272961534818,6,COMPLETE
675,0.016597918679855606,0.467037747272034,2026-07-07 14:04:43.574522,2026-07-07 14:04:53.181501,0 days 00:00:09.606979,48.23622138035803,6,COMPLETE
676,0.025133231966284197,0.4656762974483433,2026-07-07 14:04:43.575306,2026-07-07 14:04:56.505852,0 days 00:00:12.930546,97.13293404747952,6,COMPLETE
677,0.01544955852588098,0.46696545851892096,2026-07-07 14:04:43.581455,2026-07-07 14:04:54.647243,0 days 00:00:11.065788,19.006148620172215,6,COMPLETE
678,0.023294897507472767,0.4659628242442591,2026-07-07 14:04:43.583728,2026-07-07 14:04:53.513092,0 days 00:00:09.929364,85.90957882083562,6,COMPLETE
679,0.015716335339557186,0.46727459676930133,2026-07-07 14:04:43.758499,2026-07-07 14:04:55.230583,0 days 00:00:11.472084,22.23905115316513,6,COMPLETE
680,0.013252181862816237,0.46733259761560497,2026-07-07 14:04:44.080931,2026-07-07 14:04:58.932637,0 days 00:00:14.851706,7.20430265625091,6,COMPLETE
681,0.02200179013967607,0.46607804369270556,2026-07-07 14:04:44.085238,2026-07-07 14:04:53.531950,0 days 00:00:09.446712,64.73643693552145,6,COMPLETE
682,0.028409276295148334,0.46442308610052024,2026-07-07 14:04:44.244111,2026-07-07 14:04:54.653398,0 days 00:00:10.409287,1.422120075727146,6,COMPLETE
683,0.0175839461735966,0.4667775997457511,2026-07-07 14:04:44.245399,2026-07-07 14:04:51.469793,0 days 00:00:07.224394,54.59569830015149,6,COMPLETE
684,0.020816146852659756,0.46627638564770885,2026-07-07 14:04:46.005615,2026-07-07 14:04:53.538548,0 days 00:00:07.532933,77.48969479099092,6,COMPLETE
685,0.011927126783874975,0.46786479089878863,2026-07-07 14:04:46.501677,2026-07-07 14:04:55.236474,0 days 00:00:08.734797,17.718793062278753,6,COMPLETE
686,0.008504924844436879,0.4683734776929996,2026-07-07 14:04:46.778172,2026-07-07 14:04:59.332436,0 days 00:00:12.554264,11.134417156693782,6,COMPLETE
687,0.019533284021867436,0.4663683213503085,2026-07-07 14:04:47.104604,2026-07-07 14:04:56.992002,0 days 00:00:09.887398,75.04278372050493,6,COMPLETE
688,0.016253911405290977,0.46705485266097746,2026-07-07 14:04:48.106107,2026-07-07 14:04:55.232975,0 days 00:00:07.126868,36.81928883102364,6,COMPLETE
689,0.011657883490783949,0.4677413157668986,2026-07-07 14:04:48.106623,2026-07-07 14:04:59.697779,0 days 00:00:11.591156,17.785068808905514,6,COMPLETE
690,0.017489461010509466,0.4668722635590579,2026-07-07 14:04:48.111486,2026-07-07 14:04:55.221398,0 days 00:00:07.109912,48.66252672721465,7,COMPLETE
691,0.014598615566585538,0.46734273719406305,2026-07-07 14:04:48.114097,2026-07-07 14:04:59.315024,0 days 00:00:11.200927,31.246688323241507,7,COMPLETE
692,0.014903900623624733,0.46716758732182617,2026-07-07 14:04:48.122338,2026-07-07 14:04:54.868458,0 days 00:00:06.746120,33.616698119870264,7,COMPLETE
693,0.028456292076510237,0.4643850287585043,2026-07-07 14:04:48.122559,2026-07-07 14:04:54.684987,0 days 00:00:06.562428,1.7135115415438296,7,COMPLETE
694,0.019270086469184877,0.4664679625141966,2026-07-07 14:04:48.438096,2026-07-07 14:04:57.154707,0 days 00:00:08.716611,53.94145889777904,7,COMPLETE
695,0.012502985944112921,0.4676975977808073,2026-07-07 14:04:48.439859,2026-07-07 14:04:53.516640,0 days 00:00:05.076781,18.84262017245298,7,COMPLETE
696,0.01771720782264352,0.46683983008849905,2026-07-07 14:04:48.443258,2026-07-07 14:04:59.126512,0 days 00:00:10.683254,40.67983175117909,7,COMPLETE
697,0.012977665162409946,0.46737427102111173,2026-07-07 14:04:48.471345,2026-07-07 14:04:58.847035,0 days 00:00:10.375690,14.407164481389028,7,COMPLETE
698,0.011243110070787099,0.4680579951822889,2026-07-07 14:04:48.795388,2026-07-07 14:04:55.057718,0 days 00:00:06.262330,18.590001862959657,7,COMPLETE
699,0.018221784756377535,0.466734587473073,2026-07-07 14:04:48.804339,2026-07-07 14:04:54.664665,0 days 00:00:05.860326,51.49452972888152,7,COMPLETE
700,0.025099984145445398,0.46567876314544376,2026-07-07 14:04:48.812343,2026-07-07 14:05:00.345560,0 days 00:00:11.533217,93.63039433995532,7,COMPLETE
701,0.017253808461122455,0.467040563158878,2026-07-07 14:04:48.812592,2026-07-07 14:04:59.355088,0 days 00:00:10.542496,45.96249452568917,7,COMPLETE
702,0.014343359044069193,0.46751371017008414,2026-07-07 14:04:48.979508,2026-07-07 14:04:59.358751,0 days 00:00:10.379243,21.658612326165557,7,COMPLETE
703,0.011858204986777698,0.4676938763342726,2026-07-07 14:04:48.979692,2026-07-07 14:04:58.802838,0 days 00:00:09.823146,17.648752391096956,7,COMPLETE
704,0.01587448341158837,0.46708247389755275,2026-07-07 14:04:48.981580,2026-07-07 14:04:59.299238,0 days 00:00:10.317658,24.852023219965062,7,COMPLETE
705,0.025103021313417517,0.46567846565324367,2026-07-07 14:04:48.984538,2026-07-07 14:04:58.932855,0 days 00:00:09.948317,93.64523653679147,7,COMPLETE
706,0.017233267394599794,0.46684723554065166,2026-07-07 14:04:48.985632,2026-07-07 14:05:00.352916,0 days 00:00:11.367284,52.917261901348255,7,COMPLETE
707,0.021700801950699233,0.46611544639441765,2026-07-07 14:04:49.311201,2026-07-07 14:04:58.872644,0 days 00:00:09.561443,68.53349962897836,7,COMPLETE
708,0.02008107067530973,0.4663869678647058,2026-07-07 14:04:49.328181,2026-07-07 14:04:58.859118,0 days 00:00:09.530937,53.78223467154981,7,COMPLETE
709,0.02309346380835714,0.4659913405948801,2026-07-07 14:04:49.651468,2026-07-07 14:04:58.863621,0 days 00:00:09.212153,84.97877975073229,7,COMPLETE
710,0.015462355774242265,0.4672218667438937,2026-07-07 14:04:49.809202,2026-07-07 14:04:58.925694,0 days 00:00:09.116492,52.061353547272525,7,COMPLETE
711,0.018074715706770217,0.4667246704763905,2026-07-07 14:04:49.965688,2026-07-07 14:05:00.843266,0 days 00:00:10.877578,54.355778910034516,7,COMPLETE
712,0.01746178005104626,0.4669495495194514,2026-07-07 14:04:50.289051,2026-07-07 14:05:02.060925,0 days 00:00:11.771874,46.05167012692485,7,COMPLETE
713,0.02164479464783947,0.46612394245564054,2026-07-07 14:04:50.769844,2026-07-07 14:05:00.337588,0 days 00:00:09.567744,68.47231964594584,7,COMPLETE
714,0.016428129945232683,0.4670942776855104,2026-07-07 14:04:50.934286,2026-07-07 14:05:02.880720,0 days 00:00:11.946434,47.412400208850855,7,COMPLETE
715,0.008051837483095625,0.4683658296461098,2026-07-07 14:04:50.935406,2026-07-07 14:05:03.448906,0 days 00:00:12.513500,12.164247130812836,7,COMPLETE
716,0.02037272178503119,0.46625639979356587,2026-07-07 14:04:51.093875,2026-07-07 14:04:59.134253,0 days 00:00:08.040378,73.62552314639801,7,COMPLETE
717,0.022818103493384978,0.4660040362963024,2026-07-07 14:04:51.095407,2026-07-07 14:05:01.560650,0 days 00:00:10.465243,83.1927539243799,7,COMPLETE
718,0.014267877424261666,0.467623208901791,2026-07-07 14:04:51.438063,2026-07-07 14:04:58.917724,0 days 00:00:07.479661,36.45316275363168,7,COMPLETE
719,0.010891057932898851,0.4678768665727639,2026-07-07 14:04:51.460462,2026-07-07 14:05:01.559976,0 days 00:00:10.099514,9.96125502164993,7,COMPLETE
720,0.018894321489414334,0.46679018355619034,2026-07-07 14:04:51.471993,2026-07-07 14:04:59.520217,0 days 00:00:08.048224,59.66743823366339,7,COMPLETE
721,0.013194198723999073,0.4676050883594697,2026-07-07 14:04:51.500111,2026-07-07 14:04:59.523975,0 days 00:00:08.023864,30.32677712555304,7,COMPLETE
722,0.017685718761867475,0.46679834081152904,2026-07-07 14:04:52.160559,2026-07-07 14:04:59.524257,0 days 00:00:07.363698,43.08814591768937,7,COMPLETE
723,0.015298697761437552,0.46715420802947183,2026-07-07 14:04:52.345633,2026-07-07 14:05:00.874015,0 days 00:00:08.528382,29.438829246024483,7,COMPLETE
724,0.024201316822917374,0.46575440392649814,2026-07-07 14:04:52.665837,2026-07-07 14:05:03.257130,0 days 00:00:10.591293,89.07338641994534,7,COMPLETE
725,0.023668106306921288,0.4658612854458695,2026-07-07 14:04:52.977470,2026-07-07 14:05:03.266098,0 days 00:00:10.288628,87.25342503157215,7,COMPLETE
726,0.02151958463815984,0.46610388021440075,2026-07-07 14:04:52.980001,2026-07-07 14:05:03.444877,0 days 00:00:10.464876,78.91572488619816,7,COMPLETE
727,0.011906794173308866,0.46755677391578016,2026-07-07 14:04:52.983385,2026-07-07 14:05:02.904303,0 days 00:00:09.920918,3.8722213850235323,7,COMPLETE
728,0.024646097506430542,0.46570194025448514,2026-07-07 14:04:52.988676,2026-07-07 14:05:03.436393,0 days 00:00:10.447717,91.60730135899723,7,COMPLETE
729,0.01792986360998411,0.46684382944857117,2026-07-07 14:04:52.992394,2026-07-07 14:04:59.315777,0 days 00:00:06.323383,49.56035591553849,7,COMPLETE
730,0.01747928236590829,0.4668348186664781,2026-07-07 14:04:53.149754,2026-07-07 14:05:03.453847,0 days 00:00:10.304093,47.93483404529328,7,COMPLETE
731,0.016790691251332035,0.46663166292851754,2026-07-07 14:04:53.174773,2026-07-07 14:05:02.056534,0 days 00:00:08.881761,3.6314318920848674,7,COMPLETE
732,0.020999958662013818,0.4662085308803802,2026-07-07 14:04:53.184366,2026-07-07 14:05:03.096850,0 days 00:00:09.912484,60.109662912100795,7,COMPLETE
733,0.02142613976552038,0.4661530218784251,2026-07-07 14:04:53.347643,2026-07-07 14:05:05.388901,0 days 00:00:12.041258,79.62961741421022,7,COMPLETE
734,0.018652127206594926,0.46652935335639134,2026-07-07 14:04:53.506084,2026-07-07 14:05:02.044481,0 days 00:00:08.538397,56.993152108482676,7,COMPLETE
735,0.022040385141413765,0.46608250917739874,2026-07-07 14:04:53.534290,2026-07-07 14:05:05.398423,0 days 00:00:11.864133,81.14534738876985,7,COMPLETE
736,0.025072688858607695,0.4656815145610762,2026-07-07 14:04:53.535682,2026-07-07 14:05:02.905344,0 days 00:00:09.369662,93.49566258367265,7,COMPLETE
737,0.023406918840747692,0.46593337153641334,2026-07-07 14:04:54.008980,2026-07-07 14:05:04.099147,0 days 00:00:10.090167,86.32849155522597,7,COMPLETE
738,0.02304451445112221,0.4659985082063395,2026-07-07 14:04:54.014106,2026-07-07 14:05:03.433275,0 days 00:00:09.419169,84.81291846571172,7,COMPLETE
739,0.01885830703264607,0.4667166458217871,2026-07-07 14:04:54.325817,2026-07-07 14:05:00.868885,0 days 00:00:06.543068,59.90668640789233,7,COMPLETE
740,0.015277486058895562,0.46695278991974987,2026-07-07 14:04:54.685306,2026-07-07 14:05:01.529081,0 days 00:00:06.843775,8.180611273859935,7,COMPLETE
741,0.015141166464961775,0.4671575348478644,2026-07-07 14:04:54.685477,2026-07-07 14:05:02.903033,0 days 00:00:08.217556,23.242125104485712,7,COMPLETE
742,0.009117664674268222,0.4682870710385393,2026-07-07 14:04:54.689423,2026-07-07 14:05:06.546998,0 days 00:00:11.857575,16.076280294243475,7,COMPLETE
743,0.020276554345883713,0.4662734797745016,2026-07-07 14:04:54.874901,2026-07-07 14:05:07.231920,0 days 00:00:12.357019,73.79437794132816,7,COMPLETE
744,0.02292667600630477,0.46599456837200204,2026-07-07 14:04:54.875815,2026-07-07 14:05:07.272411,0 days 00:00:12.396596,83.80330496753797,7,COMPLETE
745,0.017540963760976025,0.46688285618005887,2026-07-07 14:04:55.220395,2026-07-07 14:05:07.273251,0 days 00:00:12.052856,28.219387463880576,7,COMPLETE
746,0.022310148337914504,0.46604896389870065,2026-07-07 14:04:55.233735,2026-07-07 14:05:02.058825,0 days 00:00:06.825090,81.66924851900684,7,COMPLETE
747,0.015617281698797059,0.4672033177755152,2026-07-07 14:04:55.241745,2026-07-07 14:05:06.725245,0 days 00:00:11.483500,52.14219186010687,7,COMPLETE
748,0.01874333101666026,0.4661059158668661,2026-07-07 14:04:55.397218,2026-07-07 14:05:03.773963,0 days 00:00:08.376745,3.922864204759583,7,COMPLETE
749,0.018854925219349283,0.4665281360148777,2026-07-07 14:04:55.398689,2026-07-07 14:05:07.435580,0 days 00:00:12.036891,41.30149727664771,7,COMPLETE
750,0.013344392952531037,0.46708821153422875,2026-07-07 14:04:56.347265,2026-07-07 14:05:12.323082,0 days 00:00:15.975817,8.299707757448292,7,COMPLETE
751,0.01506300455014381,0.46721148454944184,2026-07-07 14:04:57.146964,2026-07-07 14:05:08.420560,0 days 00:00:11.273596,37.95172538828504,7,COMPLETE
752,0.018974782536578694,0.46668588473386974,2026-07-07 14:04:57.149405,2026-07-07 14:05:07.264915,0 days 00:00:10.115510,49.20327920201648,7,COMPLETE
753,0.025216106501538493,0.4656653970261888,2026-07-07 14:04:57.151896,2026-07-07 14:05:04.900822,0 days 00:00:07.748926,96.7907641655959,7,COMPLETE
754,0.015440379281257854,0.467160023073896,2026-07-07 14:04:58.434874,2026-07-07 14:05:02.873309,0 days 00:00:04.438435,28.63534610873422,7,COMPLETE
755,0.01368162003681489,0.4670253919132037,2026-07-07 14:04:58.792822,2026-07-07 14:05:06.555096,0 days 00:00:07.762274,8.643833300421559,7,COMPLETE
756,0.02103606192031543,0.46619507535076243,2026-07-07 14:04:58.943570,2026-07-07 14:05:08.425665,0 days 00:00:09.482095,60.24722685284607,7,COMPLETE
757,0.016005459242623477,0.4671367816030453,2026-07-07 14:04:58.969437,2026-07-07 14:05:08.967636,0 days 00:00:09.998199,38.82192534310279,7,COMPLETE
758,0.024228220952083712,0.46574492641059695,2026-07-07 14:05:00.178418,2026-07-07 14:05:07.249130,0 days 00:00:07.070712,89.36852779111098,7,COMPLETE
759,0.021479307069813713,0.4661427416162176,2026-07-07 14:05:00.336952,2026-07-07 14:05:08.958355,0 days 00:00:08.621403,79.52783082813569,7,COMPLETE
760,0.021871642757627707,0.4661028068384997,2026-07-07 14:05:00.338004,2026-07-07 14:05:13.399648,0 days 00:00:13.061644,80.81427169331822,7,COMPLETE
761,-0.08751082913924746,0.4863392810539257,2026-07-07 14:05:00.341500,2026-07-07 14:05:08.944707,0 days 00:00:08.603207,1.2097761150669366,7,COMPLETE
762,0.017805939776338153,0.4666757357550278,2026-07-07 14:05:00.342725,2026-07-07 14:05:08.432008,0 days 00:00:08.089283,57.53490656878968,7,COMPLETE
763,0.016467082501905095,0.46708469520554535,2026-07-07 14:05:00.343620,2026-07-07 14:05:10.741958,0 days 00:00:10.398338,40.29413087064898,7,COMPLETE
764,0.020104883658347228,0.46628838526789157,2026-07-07 14:05:00.348401,2026-07-07 14:05:08.234709,0 days 00:00:07.886308,56.087375000843814,7,COMPLETE
765,0.01350940258245914,0.46744710135588674,2026-07-07 14:05:00.354555,2026-07-07 14:05:06.722242,0 days 00:00:06.367687,18.085731235213512,7,COMPLETE
766,0.015709863604510266,0.4671452189244134,2026-07-07 14:05:00.524429,2026-07-07 14:05:12.292160,0 days 00:00:11.767731,52.47511854069931,7,COMPLETE
767,0.018526285772021867,0.4665839101556162,2026-07-07 14:05:00.525574,2026-07-07 14:05:12.531016,0 days 00:00:12.005442,56.9109722146453,7,COMPLETE
768,0.008939209738472897,0.46827846911181026,2026-07-07 14:05:00.526763,2026-07-07 14:05:12.606845,0 days 00:00:12.080082,5.012114630590305,7,COMPLETE
769,0.018998686858972325,0.46670349662972616,2026-07-07 14:05:00.682878,2026-07-07 14:05:06.190424,0 days 00:00:05.507546,58.831735550946576,7,COMPLETE
770,0.0170926678373422,0.46691273352706236,2026-07-07 14:05:00.683604,2026-07-07 14:05:12.272875,0 days 00:00:11.589271,23.082400947556998,7,COMPLETE
771,0.013916102070440195,0.46760599372729245,2026-07-07 14:05:01.030732,2026-07-07 14:05:07.265296,0 days 00:00:06.234564,19.456230999402806,7,COMPLETE
772,0.024219490768063845,0.4657412762741996,2026-07-07 14:05:01.033814,2026-07-07 14:05:14.219086,0 days 00:00:13.185272,89.83216137387166,7,COMPLETE
773,0.012784368647002331,0.4673762952787816,2026-07-07 14:05:01.034627,2026-07-07 14:05:13.557589,0 days 00:00:12.522962,7.910097458387159,7,COMPLETE
774,0.018156160564451074,0.4668025740543479,2026-07-07 14:05:01.192369,2026-07-07 14:05:12.296691,0 days 00:00:11.104322,43.615190825752926,7,COMPLETE
775,0.01883301756543576,0.4666166181253507,2026-07-07 14:05:01.194374,2026-07-07 14:05:12.218897,0 days 00:00:11.024523,40.5258447424679,7,COMPLETE
776,0.022715776675269916,0.46601243189507063,2026-07-07 14:05:01.520515,2026-07-07 14:05:08.773441,0 days 00:00:07.252926,82.70453281614735,7,COMPLETE
777,0.014102370389676655,0.46703333364411337,2026-07-07 14:05:01.564844,2026-07-07 14:05:07.430042,0 days 00:00:05.865198,7.162094399920177,7,COMPLETE
778,0.018895409035857236,0.4665497824490887,2026-07-07 14:05:01.887375,2026-07-07 14:05:12.328371,0 days 00:00:10.440996,40.08558828677852,7,COMPLETE
779,0.017566736522548698,0.4667646978970176,2026-07-07 14:05:02.685321,2026-07-07 14:05:14.592575,0 days 00:00:11.907254,25.456210961016154,7,COMPLETE
780,0.022992903406433007,0.4660043501537048,2026-07-07 14:05:02.843735,2026-07-07 14:05:07.261841,0 days 00:00:04.418106,84.61368551013898,7,COMPLETE
781,0.02034323701086599,0.4663278189174074,2026-07-07 14:05:02.847621,2026-07-07 14:05:12.602091,0 days 00:00:09.754470,66.91893046785854,7,COMPLETE
782,0.010998127688616022,0.4679590166456012,2026-07-07 14:05:02.849264,2026-07-07 14:05:12.219444,0 days 00:00:09.370180,28.661333871821565,7,COMPLETE
783,0.018800657849761204,0.46672325815887505,2026-07-07 14:05:02.869029,2026-07-07 14:05:08.964854,0 days 00:00:06.095825,49.00473167504042,7,COMPLETE
784,0.049499548942774974,0.460483968668734,2026-07-07 14:05:02.905689,2026-07-07 14:05:05.403926,0 days 00:00:02.498237,0.9277062092707048,7,COMPLETE
785,0.018069290662263704,0.46673172191779405,2026-07-07 14:05:02.907591,2026-07-07 14:05:12.527170,0 days 00:00:09.619579,54.384396327235024,7,COMPLETE
786,0.021396735937530775,0.4661289986013064,2026-07-07 14:05:02.911225,2026-07-07 14:05:06.552184,0 days 00:00:03.640959,70.37710746439441,7,COMPLETE
787,0.018950654469534645,0.46667935955995465,2026-07-07 14:05:02.918145,2026-07-07 14:05:12.252540,0 days 00:00:09.334395,58.69463393756852,7,COMPLETE
788,0.024156552839271594,0.4657682233183046,2026-07-07 14:05:03.087533,2026-07-07 14:05:12.303950,0 days 00:00:09.216417,88.44983676173472,7,COMPLETE
789,0.020797574873705593,0.46623661127390187,2026-07-07 14:05:03.089168,2026-07-07 14:05:10.750209,0 days 00:00:07.661041,70.66459866003544,7,COMPLETE
790,0.018550481314401512,0.46665220789693657,2026-07-07 14:05:03.091478,2026-07-07 14:05:12.300506,0 days 00:00:09.209028,23.42241775749547,7,COMPLETE
791,0.01654634591037424,0.4670662235568512,2026-07-07 14:05:03.097050,2026-07-07 14:05:12.326683,0 days 00:00:09.229633,45.42377284481656,7,COMPLETE
792,0.01741629699122771,0.4667229377638153,2026-07-07 14:05:03.449071,2026-07-07 14:05:15.619306,0 days 00:00:12.170235,18.910347619107323,8,COMPLETE
793,0.017902611863845896,0.4667657269373353,2026-07-07 14:05:03.450139,2026-07-07 14:05:16.359758,0 days 00:00:12.909619,54.514846204789265,8,COMPLETE
794,0.022254789044418632,0.46607115250919773,2026-07-07 14:05:03.610702,2026-07-07 14:05:15.795638,0 days 00:00:12.184936,64.39326422046707,8,COMPLETE
795,0.024386276966696374,0.4657668058224108,2026-07-07 14:05:03.936756,2026-07-07 14:05:15.817710,0 days 00:00:11.880954,99.86652381260411,8,COMPLETE
796,0.01579407503800584,0.4672402962033123,2026-07-07 14:05:03.936995,2026-07-07 14:05:14.610931,0 days 00:00:10.673936,24.86581870489983,8,COMPLETE
797,0.02084992280135939,0.46619005662069224,2026-07-07 14:05:03.938580,2026-07-07 14:05:15.615801,0 days 00:00:11.677221,72.39266506693924,8,COMPLETE
798,0.015858993423986112,0.4670084596037051,2026-07-07 14:05:04.099416,2026-07-07 14:05:15.128903,0 days 00:00:11.029487,39.19442410977556,8,COMPLETE
799,0.018196233578568755,0.4668944160170458,2026-07-07 14:05:04.100724,2026-07-07 14:05:15.817212,0 days 00:00:11.716488,45.01858237988536,8,COMPLETE
800,0.016845226202088115,0.4670300867967623,2026-07-07 14:05:04.256667,2026-07-07 14:05:14.615628,0 days 00:00:10.358961,51.76771691480922,8,COMPLETE
801,0.007276482580627963,0.4686089477582412,2026-07-07 14:05:04.412106,2026-07-07 14:05:15.119407,0 days 00:00:10.707301,9.869617974778649,8,COMPLETE
802,0.021922774831933056,0.46607792587068053,2026-07-07 14:05:04.413778,2026-07-07 14:05:14.215053,0 days 00:00:09.801275,65.57351643259284,8,COMPLETE
803,0.018945216975960855,0.4666824610309238,2026-07-07 14:05:04.571686,2026-07-07 14:05:17.044076,0 days 00:00:12.472390,58.70755352847529,8,COMPLETE
804,0.017398118521824046,0.4669167977815906,2026-07-07 14:05:04.571925,2026-07-07 14:05:15.990488,0 days 00:00:11.418563,47.52833976493683,8,COMPLETE
805,0.013309611187272752,0.4676381119216744,2026-07-07 14:05:04.574276,2026-07-07 14:05:10.730831,0 days 00:00:06.156555,20.074873449971818,8,COMPLETE
806,0.013071095471332284,0.46758982253188935,2026-07-07 14:05:05.384653,2026-07-07 14:05:16.368000,0 days 00:00:10.983347,32.16453339124183,8,COMPLETE
807,0.02475198214085067,0.46572350385996236,2026-07-07 14:05:06.514120,2026-07-07 14:05:15.638546,0 days 00:00:09.124426,98.33243115760044,8,COMPLETE
808,0.012154270839224324,0.46787698255664345,2026-07-07 14:05:06.730491,2026-07-07 14:05:14.222845,0 days 00:00:07.492354,18.73431726451278,8,COMPLETE
809,0.018598967450146164,0.4666694478930484,2026-07-07 14:05:06.744537,2026-07-07 14:05:16.196351,0 days 00:00:09.451814,42.34814052824213,8,COMPLETE
810,0.01366896325453304,0.46757795780403283,2026-07-07 14:05:06.751095,2026-07-07 14:05:16.551282,0 days 00:00:09.800187,34.96742599766506,8,COMPLETE
811,0.015229237911989324,0.4673903683675283,2026-07-07 14:05:07.234135,2026-07-07 14:05:12.566783,0 days 00:00:05.332648,40.96569226304792,8,COMPLETE
812,0.006994736732447382,0.46868171694527927,2026-07-07 14:05:07.269876,2026-07-07 14:05:17.866090,0 days 00:00:10.596214,13.417148710545288,8,COMPLETE
813,0.01859466535940063,0.46679934658180827,2026-07-07 14:05:07.431697,2026-07-07 14:05:17.858413,0 days 00:00:10.426716,44.992747847080196,8,COMPLETE
814,0.0208233100139244,0.46623960650942065,2026-07-07 14:05:07.433150,2026-07-07 14:05:15.989924,0 days 00:00:08.556774,67.37920821691391,8,COMPLETE
815,0.009372479035318071,0.46821529934470996,2026-07-07 14:05:07.592248,2026-07-07 14:05:18.848842,0 days 00:00:11.256594,34.45112641757915,8,COMPLETE
816,0.01180898641598127,0.467646867660154,2026-07-07 14:05:07.911813,2026-07-07 14:05:19.875859,0 days 00:00:11.964046,16.939418905074323,8,COMPLETE
817,0.018360779150928708,0.46672327916168144,2026-07-07 14:05:08.408610,2026-07-07 14:05:19.365952,0 days 00:00:10.957342,34.699410535132685,8,COMPLETE
818,0.023296095589643573,0.4659625139614694,2026-07-07 14:05:08.409893,2026-07-07 14:05:12.540893,0 days 00:00:04.131000,85.91561418835653,8,COMPLETE
819,0.018321028757766977,0.4666464520213543,2026-07-07 14:05:08.439358,2026-07-07 14:05:20.380128,0 days 00:00:11.940770,50.877417495291425,8,COMPLETE
820,0.020600785672431177,0.466285209110768,2026-07-07 14:05:08.441201,2026-07-07 14:05:24.049524,0 days 00:00:15.608323,67.26250084946531,8,COMPLETE
821,0.01440398684301225,0.46741614684792765,2026-07-07 14:05:08.441966,2026-07-07 14:05:24.212445,0 days 00:00:15.770479,20.153163203917277,8,COMPLETE
822,0.020380049470424044,0.46632773521423465,2026-07-07 14:05:08.941758,2026-07-07 14:05:18.845864,0 days 00:00:09.904106,67.20556211821427,8,COMPLETE
823,0.015076974271450438,0.46745808533264366,2026-07-07 14:05:08.943789,2026-07-07 14:05:15.797467,0 days 00:00:06.853678,20.147768662945893,8,COMPLETE
824,0.018727606590691337,0.46653078504993983,2026-07-07 14:05:08.955534,2026-07-07 14:05:24.226727,0 days 00:00:15.271193,57.177696431867425,8,COMPLETE
825,0.024676455012984544,0.46569922968072386,2026-07-07 14:05:10.218169,2026-07-07 14:05:18.835854,0 days 00:00:08.617685,91.7167202299658,8,COMPLETE
826,0.022970877247247723,0.4659984669599544,2026-07-07 14:05:10.541991,2026-07-07 14:05:16.012765,0 days 00:00:05.470774,84.29047282016988,8,COMPLETE
827,0.022963028678766484,0.46599635449912397,2026-07-07 14:05:10.543343,2026-07-07 14:05:20.388539,0 days 00:00:09.845196,84.16202421050147,8,COMPLETE
828,0.016229282429794822,0.46705498289242964,2026-07-07 14:05:10.736861,2026-07-07 14:05:24.419518,0 days 00:00:13.682657,26.652465455141396,8,COMPLETE
829,0.012949870719364709,0.46786396840082,2026-07-07 14:05:11.097789,2026-07-07 14:05:19.844486,0 days 00:00:08.746697,22.12728165255302,8,COMPLETE
830,0.01799277870602506,0.46676984213449263,2026-07-07 14:05:11.899933,2026-07-07 14:05:20.206923,0 days 00:00:08.306990,51.482776854712874,8,COMPLETE
831,0.021765973623214252,0.46546370362420353,2026-07-07 14:05:12.262764,2026-07-07 14:05:17.037017,0 days 00:00:04.774253,2.129960352069766,8,COMPLETE
832,0.024689058493696903,0.4657320289155191,2026-07-07 14:05:12.283737,2026-07-07 14:05:20.388284,0 days 00:00:08.104547,98.46346571941476,8,COMPLETE
833,0.020346767768871843,0.46632380022413994,2026-07-07 14:05:12.313790,2026-07-07 14:05:20.385698,0 days 00:00:08.071908,66.87788705348888,8,COMPLETE
834,0.02227745063144443,0.4660063087576254,2026-07-07 14:05:12.316404,2026-07-07 14:05:16.187935,0 days 00:00:03.871531,69.4213055912367,8,COMPLETE
835,0.008951319172974481,0.4683791810857269,2026-07-07 14:05:12.320761,2026-07-07 14:05:21.699838,0 days 00:00:09.379077,21.04109075417134,8,COMPLETE
836,0.02050426527740068,0.4664930313198111,2026-07-07 14:05:12.332535,2026-07-07 14:05:17.208586,0 days 00:00:04.876051,62.848760121251175,8,COMPLETE
837,0.01608928656662767,0.46699103159821864,2026-07-07 14:05:12.543093,2026-07-07 14:05:22.404543,0 days 00:00:09.861450,26.748052204351442,8,COMPLETE
838,0.01768416878295309,0.46676539080619356,2026-07-07 14:05:12.609174,2026-07-07 14:05:22.398542,0 days 00:00:09.789368,54.53525956455504,8,COMPLETE
839,0.01068847363624581,0.46810948255553597,2026-07-07 14:05:13.077757,2026-07-07 14:05:26.675389,0 days 00:00:13.597632,15.713176172639212,8,COMPLETE
840,0.012140927394411916,0.46761776386610376,2026-07-07 14:05:13.556293,2026-07-07 14:05:25.314728,0 days 00:00:11.758435,14.84433664911193,8,COMPLETE
841,0.017436844903953863,0.4668092079070419,2026-07-07 14:05:13.726336,2026-07-07 14:05:20.212028,0 days 00:00:06.485692,47.82671210212645,8,COMPLETE
842,0.014724457942070779,0.46730487568369616,2026-07-07 14:05:13.898324,2026-07-07 14:05:24.959321,0 days 00:00:11.060997,30.546681040951675,8,COMPLETE
843,0.02045905629331146,0.46628903125507026,2026-07-07 14:05:13.899873,2026-07-07 14:05:24.241037,0 days 00:00:10.341164,78.04105428171978,8,COMPLETE
844,0.011835787666645614,0.46769737898182717,2026-07-07 14:05:13.903455,2026-07-07 14:05:24.766800,0 days 00:00:10.863345,14.435754055958785,8,COMPLETE
845,0.017067576002611995,0.4668845246278545,2026-07-07 14:05:14.214206,2026-07-07 14:05:19.031065,0 days 00:00:04.816859,38.32179494789193,8,COMPLETE
846,0.02292239275118546,0.4659946814341337,2026-07-07 14:05:14.217703,2026-07-07 14:05:24.949261,0 days 00:00:10.731558,83.77294752419078,8,COMPLETE
847,0.014791764364167515,0.467181205599022,2026-07-07 14:05:14.221796,2026-07-07 14:05:20.558855,0 days 00:00:06.337059,34.06492531987547,8,COMPLETE
848,0.018503411696562222,0.4665852130413414,2026-07-07 14:05:14.544506,2026-07-07 14:05:21.206835,0 days 00:00:06.662329,56.91931960111849,8,COMPLETE
849,0.012511024573382767,0.4673698759340621,2026-07-07 14:05:14.546847,2026-07-07 14:05:23.691590,0 days 00:00:09.144743,17.870028243493334,8,COMPLETE
850,0.0222515837993984,0.4660559229162521,2026-07-07 14:05:14.625237,2026-07-07 14:05:26.678988,0 days 00:00:12.053751,81.5561712787311,8,COMPLETE
851,0.00999914815007552,0.46811973549725355,2026-07-07 14:05:14.629958,2026-07-07 14:05:24.048933,0 days 00:00:09.418975,13.691903570618754,8,COMPLETE
852,0.022024421917436365,0.4660844827160296,2026-07-07 14:05:14.634424,2026-07-07 14:05:26.479549,0 days 00:00:11.845125,81.1141860276293,8,COMPLETE
853,0.017875602636961807,0.4668418954229879,2026-07-07 14:05:14.637535,2026-07-07 14:05:20.556873,0 days 00:00:05.919338,50.28965811512749,8,COMPLETE
854,0.020652708580572277,0.46623931658824364,2026-07-07 14:05:14.955542,2026-07-07 14:05:24.954621,0 days 00:00:09.999079,71.54521503737772,8,COMPLETE
855,0.013326639373884785,0.4673353482082008,2026-07-07 14:05:15.622331,2026-07-07 14:05:24.947744,0 days 00:00:09.325413,15.139889389274593,8,COMPLETE
856,0.01332201183545273,0.4674289361651608,2026-07-07 14:05:15.635429,2026-07-07 14:05:25.130985,0 days 00:00:09.495556,20.170305959106223,8,COMPLETE
857,0.01828171560861408,0.4667329039692601,2026-07-07 14:05:15.795990,2026-07-07 14:05:24.611886,0 days 00:00:08.815896,49.1576257203674,8,COMPLETE
858,0.021517750840512606,0.4661369320589114,2026-07-07 14:05:15.823195,2026-07-07 14:05:22.727152,0 days 00:00:06.903957,66.01634745535135,8,COMPLETE
859,0.014970872135721014,0.46715008170708605,2026-07-07 14:05:15.824353,2026-07-07 14:05:25.316225,0 days 00:00:09.491872,30.25853835323893,8,COMPLETE
860,0.024669738905340743,0.4656997540148744,2026-07-07 14:05:15.982409,2026-07-07 14:05:22.404256,0 days 00:00:06.421847,91.69051007902556,8,COMPLETE
861,0.01584752308340931,0.4671250184065717,2026-07-07 14:05:15.995485,2026-07-07 14:05:27.486297,0 days 00:00:11.490812,52.40844417981938,8,COMPLETE
862,0.01612363172136283,0.4669090093608775,2026-07-07 14:05:16.015031,2026-07-07 14:05:20.550144,0 days 00:00:04.535113,29.943062195871054,8,COMPLETE
863,0.022939000281813282,0.46599450064566533,2026-07-07 14:05:16.018441,2026-07-07 14:05:24.605368,0 days 00:00:08.586927,83.90177373921108,8,COMPLETE
864,0.024188439438621423,0.46574333770122467,2026-07-07 14:05:16.186225,2026-07-07 14:05:22.209226,0 days 00:00:06.023001,90.13242427330249,8,COMPLETE
865,0.02329610276143701,0.4659625120880715,2026-07-07 14:05:16.189338,2026-07-07 14:05:24.952983,0 days 00:00:08.763645,85.91565041942083,8,COMPLETE
866,0.017172498872738917,0.4667789581468937,2026-07-07 14:05:16.190810,2026-07-07 14:05:21.213278,0 days 00:00:05.022468,39.59670164431706,8,COMPLETE
867,0.018890755979493967,0.4666915307235161,2026-07-07 14:05:16.202812,2026-07-07 14:05:26.486009,0 days 00:00:10.283197,58.67497943398383,8,COMPLETE
868,0.020774454304319345,0.4662584510175516,2026-07-07 14:05:16.375480,2026-07-07 14:05:22.052852,0 days 00:00:05.677372,76.90090178012035,8,COMPLETE
869,0.02254476364463487,0.46602244940127346,2026-07-07 14:05:16.387074,2026-07-07 14:05:26.484238,0 days 00:00:10.097164,82.1028093004169,8,COMPLETE
870,0.01680665069149423,0.4671402310835909,2026-07-07 14:05:16.387251,2026-07-07 14:05:30.830781,0 days 00:00:14.443530,43.18916722480131,8,COMPLETE
871,0.011770420330009412,0.46775574991393865,2026-07-07 14:05:16.862766,2026-07-07 14:05:25.121487,0 days 00:00:08.258721,17.211899072838964,8,COMPLETE
872,0.013424111873438727,0.46748201132975264,2026-07-07 14:05:17.019589,2026-07-07 14:05:26.676053,0 days 00:00:09.656464,30.624813675515252,8,COMPLETE
873,0.02065889163024015,0.46622064050099266,2026-07-07 14:05:17.038248,2026-07-07 14:05:24.597593,0 days 00:00:07.559345,72.81649059665168,8,COMPLETE
874,0.023169936284676063,0.46598153173081547,2026-07-07 14:05:17.039831,2026-07-07 14:05:26.684971,0 days 00:00:09.645140,85.34252008075505,8,COMPLETE
875,0.00935618219274853,0.46833667453500016,2026-07-07 14:05:17.200583,2026-07-07 14:05:27.991452,0 days 00:00:10.790869,13.841475751902829,8,COMPLETE
876,0.022251017404142093,0.4660539064780149,2026-07-07 14:05:17.201234,2026-07-07 14:05:32.746505,0 days 00:00:15.545271,64.51290432698575,8,COMPLETE
877,0.011426609036335744,0.4677710839419519,2026-07-07 14:05:17.207449,2026-07-07 14:05:28.822125,0 days 00:00:11.614676,19.723971996246643,8,COMPLETE
878,0.02161271083631744,0.46613411072254546,2026-07-07 14:05:17.212336,2026-07-07 14:05:29.317080,0 days 00:00:12.104744,80.32194964929107,8,COMPLETE
879,0.01579682395838594,0.46709457299988016,2026-07-07 14:05:17.846677,2026-07-07 14:05:29.321977,0 days 00:00:11.475300,37.38092116510822,8,COMPLETE
880,0.021839488071075053,0.46607544957935065,2026-07-07 14:05:17.865591,2026-07-07 14:05:23.708742,0 days 00:00:05.843151,65.8494828826989,8,COMPLETE
881,0.016388077286304037,0.4671362298113476,2026-07-07 14:05:18.504074,2026-07-07 14:05:29.677080,0 days 00:00:11.173006,44.61903041006094,8,COMPLETE
882,0.024179191181750048,0.465744041535148,2026-07-07 14:05:19.032553,2026-07-07 14:05:25.134682,0 days 00:00:06.102129,90.1980336339308,8,COMPLETE
883,0.025395990159840676,0.4646922350257291,2026-07-07 14:05:19.355542,2026-07-07 14:05:31.000779,0 days 00:00:11.645237,1.8170223798474352,8,COMPLETE
884,0.016669872216639958,0.4666884464751705,2026-07-07 14:05:19.372572,2026-07-07 14:05:28.331656,0 days 00:00:08.959084,3.920064779606337,8,COMPLETE
885,0.009541332600003671,0.46846375501900117,2026-07-07 14:05:20.052076,2026-07-07 14:05:30.181977,0 days 00:00:10.129901,3.6241688941092027,8,COMPLETE
886,0.013414906487941858,0.46754474709535143,2026-07-07 14:05:20.370559,2026-07-07 14:05:31.010636,0 days 00:00:10.640077,14.390162328786234,8,COMPLETE
887,0.013743458594455138,0.4672970310445683,2026-07-07 14:05:20.385973,2026-07-07 14:05:25.972723,0 days 00:00:05.586750,14.997605035307501,8,COMPLETE
888,0.022255632432132078,0.466011988692373,2026-07-07 14:05:20.571986,2026-07-07 14:05:25.476877,0 days 00:00:04.904891,69.26564707101905,8,COMPLETE
889,0.014071163569278233,0.4672860594854682,2026-07-07 14:05:20.730699,2026-07-07 14:05:32.047086,0 days 00:00:11.316387,27.563072176687847,8,COMPLETE
890,0.009553568202755436,0.4682033920292718,2026-07-07 14:05:21.700896,2026-07-07 14:05:30.671157,0 days 00:00:08.970261,30.887052039023754,8,COMPLETE
891,0.020343874704884968,0.4663142351708376,2026-07-07 14:05:21.860444,2026-07-07 14:05:31.019820,0 days 00:00:09.159376,66.79266907575399,8,COMPLETE
892,0.024552740271462814,0.46574933761032383,2026-07-07 14:05:21.860752,2026-07-07 14:05:31.655293,0 days 00:00:09.794541,98.82958964846108,8,COMPLETE
893,0.017077118706157135,0.46703370198981164,2026-07-07 14:05:21.879911,2026-07-07 14:05:34.052810,0 days 00:00:12.172899,44.053406228452396,8,COMPLETE
894,0.02444942024499902,0.4657581471472785,2026-07-07 14:05:21.885214,2026-07-07 14:05:32.765588,0 days 00:00:10.880374,99.47594681725641,8,COMPLETE
895,0.017881216177783155,0.4667214249877617,2026-07-07 14:05:21.890337,2026-07-07 14:05:33.407457,0 days 00:00:11.517120,55.06338970437237,8,COMPLETE
896,0.016288079173303494,0.4670373113725385,2026-07-07 14:05:21.892074,2026-07-07 14:05:32.060887,0 days 00:00:10.168813,52.33201339660735,8,COMPLETE
897,0.013677916199703266,0.467479688626416,2026-07-07 14:05:22.050058,2026-07-07 14:05:32.761767,0 days 00:00:10.711709,18.898686859293555,8,COMPLETE
898,0.02033627692773987,0.46631672146494224,2026-07-07 14:05:22.051486,2026-07-07 14:05:31.867759,0 days 00:00:09.816273,66.80804641280996,8,COMPLETE
899,0.018715060340373624,0.46678398800956167,2026-07-07 14:05:22.727354,2026-07-07 14:05:32.763513,0 days 00:00:10.036159,45.78202721948129,9,COMPLETE
900,0.0225956832805716,0.46601682020513213,2026-07-07 14:05:22.887336,2026-07-07 14:05:34.075118,0 days 00:00:11.187782,82.20974346244125,9,COMPLETE
901,0.020366226408714383,0.46632034385231536,2026-07-07 14:05:23.516165,2026-07-07 14:05:34.418312,0 days 00:00:10.902147,66.96225222691106,9,COMPLETE
902,0.0180096219730419,0.46676725308814915,2026-07-07 14:05:23.517878,2026-07-07 14:05:33.572622,0 days 00:00:10.054744,23.674731460589914,9,COMPLETE
903,0.017355087364821054,0.46686824830288554,2026-07-07 14:05:24.235681,2026-07-07 14:05:34.432818,0 days 00:00:10.197137,47.21139668332622,9,COMPLETE
904,0.019771734191800894,0.46631212706770375,2026-07-07 14:05:24.239956,2026-07-07 14:05:28.995748,0 days 00:00:04.755792,75.76964800041958,9,COMPLETE
905,0.017494332716221916,0.466904704927614,2026-07-07 14:05:24.409786,2026-07-07 14:05:26.845703,0 days 00:00:02.435917,50.191248431894955,9,COMPLETE
906,0.01715017562890847,0.46690295358657696,2026-07-07 14:05:24.582821,2026-07-07 14:05:34.799717,0 days 00:00:10.216896,48.33112142898674,9,COMPLETE
907,0.014594025809953115,0.46726742119492437,2026-07-07 14:05:24.584970,2026-07-07 14:05:29.657393,0 days 00:00:05.072423,31.764251304909223,9,COMPLETE
908,0.023185031062235684,0.4659792397710945,2026-07-07 14:05:24.585671,2026-07-07 14:05:34.765158,0 days 00:00:10.179487,85.41821730827242,9,COMPLETE
909,0.02066536979712086,0.4662857850112229,2026-07-07 14:05:24.590542,2026-07-07 14:05:34.790741,0 days 00:00:10.200199,67.54773026921055,9,COMPLETE
910,0.01443895192510436,0.4672696878103342,2026-07-07 14:05:24.767675,2026-07-07 14:05:29.847171,0 days 00:00:05.079496,18.957078225969344,9,COMPLETE
911,0.014029287111926414,0.4671478626444867,2026-07-07 14:05:24.926471,2026-07-07 14:05:34.787684,0 days 00:00:09.861213,6.106189339836759,9,COMPLETE
912,0.017540990407117596,0.4668729173591564,2026-07-07 14:05:24.942952,2026-07-07 14:05:35.450134,0 days 00:00:10.507182,44.80643322014599,9,COMPLETE
913,0.018012964968536938,0.466666596234122,2026-07-07 14:05:24.949443,2026-07-07 14:05:34.965100,0 days 00:00:10.015657,41.081645687130155,9,COMPLETE
914,0.020698946662931483,0.46630009899651714,2026-07-07 14:05:24.958271,2026-07-07 14:05:37.016327,0 days 00:00:12.058056,61.20914588500651,9,COMPLETE
915,0.020442303983209342,0.46628144836008667,2026-07-07 14:05:24.958973,2026-07-07 14:05:35.292124,0 days 00:00:10.333151,70.89819951784393,9,COMPLETE
916,0.015534357057763237,0.46706839914263626,2026-07-07 14:05:25.119983,2026-07-07 14:05:34.784572,0 days 00:00:09.664589,29.570416548953357,9,COMPLETE
917,0.012766437423651744,0.4676680844405594,2026-07-07 14:05:25.142342,2026-07-07 14:05:33.730309,0 days 00:00:08.587967,19.7707785296616,9,COMPLETE
918,0.012500314492293385,0.4678905560974688,2026-07-07 14:05:25.642435,2026-07-07 14:05:32.235296,0 days 00:00:06.592861,20.916984245914456,9,COMPLETE
919,0.022966743092495745,0.46599717566259935,2026-07-07 14:05:25.643818,2026-07-07 14:05:34.795877,0 days 00:00:09.152059,84.21794873920896,9,COMPLETE
920,0.018738347738260386,0.4665415523691479,2026-07-07 14:05:25.644602,2026-07-07 14:05:36.800976,0 days 00:00:11.156374,54.25929280677883,9,COMPLETE
921,0.01534421355743798,0.46676500277200544,2026-07-07 14:05:25.801935,2026-07-07 14:05:37.039017,0 days 00:00:11.237082,8.612398522055457,9,COMPLETE
922,0.017558742076242972,0.46685334099924664,2026-07-07 14:05:25.804904,2026-07-07 14:05:29.857187,0 days 00:00:04.052283,26.51889501775091,9,COMPLETE
923,0.020223365424132667,0.4658597322330119,2026-07-07 14:05:25.973078,2026-07-07 14:05:29.861589,0 days 00:00:03.888511,2.348478440489845,9,COMPLETE
924,0.16841301331752734,0.44469336621966565,2026-07-07 14:05:25.975651,2026-07-07 14:05:36.843313,0 days 00:00:10.867662,0.23934942596985972,9,COMPLETE
925,0.02071304232685317,0.4662816096745477,2026-07-07 14:05:25.980497,2026-07-07 14:05:36.805682,0 days 00:00:10.825185,67.70172329449757,9,COMPLETE
926,0.024707570708002724,0.46569735773344667,2026-07-07 14:05:26.146492,2026-07-07 14:05:36.840541,0 days 00:00:10.694049,91.85022503479159,9,COMPLETE
927,0.11245074983391479,0.4523083690271173,2026-07-07 14:05:26.306989,2026-07-07 14:05:35.286051,0 days 00:00:08.979062,0.47435667157371464,9,COMPLETE
928,0.017663301548982824,0.4669349526443164,2026-07-07 14:05:26.476719,2026-07-07 14:05:32.057919,0 days 00:00:05.581200,34.60569396984767,9,COMPLETE
929,0.01550559899630305,0.46713622889100304,2026-07-07 14:05:26.509924,2026-07-07 14:05:36.399283,0 days 00:00:09.889359,52.66771901046323,9,COMPLETE
930,0.025414179348771326,0.4656441402642212,2026-07-07 14:05:26.512712,2026-07-07 14:05:36.820618,0 days 00:00:10.307906,95.67854596671042,9,COMPLETE
931,0.016475440690360887,0.4670446197326562,2026-07-07 14:05:26.515059,2026-07-07 14:05:37.017151,0 days 00:00:10.502092,41.94154677855446,9,COMPLETE
932,0.018359484932159276,0.4666388344887698,2026-07-07 14:05:26.685153,2026-07-07 14:05:36.815126,0 days 00:00:10.129973,50.881902975875335,9,COMPLETE
933,0.023061427636144938,0.46599596304453184,2026-07-07 14:05:26.847715,2026-07-07 14:05:37.994858,0 days 00:00:11.147143,84.86597518978604,9,COMPLETE
934,0.020270832261104488,0.4663098812494373,2026-07-07 14:05:27.003828,2026-07-07 14:05:34.804747,0 days 00:00:07.800919,77.36185420330119,9,COMPLETE
935,0.010971908195931523,0.46798082110412426,2026-07-07 14:05:27.159012,2026-07-07 14:05:39.684681,0 days 00:00:12.525669,18.039935670849374,9,COMPLETE
936,0.024743044562637984,0.4656991022217442,2026-07-07 14:05:27.315930,2026-07-07 14:05:40.030319,0 days 00:00:12.714389,92.08450055452984,9,COMPLETE
937,0.026507999176555552,0.46439521557730806,2026-07-07 14:05:27.473695,2026-07-07 14:05:34.081470,0 days 00:00:06.607775,1.0136931509742886,9,COMPLETE
938,0.022854349242225847,0.4659995967021195,2026-07-07 14:05:27.474559,2026-07-07 14:05:36.763850,0 days 00:00:09.289291,83.42960617125443,9,COMPLETE
939,0.01602079686016661,0.46669740568647267,2026-07-07 14:05:27.475637,2026-07-07 14:05:34.964400,0 days 00:00:07.488763,3.922105227906023,9,COMPLETE
940,0.01311637336823629,0.4675493410280704,2026-07-07 14:05:27.827196,2026-07-07 14:05:37.058153,0 days 00:00:09.230957,31.064519278129843,9,COMPLETE
941,0.024572791367030167,0.46571066763268554,2026-07-07 14:05:28.826510,2026-07-07 14:05:40.207541,0 days 00:00:11.381031,91.44020981960995,9,COMPLETE
942,0.020265635862215026,0.46639500746097123,2026-07-07 14:05:29.312201,2026-07-07 14:05:41.370217,0 days 00:00:12.058016,61.629192155329676,9,COMPLETE
943,0.02067259043205688,0.4662369031742807,2026-07-07 14:05:29.658805,2026-07-07 14:05:39.670786,0 days 00:00:10.011981,71.51666024966273,9,COMPLETE
944,0.022270035272858424,0.4660550809699462,2026-07-07 14:05:29.868595,2026-07-07 14:05:37.056425,0 days 00:00:07.187830,64.48756543355479,9,COMPLETE
945,0.016943602629582888,0.4671226232855109,2026-07-07 14:05:30.339538,2026-07-07 14:05:40.688233,0 days 00:00:10.348695,25.07226946420715,9,COMPLETE
946,0.009731142517368674,0.46811645745310626,2026-07-07 14:05:30.993110,2026-07-07 14:05:40.043746,0 days 00:00:09.050636,16.45202102718212,9,COMPLETE
947,0.013739160677025741,0.467214394345429,2026-07-07 14:05:30.994231,2026-07-07 14:05:41.556871,0 days 00:00:10.562640,17.406626788021626,9,COMPLETE
948,0.019532664892158935,0.4663684685169625,2026-07-07 14:05:31.500002,2026-07-07 14:05:40.883372,0 days 00:00:09.383370,75.0418817478417,9,COMPLETE
949,0.014549423449802867,0.46730276495788164,2026-07-07 14:05:31.818249,2026-07-07 14:05:39.865137,0 days 00:00:08.046888,29.581086198114633,9,COMPLETE
950,0.020311654494831022,0.4663932009661954,2026-07-07 14:05:31.857612,2026-07-07 14:05:41.754983,0 days 00:00:09.897371,61.42033669473298,9,COMPLETE
951,0.016438150574117905,0.46697144086661746,2026-07-07 14:05:31.860001,2026-07-07 14:05:40.683912,0 days 00:00:08.823911,38.17900064622635,9,COMPLETE
952,0.01582897435405156,0.4673020615297942,2026-07-07 14:05:31.873516,2026-07-07 14:05:41.206625,0 days 00:00:09.333109,34.79700768810417,9,COMPLETE
953,0.013908979327462323,0.46749122337950094,2026-07-07 14:05:31.883826,2026-07-07 14:05:40.871923,0 days 00:00:08.988097,38.94404184448873,9,COMPLETE
954,0.02219891721933298,0.4660231390814849,2026-07-07 14:05:32.042646,2026-07-07 14:05:37.527218,0 days 00:00:05.484572,69.12968005015684,9,COMPLETE
955,0.02193007190861751,0.4660717377239255,2026-07-07 14:05:32.047273,2026-07-07 14:05:44.553743,0 days 00:00:12.506470,68.73711588604658,9,COMPLETE
956,0.01721054770340069,0.46705050899336353,2026-07-07 14:05:32.064395,2026-07-07 14:05:39.668265,0 days 00:00:07.603870,46.15944404642039,9,COMPLETE
957,0.014297665484614697,0.4670654717289098,2026-07-07 14:05:32.232379,2026-07-07 14:05:41.564912,0 days 00:00:09.332533,8.67421337581553,9,COMPLETE
958,0.014471754032099271,0.4673384547979138,2026-07-07 14:05:32.403539,2026-07-07 14:05:41.565068,0 days 00:00:09.161529,43.40726256483767,9,COMPLETE
959,0.020721452460523926,0.46628034387522915,2026-07-07 14:05:32.742064,2026-07-07 14:05:42.075051,0 days 00:00:09.332987,67.71338101015795,9,COMPLETE
960,0.020784766624008244,0.4662169239225531,2026-07-07 14:05:32.743862,2026-07-07 14:05:39.660088,0 days 00:00:06.916226,71.41466945603783,9,COMPLETE
961,0.02273806282611779,0.46601180225964267,2026-07-07 14:05:33.389166,2026-07-07 14:05:41.754873,0 days 00:00:08.365707,82.82478289857791,9,COMPLETE
962,0.0155055253877876,0.46715710428233914,2026-07-07 14:05:33.728940,2026-07-07 14:05:45.937092,0 days 00:00:12.208152,32.962582045575445,9,COMPLETE
963,0.020789692275787808,0.46620805886740924,2026-07-07 14:05:34.045645,2026-07-07 14:05:43.532023,0 days 00:00:09.486378,72.12222662863284,9,COMPLETE
964,0.020473200985066276,0.46628238158860924,2026-07-07 14:05:34.063430,2026-07-07 14:05:42.874563,0 days 00:00:08.811133,70.82951993775411,9,COMPLETE
965,0.021512086075401005,0.4661045020772773,2026-07-07 14:05:34.239337,2026-07-07 14:05:40.030630,0 days 00:00:05.791293,78.89624905990085,9,COMPLETE
966,0.023492579380568424,0.46591224610494714,2026-07-07 14:05:34.417494,2026-07-07 14:05:43.528570,0 days 00:00:09.111076,86.6271707575568,9,COMPLETE
967,0.025382900880013548,0.46564658045836116,2026-07-07 14:05:34.418716,2026-07-07 14:05:43.521594,0 days 00:00:09.102878,96.02627049854172,9,COMPLETE
968,0.023628298355982458,0.46587486794666105,2026-07-07 14:05:34.591539,2026-07-07 14:05:39.864883,0 days 00:00:05.273344,87.09118231257388,9,COMPLETE
969,0.02215789985792116,0.4659973513876482,2026-07-07 14:05:34.594153,2026-07-07 14:05:45.946693,0 days 00:00:11.352540,70.01471488204076,9,COMPLETE
970,0.016486423818232454,0.46711725894647016,2026-07-07 14:05:34.597496,2026-07-07 14:05:45.970865,0 days 00:00:11.373369,20.09583701828475,9,COMPLETE
971,0.018535220118283624,0.4666108379202509,2026-07-07 14:05:34.770442,2026-07-07 14:05:44.211621,0 days 00:00:09.441179,25.20213669920283,9,COMPLETE
972,0.007846493227155749,0.46857945272270496,2026-07-07 14:05:34.775751,2026-07-07 14:05:45.240559,0 days 00:00:10.464808,31.69256433206419,9,COMPLETE
973,0.008881559235573377,0.4683653703277758,2026-07-07 14:05:35.275529,2026-07-07 14:05:44.230262,0 days 00:00:08.954733,4.740245252137166,9,COMPLETE
974,0.02161260136538934,0.46609628504925915,2026-07-07 14:05:35.289716,2026-07-07 14:05:39.852844,0 days 00:00:04.563128,79.09960387436155,9,COMPLETE
975,0.017440272529815115,0.46682453324726036,2026-07-07 14:05:35.292957,2026-07-07 14:05:44.884621,0 days 00:00:09.591664,26.472113515456464,9,COMPLETE
976,0.20032019666539325,0.44021070711912424,2026-07-07 14:05:35.450901,2026-07-07 14:05:45.763048,0 days 00:00:10.312147,0.10936222404698395,9,COMPLETE
977,0.013153458396649553,0.4673690358371757,2026-07-07 14:05:36.071822,2026-07-07 14:05:45.592325,0 days 00:00:09.520503,9.721808521081977,9,COMPLETE
978,0.014867372948173974,0.4672896716426966,2026-07-07 14:05:36.562506,2026-07-07 14:05:45.952370,0 days 00:00:09.389864,32.96714672964874,9,COMPLETE
979,0.012908784686736008,0.467610009517463,2026-07-07 14:05:36.565150,2026-07-07 14:05:45.963939,0 days 00:00:09.398789,32.18809413470848,9,COMPLETE
980,0.017549359444146984,0.4668701006271251,2026-07-07 14:05:36.566610,2026-07-07 14:05:46.777351,0 days 00:00:10.210741,48.041474308424355,9,COMPLETE
981,0.01591134043659631,0.46708665596311894,2026-07-07 14:05:36.569074,2026-07-07 14:05:48.133188,0 days 00:00:11.564114,37.12835216413119,9,COMPLETE
982,0.022531396150654637,0.4660239886988079,2026-07-07 14:05:36.570088,2026-07-07 14:05:45.964520,0 days 00:00:09.394432,82.07696401533725,9,COMPLETE
983,0.005414773175950849,0.4688874823254268,2026-07-07 14:05:36.574534,2026-07-07 14:05:45.588607,0 days 00:00:09.014073,12.163554065126878,9,COMPLETE
984,0.010352270367303462,0.4680451961826448,2026-07-07 14:05:36.576918,2026-07-07 14:05:45.968824,0 days 00:00:09.391906,16.24812347815249,9,COMPLETE
985,0.02028638613050532,0.46631111505720757,2026-07-07 14:05:36.586624,2026-07-07 14:05:45.586789,0 days 00:00:09.000165,77.33874922692156,9,COMPLETE
986,0.01868697799943486,0.46653338414232737,2026-07-07 14:05:36.746586,2026-07-07 14:05:47.598653,0 days 00:00:10.852067,57.139944529505804,9,COMPLETE
987,0.02423036628786901,0.46574263912497826,2026-07-07 14:05:36.752927,2026-07-07 14:05:48.132978,0 days 00:00:11.380051,89.5514532955322,9,COMPLETE
988,0.025371474190200083,0.465647717636304,2026-07-07 14:05:36.768696,2026-07-07 14:05:45.233592,0 days 00:00:08.464896,96.10242918496145,9,COMPLETE
989,0.02369628159578968,0.4658449474515318,2026-07-07 14:05:36.776361,2026-07-07 14:05:47.596358,0 days 00:00:10.819997,87.3884041957219,9,COMPLETE
990,0.018348924529426713,0.4668142532637871,2026-07-07 14:05:36.821484,2026-07-07 14:05:48.721803,0 days 00:00:11.900319,59.43788233613273,9,COMPLETE
991,0.02458026635467475,0.465699775303755,2026-07-07 14:05:37.054976,2026-07-07 14:05:48.465518,0 days 00:00:11.410542,91.31321509660876,9,COMPLETE
992,0.020070929980708474,0.4663896272381749,2026-07-07 14:05:37.056648,2026-07-07 14:05:47.953197,0 days 00:00:10.896549,53.77892646917697,9,COMPLETE
993,0.009659538304060411,0.46798127115162697,2026-07-07 14:05:37.057217,2026-07-07 14:05:48.703583,0 days 00:00:11.646366,13.960862319640764,9,COMPLETE
994,0.02031639363337784,0.4663934098278145,2026-07-07 14:05:37.214996,2026-07-07 14:05:39.673526,0 days 00:00:02.458530,55.63224245576784,9,COMPLETE
995,0.012984990271879326,0.46745746874127897,2026-07-07 14:05:37.370782,2026-07-07 14:05:42.076482,0 days 00:00:04.705700,4.356486353272258,9,COMPLETE
996,0.025385177531741077,0.46564636156290934,2026-07-07 14:05:37.838186,2026-07-07 14:05:48.691433,0 days 00:00:10.853247,96.00972009929052,9,COMPLETE
997,0.02476370998972033,0.4657024043346851,2026-07-07 14:05:37.995450,2026-07-07 14:05:48.728244,0 days 00:00:10.732794,92.28319257936103,9,COMPLETE
998,0.059306803394143404,0.4593037485649138,2026-07-07 14:05:38.460961,2026-07-07 14:05:48.725650,0 days 00:00:10.264689,0.8649403339826064,9,COMPLETE
999,0.017837158034228806,0.46690421615068245,2026-07-07 14:05:38.462192,2026-07-07 14:05:48.723658,0 days 00:00:10.261466,60.72615338100956,9,COMPLETE
1000,0.023897263735350505,0.46510954753453704,2026-07-07 14:05:38.620657,2026-07-07 14:05:48.697100,0 days 00:00:10.076443,1.895530484000576,9,COMPLETE
1001,0.015873420618684908,0.46702802507409685,2026-07-07 14:05:38.622840,2026-07-07 14:05:44.224345,0 days 00:00:05.601505,45.26194840796433,9,COMPLETE
1002,0.019536705305351953,0.46636750844642255,2026-07-07 14:05:38.780749,2026-07-07 14:05:44.559838,0 days 00:00:05.779089,75.04775145161972,9,COMPLETE
1003,0.01868755140394862,0.46653371159612333,2026-07-07 14:05:38.943165,2026-07-07 14:05:48.682307,0 days 00:00:09.739142,57.14540140235064,9,COMPLETE
1004,0.020373420829228273,0.4663178579838373,2026-07-07 14:05:39.463015,2026-07-07 14:05:48.730717,0 days 00:00:09.267702,66.99207557619124,9,COMPLETE
1005,0.013478610314670125,0.46754546193142854,2026-07-07 14:05:40.848160,2026-07-07 14:05:51.853572,0 days 00:00:11.005412,30.577192070180953,10,COMPLETE
1006,0.020695091278959132,0.4662137602943426,2026-07-07 14:05:40.851836,2026-07-07 14:05:51.195073,0 days 00:00:10.343237,72.77882759713253,10,COMPLETE
1007,0.022841908321034388,0.4648295584672605,2026-07-07 14:05:40.853423,2026-07-07 14:05:52.363528,0 days 00:00:11.510105,1.1166124794655878,10,COMPLETE
1008,0.019114549910620005,0.4665452107373345,2026-07-07 14:05:40.856515,2026-07-07 14:05:52.358840,0 days 00:00:11.502325,40.27560932655981,10,COMPLETE
1009,0.016236316360141723,0.4669481046077462,2026-07-07 14:05:40.856974,2026-07-07 14:05:51.679914,0 days 00:00:10.822940,28.925894799433713,10,COMPLETE
1010,0.020841768730543997,0.46626002710279363,2026-07-07 14:05:40.874459,2026-07-07 14:05:48.890767,0 days 00:00:08.016308,67.82378195966888,10,COMPLETE
1011,0.021471797720311214,0.46611163872440997,2026-07-07 14:05:40.882596,2026-07-07 14:05:53.245812,0 days 00:00:12.363216,78.69207355150411,10,COMPLETE
1012,0.014758940058350878,0.4674245213403905,2026-07-07 14:05:41.043308,2026-07-07 14:05:52.556344,0 days 00:00:11.513036,24.525253418670907,10,COMPLETE
1013,0.019771326604336448,0.4663102000157898,2026-07-07 14:05:41.206913,2026-07-07 14:05:50.155689,0 days 00:00:08.948776,75.65136853912867,10,COMPLETE
1014,0.003731119460731458,0.46974872560659625,2026-07-07 14:05:41.364689,2026-07-07 14:05:52.542288,0 days 00:00:11.177599,4.221180790096423,10,COMPLETE
1015,0.021804129122964033,0.4661107680018586,2026-07-07 14:05:41.551355,2026-07-07 14:05:51.013949,0 days 00:00:09.462594,80.68283076289094,10,COMPLETE
1016,0.015606490211189539,0.4673229198051245,2026-07-07 14:05:41.552976,2026-07-07 14:05:53.277717,0 days 00:00:11.724741,19.307253610849507,10,COMPLETE
1017,0.01445158795375412,0.46719444498189855,2026-07-07 14:05:42.071451,2026-07-07 14:05:51.680521,0 days 00:00:09.609070,27.741483231616474,10,COMPLETE
1018,0.012190397593460855,0.467764251851455,2026-07-07 14:05:42.077897,2026-07-07 14:05:48.701048,0 days 00:00:06.623151,32.23753052314903,10,COMPLETE
1019,0.013782797993466711,0.4674564346648593,2026-07-07 14:05:42.079683,2026-07-07 14:05:45.971301,0 days 00:00:03.891618,33.949458869632515,10,COMPLETE
1020,0.024236780393681934,0.4657467655125387,2026-07-07 14:05:42.093393,2026-07-07 14:05:53.207256,0 days 00:00:11.113863,89.23191088755513,10,COMPLETE
1021,0.01455344936673103,0.4672914284536956,2026-07-07 14:05:43.031413,2026-07-07 14:05:50.839195,0 days 00:00:07.807782,29.38587496320811,10,COMPLETE
1022,0.019560194428897726,0.46651007605563666,2026-07-07 14:05:43.349958,2026-07-07 14:05:52.723198,0 days 00:00:09.373240,49.682727619023574,10,COMPLETE
1023,0.025231691890581553,0.4656659885934179,2026-07-07 14:05:43.350418,2026-07-07 14:05:49.206061,0 days 00:00:05.855643,94.238394734053,10,COMPLETE
1024,0.02378942462037703,0.4658584910078457,2026-07-07 14:05:43.351740,2026-07-07 14:05:52.731370,0 days 00:00:09.379630,87.6022395858345,10,COMPLETE
1025,0.012215399718523312,0.4675850264864507,2026-07-07 14:05:43.517760,2026-07-07 14:05:52.546087,0 days 00:00:09.028327,16.67010996068359,10,COMPLETE
1026,0.02037947899559661,0.4662948458889429,2026-07-07 14:05:43.522771,2026-07-07 14:05:55.384448,0 days 00:00:11.861677,76.59136904067344,10,COMPLETE
1027,0.02417906273935433,0.4657592860538351,2026-07-07 14:05:43.524275,2026-07-07 14:05:53.301832,0 days 00:00:09.777557,88.75535001758342,10,COMPLETE
1028,0.015097353268934355,0.46731625274687844,2026-07-07 14:05:43.536992,2026-07-07 14:05:53.295663,0 days 00:00:09.758671,20.306172165648068,10,COMPLETE
1029,0.014212673012922616,0.467117494179195,2026-07-07 14:05:44.550147,2026-07-07 14:05:54.711058,0 days 00:00:10.160911,8.304035094364153,10,COMPLETE
1030,0.017424068583656638,0.46692379247477817,2026-07-07 14:05:44.726795,2026-07-07 14:05:53.285658,0 days 00:00:08.558863,42.09702045266269,10,COMPLETE
1031,0.022116859621652107,0.46605200653289486,2026-07-07 14:05:45.042669,2026-07-07 14:05:48.673113,0 days 00:00:03.630444,64.92453701523765,10,COMPLETE
1032,0.019787204368202416,0.4663155455111935,2026-07-07 14:05:45.567294,2026-07-07 14:05:50.659520,0 days 00:00:05.092226,75.91912015730664,10,COMPLETE
1033,0.020461025356843243,0.46624350845526347,2026-07-07 14:05:45.576472,2026-07-07 14:05:57.065757,0 days 00:00:11.489285,73.42374110756838,10,COMPLETE
1034,0.01998039937463736,0.4660403560480204,2026-07-07 14:05:45.595193,2026-07-07 14:05:53.284847,0 days 00:00:07.689654,2.5135788465026274,10,COMPLETE
1035,0.021901246929143303,0.4661552382436937,2026-07-07 14:05:45.971463,2026-07-07 14:05:59.256343,0 days 00:00:13.284880,64.17890332777554,10,COMPLETE
1036,0.01746698714734546,0.4668137208475041,2026-07-07 14:05:46.131144,2026-07-07 14:05:57.740047,0 days 00:00:11.608903,54.03496320628348,10,COMPLETE
1037,0.023713771944110007,0.4658482914637046,2026-07-07 14:05:46.449316,2026-07-07 14:05:51.887938,0 days 00:00:05.438622,87.41573023389431,10,COMPLETE
1038,0.021227783986938586,0.4663438195272751,2026-07-07 14:05:46.607631,2026-07-07 14:05:56.051378,0 days 00:00:09.443747,63.77763247050109,10,COMPLETE
1039,0.02496300700470372,0.4656927572503165,2026-07-07 14:05:46.780161,2026-07-07 14:05:56.702317,0 days 00:00:09.922156,93.02580780338765,10,COMPLETE
1040,0.02480847535138181,0.4657037510511294,2026-07-07 14:05:46.784295,2026-07-07 14:05:57.741266,0 days 00:00:10.956971,92.5287359892437,10,COMPLETE
1041,0.017448791792795848,0.46695227745867196,2026-07-07 14:05:47.263006,2026-07-07 14:05:58.728285,0 days 00:00:11.465279,46.04310628275901,10,COMPLETE
1042,0.015248826097387591,0.46727054614150726,2026-07-07 14:05:47.263679,2026-07-07 14:05:57.715169,0 days 00:00:10.451490,46.896497768371106,10,COMPLETE
1043,0.009954081319103303,0.4682564358691703,2026-07-07 14:05:47.265286,2026-07-07 14:05:57.742164,0 days 00:00:10.476878,6.564466971138755,10,COMPLETE
1044,0.021042159125013726,0.4662350749544263,2026-07-07 14:05:47.766613,2026-07-07 14:05:53.221368,0 days 00:00:05.454755,77.72784162226938,10,COMPLETE
1045,0.013621656075573085,0.46740795468439517,2026-07-07 14:05:47.782655,2026-07-07 14:05:59.604528,0 days 00:00:11.821873,38.62557304626499,10,COMPLETE
1046,0.01503252167760083,0.46727076164867154,2026-07-07 14:05:47.942830,2026-07-07 14:05:59.599432,0 days 00:00:11.656602,42.2894443206072,10,COMPLETE
1047,0.01592779282431034,0.46710070552699867,2026-07-07 14:05:47.951448,2026-07-07 14:05:52.379943,0 days 00:00:04.428495,37.77457372819663,10,COMPLETE
1048,0.014659173436278983,0.4674035881686138,2026-07-07 14:05:47.954309,2026-07-07 14:05:53.260199,0 days 00:00:05.305890,27.790034681553234,10,COMPLETE
1049,0.021101734816897866,0.4661954191413536,2026-07-07 14:05:48.461868,2026-07-07 14:05:57.048730,0 days 00:00:08.586862,78.37696785674714,10,COMPLETE
1050,0.020264337857618275,0.4663093645739408,2026-07-07 14:05:48.640691,2026-07-07 14:06:00.730984,0 days 00:00:12.090293,77.37472637015044,10,COMPLETE
1051,0.013614947528307275,0.4672795805511661,2026-07-07 14:05:48.664092,2026-07-07 14:06:00.558114,0 days 00:00:11.894022,8.433855004850894,10,COMPLETE
1052,0.008728321698065755,0.46825401363743935,2026-07-07 14:05:48.666418,2026-07-07 14:05:59.064851,0 days 00:00:10.398433,11.06800335138526,10,COMPLETE
1053,0.01465941052578773,0.46748755786145374,2026-07-07 14:05:48.688916,2026-07-07 14:05:59.599796,0 days 00:00:10.910880,24.393616086353106,10,COMPLETE
1054,0.02004417560331595,0.46652470444623695,2026-07-07 14:05:48.703757,2026-07-07 14:06:00.034700,0 days 00:00:11.330943,62.09616688939764,10,COMPLETE
1055,0.027233467085426177,0.4646189500829118,2026-07-07 14:05:48.723942,2026-07-07 14:05:59.782777,0 days 00:00:11.058835,1.730325956687343,10,COMPLETE
1056,0.02284458276482343,0.46600053539400094,2026-07-07 14:05:48.731021,2026-07-07 14:05:59.817167,0 days 00:00:11.086146,83.36137461283079,10,COMPLETE
1057,0.012830511779129805,0.4675796784945746,2026-07-07 14:05:48.731656,2026-07-07 14:05:57.062057,0 days 00:00:08.330401,33.43667324553627,10,COMPLETE
1058,0.021630395743878594,0.46609549749506296,2026-07-07 14:05:48.889396,2026-07-07 14:06:01.303582,0 days 00:00:12.414186,79.13108330290551,10,COMPLETE
1059,0.024894219323200018,0.4656993798608017,2026-07-07 14:05:49.047534,2026-07-07 14:05:59.814473,0 days 00:00:10.766939,92.82216862615275,10,COMPLETE
1060,0.016453498056200055,0.4671037336313449,2026-07-07 14:05:49.203736,2026-07-07 14:06:00.004329,0 days 00:00:10.800593,48.009851934043255,10,COMPLETE
1061,0.016037578250901796,0.46711919006344116,2026-07-07 14:05:49.205139,2026-07-07 14:06:00.552674,0 days 00:00:11.347535,39.68289603365123,10,COMPLETE
1062,0.02170836904619522,0.46611426276914425,2026-07-07 14:05:49.206798,2026-07-07 14:06:01.286490,0 days 00:00:12.079692,68.54182753593672,10,COMPLETE
1063,0.025356579261140322,0.46565147123733003,2026-07-07 14:05:49.207671,2026-07-07 14:05:59.839063,0 days 00:00:10.631392,94.81793114552931,10,COMPLETE
1064,0.02114071317430699,0.4662004467111777,2026-07-07 14:05:49.369942,2026-07-07 14:06:00.006678,0 days 00:00:10.636736,66.16724782226309,10,COMPLETE
1065,0.023333068350400166,0.4659520382446155,2026-07-07 14:05:49.370335,2026-07-07 14:05:59.833203,0 days 00:00:10.462868,86.08820083775218,10,COMPLETE
1066,0.02176765564474309,0.4660658863225602,2026-07-07 14:05:49.528520,2026-07-07 14:05:59.823752,0 days 00:00:10.295232,70.22295272503018,10,COMPLETE
1067,0.015922473751880772,0.4671802529321225,2026-07-07 14:05:50.148310,2026-07-07 14:05:59.841720,0 days 00:00:09.693410,37.119923955372755,10,COMPLETE
1068,0.018487911405257906,0.46668561435970685,2026-07-07 14:05:50.148941,2026-07-07 14:05:57.058161,0 days 00:00:06.909220,35.008502460193995,10,COMPLETE
1069,0.008504285417697433,0.46841879002975073,2026-07-07 14:05:50.150971,2026-07-07 14:06:01.314476,0 days 00:00:11.163505,33.89704532761651,10,COMPLETE
1070,0.01976297364026386,0.46656618489297813,2026-07-07 14:05:50.154906,2026-07-07 14:05:59.235397,0 days 00:00:09.080491,60.85486480080248,10,COMPLETE
1071,0.02250757654448965,0.4660267532916629,2026-07-07 14:05:50.157697,2026-07-07 14:06:00.036852,0 days 00:00:09.879155,82.03228307792322,10,COMPLETE
1072,0.025340894574893524,0.4656509585493525,2026-07-07 14:05:50.160232,2026-07-07 14:06:00.769455,0 days 00:00:10.609223,96.27167551823571,10,COMPLETE
1073,0.02472351146900259,0.4656971297292982,2026-07-07 14:05:50.478418,2026-07-07 14:05:59.247423,0 days 00:00:08.769005,91.92975577126094,10,COMPLETE
1074,0.010237594568954511,0.4680530479443873,2026-07-07 14:05:51.194169,2026-07-07 14:06:00.036056,0 days 00:00:08.841887,31.53973689876149,10,COMPLETE
1075,0.02254822222811209,0.46602205364986354,2026-07-07 14:05:51.885271,2026-07-07 14:06:03.239534,0 days 00:00:11.354263,82.10961001726379,10,COMPLETE
1076,0.019700935746586767,0.466370247011219,2026-07-07 14:05:52.355112,2026-07-07 14:06:01.481049,0 days 00:00:09.125937,74.29889152831907,10,COMPLETE
1077,0.02080201964960504,0.46644443739412145,2026-07-07 14:05:52.554615,2026-07-07 14:05:58.712753,0 days 00:00:06.158138,63.18390143635232,10,COMPLETE
1078,0.02148752501760337,0.46615016330441705,2026-07-07 14:05:52.727622,2026-07-07 14:05:57.736397,0 days 00:00:05.008775,80.06253985138288,10,COMPLETE
1079,0.022443947264321085,0.4660340793900201,2026-07-07 14:05:52.729480,2026-07-07 14:05:57.735475,0 days 00:00:05.005995,81.91717335325713,10,COMPLETE
1080,-0.31633537947147905,0.5482322979020408,2026-07-07 14:05:52.890115,2026-07-07 14:06:04.484276,0 days 00:00:11.594161,4.499891748843523,10,COMPLETE
1081,0.02030341824133086,0.4663399129479208,2026-07-07 14:05:53.210433,2026-07-07 14:06:04.491983,0 days 00:00:11.281550,60.1280617382143,10,COMPLETE
1082,0.012364889321014205,0.4677475432772501,2026-07-07 14:05:53.220637,2026-07-07 14:06:04.258734,0 days 00:00:11.038097,17.538725628761654,10,COMPLETE
1083,0.025187875287415618,0.46567038544439165,2026-07-07 14:05:53.236999,2026-07-07 14:06:02.590709,0 days 00:00:09.353710,94.04325904560919,10,COMPLETE
1084,0.02473126381162616,0.46572633022095566,2026-07-07 14:05:53.241251,2026-07-07 14:06:01.307231,0 days 00:00:08.065980,98.37392351151333,10,COMPLETE
1085,0.025093442313262604,0.4656822638453627,2026-07-07 14:05:53.244719,2026-07-07 14:06:04.265313,0 days 00:00:11.020594,97.39429004026627,10,COMPLETE
1086,0.011317128147693811,0.46748640174253153,2026-07-07 14:05:53.248627,2026-07-07 14:06:04.289932,0 days 00:00:11.041305,11.956087182723659,10,COMPLETE
1087,0.017491785197193743,0.4669286341409993,2026-07-07 14:05:53.250878,2026-07-07 14:06:01.121466,0 days 00:00:07.870588,51.73285267010529,10,COMPLETE
1088,0.025379331585924647,0.4656469293230054,2026-07-07 14:05:53.263803,2026-07-07 14:06:04.269782,0 days 00:00:11.005979,96.05119385118032,10,COMPLETE
1089,0.020008311915665822,0.4663424313743806,2026-07-07 14:05:53.277049,2026-07-07 14:06:04.276512,0 days 00:00:10.999463,55.898926673996215,10,COMPLETE
1090,0.020794091477665477,0.4661964429586499,2026-07-07 14:05:53.278050,2026-07-07 14:06:04.490954,0 days 00:00:11.212904,72.58136251996578,10,COMPLETE
1091,0.013820181897497008,0.46738421245169104,2026-07-07 14:05:53.292877,2026-07-07 14:05:59.248361,0 days 00:00:05.955484,3.892545279001313,10,COMPLETE
1092,0.02040407980033826,0.4662961565158184,2026-07-07 14:05:53.459068,2026-07-07 14:06:04.288055,0 days 00:00:10.828987,76.60789954668869,10,COMPLETE
1093,0.0173666648501688,0.4668134354076263,2026-07-07 14:05:54.701678,2026-07-07 14:06:04.503554,0 days 00:00:09.801876,53.452674576362945,10,COMPLETE
1094,0.021431363152109195,0.46612577579264014,2026-07-07 14:05:55.026363,2026-07-07 14:06:04.310412,0 days 00:00:09.284049,78.53020291114879,10,COMPLETE
1095,0.022226953321614507,0.46602532450943396,2026-07-07 14:05:55.182462,2026-07-07 14:06:03.231823,0 days 00:00:08.049361,65.15938982236871,10,COMPLETE
1096,0.02457911052074524,0.4657001009828452,2026-07-07 14:05:55.189679,2026-07-07 14:06:04.505447,0 days 00:00:09.315768,91.31510447000831,10,COMPLETE
1097,0.013449898004994632,0.46773642080441946,2026-07-07 14:05:55.192415,2026-07-07 14:06:06.170197,0 days 00:00:10.977782,24.343094767029907,10,COMPLETE
1098,0.020878192989044864,0.4662613646667003,2026-07-07 14:05:55.205359,2026-07-07 14:06:01.474612,0 days 00:00:06.269253,77.19805934032213,10,COMPLETE
1099,0.024078504314529514,0.465757372579931,2026-07-07 14:05:55.206412,2026-07-07 14:06:04.678120,0 days 00:00:09.471708,90.63586988527597,10,COMPLETE
1100,0.01648859258377222,0.4668663547516131,2026-07-07 14:05:56.034693,2026-07-07 14:06:07.839742,0 days 00:00:11.805049,30.229891213796158,10,COMPLETE
1101,0.006845796404062965,0.46864079399025643,2026-07-07 14:05:57.070118,2026-07-07 14:06:07.513617,0 days 00:00:10.443499,16.72042688561128,10,COMPLETE
1102,0.023188824055721424,0.46597863203962325,2026-07-07 14:05:57.713277,2026-07-07 14:06:09.231606,0 days 00:00:11.518329,85.43687728364075,10,COMPLETE
1103,0.008141963731969015,0.46843027940673687,2026-07-07 14:05:58.718598,2026-07-07 14:06:08.311883,0 days 00:00:09.593285,17.325997023904158,10,COMPLETE
1104,0.01190629505112184,0.46766283358444694,2026-07-07 14:05:59.224062,2026-07-07 14:06:07.316397,0 days 00:00:08.092335,19.542523004732583,10,COMPLETE
1105,0.014820315338348544,0.4672755556347735,2026-07-07 14:05:59.225065,2026-07-07 14:06:08.354892,0 days 00:00:09.129827,23.881718687828194,10,COMPLETE
1106,0.020146418902906582,0.46652614839915973,2026-07-07 14:05:59.251377,2026-07-07 14:06:04.284449,0 days 00:00:05.033072,62.33855849450602,11,COMPLETE
1107,0.02538473443585937,0.46564790110113286,2026-07-07 14:05:59.587456,2026-07-07 14:06:08.895706,0 days 00:00:09.308250,94.99016509363271,11,COMPLETE
1108,0.025152898363817622,0.46567350872748886,2026-07-07 14:05:59.607751,2026-07-07 14:06:04.671414,0 days 00:00:05.063663,97.04072183696871,11,COMPLETE
1109,0.010542264921098388,0.46771493949960397,2026-07-07 14:05:59.610861,2026-07-07 14:06:07.341057,0 days 00:00:07.730196,15.49165772309162,11,COMPLETE
1110,0.022197871781522827,0.46602335333262035,2026-07-07 14:05:59.617195,2026-07-07 14:06:10.115777,0 days 00:00:10.498582,69.12810174147823,11,COMPLETE
1111,0.022324218529712114,0.4659692189666008,2026-07-07 14:05:59.779121,2026-07-07 14:06:09.586378,0 days 00:00:09.807257,69.83949367127724,11,COMPLETE
1112,0.02228696290613097,0.4660031758088481,2026-07-07 14:05:59.787621,2026-07-07 14:06:07.343307,0 days 00:00:07.555686,69.44045182961796,11,COMPLETE
1113,0.013761416541852367,0.4672231073532479,2026-07-07 14:05:59.788517,2026-07-07 14:06:08.869633,0 days 00:00:09.081116,8.570860057571442,11,COMPLETE
1114,0.01707856185415385,0.4670175517533949,2026-07-07 14:06:00.004731,2026-07-07 14:06:08.892984,0 days 00:00:08.888253,48.52037847979673,11,COMPLETE
1115,0.014543136383183053,0.4670486981631177,2026-07-07 14:06:00.006262,2026-07-07 14:06:06.159773,0 days 00:00:06.153511,8.840183183983129,11,COMPLETE
1116,0.013684930133441853,0.46742897696570196,2026-07-07 14:06:00.035403,2026-07-07 14:06:08.317398,0 days 00:00:08.281995,34.43638140248601,11,COMPLETE
1117,0.009247423167509983,0.4685210275230988,2026-07-07 14:06:00.231834,2026-07-07 14:06:06.151822,0 days 00:00:05.919988,11.577137568509086,11,COMPLETE
1118,0.018208256868089467,0.4666644969038953,2026-07-07 14:06:00.558402,2026-07-07 14:06:09.407419,0 days 00:00:08.849017,50.82797221623542,11,COMPLETE
1119,0.024504745876763545,0.4656974319979987,2026-07-07 14:06:00.721400,2026-07-07 14:06:09.071197,0 days 00:00:08.349797,91.13996380334409,11,COMPLETE
1120,0.013562599463102565,0.4675285421656387,2026-07-07 14:06:00.729578,2026-07-07 14:06:08.334348,0 days 00:00:07.604770,17.184486394903363,11,COMPLETE
1121,0.010908602940080503,0.46798071886623327,2026-07-07 14:06:00.773813,2026-07-07 14:06:04.683017,0 days 00:00:03.909204,13.880940543161612,11,COMPLETE
1122,0.012493717897634038,0.4678040909378903,2026-07-07 14:06:00.777421,2026-07-07 14:06:10.782643,0 days 00:00:10.005222,23.90154998725418,11,COMPLETE
1123,0.020841978227839675,0.4662306550603456,2026-07-07 14:06:00.780250,2026-07-07 14:06:04.841200,0 days 00:00:04.060950,70.63539105846802,11,COMPLETE
1124,0.01303398542553652,0.4674967527873654,2026-07-07 14:06:00.784193,2026-07-07 14:06:10.624337,0 days 00:00:09.840144,18.72167178043401,11,COMPLETE
1125,0.01663910794246709,0.46646648713820343,2026-07-07 14:06:01.097568,2026-07-07 14:06:09.942027,0 days 00:00:08.844459,8.631318997070748,11,COMPLETE
1126,0.003703678520604492,0.4693642408241976,2026-07-07 14:06:01.121820,2026-07-07 14:06:12.258532,0 days 00:00:11.136712,19.70250588851096,11,COMPLETE
1127,0.016776235659727523,0.4671191503072128,2026-07-07 14:06:01.123768,2026-07-07 14:06:12.812520,0 days 00:00:11.688752,48.73601878018806,11,COMPLETE
1128,0.022171960209056485,0.46606590430262074,2026-07-07 14:06:01.125729,2026-07-07 14:06:08.871209,0 days 00:00:07.745480,81.40141433956947,11,COMPLETE
1129,0.025041093018975058,0.46568770399808834,2026-07-07 14:06:01.284694,2026-07-07 14:06:12.822429,0 days 00:00:11.537735,97.6703695848488,11,COMPLETE
1130,0.008531274316964599,0.46842083773162346,2026-07-07 14:06:01.286309,2026-07-07 14:06:10.621467,0 days 00:00:09.335158,9.486817886040658,11,COMPLETE
1131,0.02165051614131841,0.46609614356434526,2026-07-07 14:06:01.292364,2026-07-07 14:06:14.104719,0 days 00:00:12.812355,79.17449674584462,11,COMPLETE
1132,0.017407073355653058,0.4670225151750427,2026-07-07 14:06:01.307438,2026-07-07 14:06:12.794785,0 days 00:00:11.487347,48.989353695029216,11,COMPLETE
1133,0.020447842733651245,0.46625991836373937,2026-07-07 14:06:01.308080,2026-07-07 14:06:10.781270,0 days 00:00:09.473190,55.592608895605636,11,COMPLETE
1134,0.01889453293468224,0.4667284832311909,2026-07-07 14:06:01.310270,2026-07-07 14:06:11.591293,0 days 00:00:10.281023,60.1403888517157,11,COMPLETE
1135,0.01223578587374402,0.46758702622211873,2026-07-07 14:06:01.310915,2026-07-07 14:06:09.582412,0 days 00:00:08.271497,18.538786072742504,11,COMPLETE
1136,0.02221632890171954,0.46602683605092865,2026-07-07 14:06:01.314844,2026-07-07 14:06:10.131847,0 days 00:00:08.817003,65.19990593903302,11,COMPLETE
1137,0.01261995450397474,0.4673907638545982,2026-07-07 14:06:01.473695,2026-07-07 14:06:09.596990,0 days 00:00:08.123295,15.774998035499177,11,COMPLETE
1138,0.024148508046930306,0.465762493863737,2026-07-07 14:06:01.947370,2026-07-07 14:06:12.635277,0 days 00:00:10.687907,88.96860149700908,11,COMPLETE
1139,0.015643716080298298,0.46712102782305104,2026-07-07 14:06:01.952836,2026-07-07 14:06:08.865143,0 days 00:00:06.912307,37.616140150972015,11,COMPLETE
1140,0.010590210634003672,0.46794588994176256,2026-07-07 14:06:02.111487,2026-07-07 14:06:09.421876,0 days 00:00:07.310389,9.377048336618852,11,COMPLETE
1141,0.01858719150140803,0.46657928057211073,2026-07-07 14:06:02.112843,2026-07-07 14:06:14.146514,0 days 00:00:12.033671,56.868684473176586,11,COMPLETE
1142,0.018188412180991043,0.46663435466467296,2026-07-07 14:06:02.278644,2026-07-07 14:06:14.112732,0 days 00:00:11.834088,2.750745737326978,11,COMPLETE
1143,0.006596209625110094,0.46867618688834184,2026-07-07 14:06:02.747029,2026-07-07 14:06:08.859727,0 days 00:00:06.112698,12.742349957254671,11,COMPLETE
1144,0.018352200794393814,0.46670855570399317,2026-07-07 14:06:02.759229,2026-07-07 14:06:13.949266,0 days 00:00:11.190037,51.011256831227286,11,COMPLETE
1145,0.01644016533362891,0.46702132711436756,2026-07-07 14:06:03.074824,2026-07-07 14:06:12.827910,0 days 00:00:09.753086,41.681506292966496,11,COMPLETE
1146,0.022128969096492035,0.4660713710401195,2026-07-07 14:06:03.233938,2026-07-07 14:06:12.622395,0 days 00:00:09.388457,81.31780468937374,11,COMPLETE
1147,0.018132120196688695,0.4666322494364615,2026-07-07 14:06:04.086687,2026-07-07 14:06:14.134938,0 days 00:00:10.048251,57.43803613296996,11,COMPLETE
1148,0.008577751770095343,0.4681913898685417,2026-07-07 14:06:04.294860,2026-07-07 14:06:14.166855,0 days 00:00:09.871995,5.419147251085003,11,COMPLETE
1149,0.024571507495444733,0.46569792330334403,2026-07-07 14:06:04.672523,2026-07-07 14:06:14.172168,0 days 00:00:09.499645,91.2920973505134,11,COMPLETE
1150,0.021076735103777944,0.46620967086440634,2026-07-07 14:06:04.683293,2026-07-07 14:06:14.833889,0 days 00:00:10.150596,66.2034479934191,11,COMPLETE
1151,0.016232389174505146,0.4669544065863839,2026-07-07 14:06:04.684445,2026-07-07 14:06:15.305670,0 days 00:00:10.621225,31.544766954508752,11,COMPLETE
1152,0.012906688088280327,0.4675484155303277,2026-07-07 14:06:04.996363,2026-07-07 14:06:16.188328,0 days 00:00:11.191965,30.61675236284213,11,COMPLETE
1153,0.010638552782333388,0.4681160070190023,2026-07-07 14:06:04.996971,2026-07-07 14:06:14.347542,0 days 00:00:09.350571,32.430382739520184,11,COMPLETE
1154,0.016045667490347137,0.4670743835649591,2026-07-07 14:06:05.000231,2026-07-07 14:06:16.006036,0 days 00:00:11.005805,23.05474841456198,11,COMPLETE
1155,0.015737387146493753,0.46718582925285423,2026-07-07 14:06:05.008411,2026-07-07 14:06:14.671828,0 days 00:00:09.663417,52.19843393797473,11,COMPLETE
1156,0.011802541668968325,0.4677608341301686,2026-07-07 14:06:05.164196,2026-07-07 14:06:16.346136,0 days 00:00:11.181940,6.627312531081149,11,COMPLETE
1157,0.01254251670044404,0.46768236825132825,2026-07-07 14:06:05.164550,2026-07-07 14:06:16.984065,0 days 00:00:11.819515,14.894964441343909,11,COMPLETE
1158,0.02215184897307354,0.4660684619233237,2026-07-07 14:06:05.477431,2026-07-07 14:06:16.349441,0 days 00:00:10.872010,81.36230117130671,11,COMPLETE
1159,0.015747756786596845,0.4671177811687026,2026-07-07 14:06:05.634464,2026-07-07 14:06:16.007078,0 days 00:00:10.372614,33.17417581097499,11,COMPLETE
1160,0.021785510848517375,0.46618389481768835,2026-07-07 14:06:05.791989,2026-07-07 14:06:17.312481,0 days 00:00:11.520492,64.12191166782858,11,COMPLETE
1161,0.008863195223584142,0.46848049743594783,2026-07-07 14:06:05.792368,2026-07-07 14:06:14.666913,0 days 00:00:08.874545,12.127746525308684,11,COMPLETE
1162,0.017382209304647067,0.4668350933368237,2026-07-07 14:06:05.806802,2026-07-07 14:06:14.339115,0 days 00:00:08.532313,40.85771907050623,11,COMPLETE
1163,0.01232101807889252,0.46782437573007873,2026-07-07 14:06:05.820370,2026-07-07 14:06:12.634260,0 days 00:00:06.813890,22.07070816261662,11,COMPLETE
1164,0.015711793292295717,0.46720189329902606,2026-07-07 14:06:05.821313,2026-07-07 14:06:14.992425,0 days 00:00:09.171112,25.73254399365207,11,COMPLETE
1165,0.014565121495130895,0.46718998932821115,2026-07-07 14:06:06.483209,2026-07-07 14:06:12.799967,0 days 00:00:06.316758,33.5883640776158,11,COMPLETE
1166,0.014208747288215806,0.4675797704015866,2026-07-07 14:06:07.330308,2026-07-07 14:06:16.821777,0 days 00:00:09.491469,21.465501110703364,11,COMPLETE
1167,0.019840734267835336,0.4664481144749855,2026-07-07 14:06:07.521875,2026-07-07 14:06:12.804906,0 days 00:00:05.283031,53.68244290446219,11,COMPLETE
1168,0.014068051740542209,0.46750655602246693,2026-07-07 14:06:07.679242,2026-07-07 14:06:19.279651,0 days 00:00:11.600409,38.87887174687256,11,COMPLETE
1169,0.022049409170701695,0.4661221495405732,2026-07-07 14:06:08.318004,2026-07-07 14:06:13.300170,0 days 00:00:04.982166,64.24204117369571,11,COMPLETE
1170,0.024172668993785118,0.46576293058114393,2026-07-07 14:06:09.238263,2026-07-07 14:06:19.872886,0 days 00:00:10.634623,88.58338236599994,11,COMPLETE
1171,0.017300937779338277,0.4669167578150238,2026-07-07 14:06:09.409787,2026-07-07 14:06:19.672451,0 days 00:00:10.262664,42.17755841200409,11,COMPLETE
1172,0.019839930690550733,0.46650753092278474,2026-07-07 14:06:09.410968,2026-07-07 14:06:19.847657,0 days 00:00:10.436689,61.807116952935466,11,COMPLETE
1173,0.014660729067134504,0.46734183653509953,2026-07-07 14:06:09.595312,2026-07-07 14:06:20.575224,0 days 00:00:10.979912,30.95560909149623,11,COMPLETE
1174,0.015535513065990048,0.46727843987912204,2026-07-07 14:06:09.755603,2026-07-07 14:06:19.661108,0 days 00:00:09.905505,36.67383693233109,11,COMPLETE
1175,0.01918460464477212,0.4667180892927421,2026-07-07 14:06:09.760634,2026-07-07 14:06:15.814193,0 days 00:00:06.053559,59.14654005557727,11,COMPLETE
1176,0.018058308056229877,0.46675155957511416,2026-07-07 14:06:09.762527,2026-07-07 14:06:19.847248,0 days 00:00:10.084721,51.423952710406994,11,COMPLETE
1177,0.007809626445574813,0.4685373920129857,2026-07-07 14:06:09.763366,2026-07-07 14:06:22.425926,0 days 00:00:12.662560,33.97381357326282,11,COMPLETE
1178,0.020800799139289727,0.4662582715706649,2026-07-07 14:06:09.764952,2026-07-07 14:06:19.290771,0 days 00:00:09.525819,77.00022085766493,11,COMPLETE
1179,0.019197267698530807,0.466469940251935,2026-07-07 14:06:09.922411,2026-07-07 14:06:19.837115,0 days 00:00:09.914704,56.47114226368137,11,COMPLETE
1180,0.025417834351862456,0.4656438306082796,2026-07-07 14:06:09.923442,2026-07-07 14:06:20.774463,0 days 00:00:10.851021,95.55780860780266,11,COMPLETE
1181,0.011342949856148699,0.46793110777964825,2026-07-07 14:06:09.929216,2026-07-07 14:06:20.543647,0 days 00:00:10.614431,26.405942307561094,11,COMPLETE
1182,0.022603364297792417,0.4660160271151611,2026-07-07 14:06:09.932306,2026-07-07 14:06:20.592828,0 days 00:00:10.660522,82.22759016853554,11,COMPLETE
1183,0.011882031899175638,0.46755375330909243,2026-07-07 14:06:09.932872,2026-07-07 14:06:20.374607,0 days 00:00:10.441735,8.12576583043653,11,COMPLETE
1184,0.01789384101506103,0.4667659053287731,2026-07-07 14:06:09.952331,2026-07-07 14:06:19.855547,0 days 00:00:09.903216,54.51668970089014,11,COMPLETE
1185,0.007633829892933763,0.46831689970904616,2026-07-07 14:06:10.601743,2026-07-07 14:06:20.770794,0 days 00:00:10.169051,18.71823008589769,11,COMPLETE
1186,0.01730990491487372,0.46696493424889496,2026-07-07 14:06:10.603661,2026-07-07 14:06:20.605841,0 days 00:00:10.002180,48.06453962310388,11,COMPLETE
1187,0.02219153610346153,0.46602464592810317,2026-07-07 14:06:10.781499,2026-07-07 14:06:20.538278,0 days 00:00:09.756779,69.11857041015638,11,COMPLETE
1188,0.015929416252187967,0.4668953691577429,2026-07-07 14:06:10.783708,2026-07-07 14:06:20.371706,0 days 00:00:09.587998,3.844446825946925,11,COMPLETE
1189,0.025231643969412743,0.46566599359216965,2026-07-07 14:06:10.784989,2026-07-07 14:06:20.774219,0 days 00:00:09.989230,94.2381833887085,11,COMPLETE
1190,0.012378832984714372,0.46771687808352513,2026-07-07 14:06:11.253281,2026-07-07 14:06:20.773562,0 days 00:00:09.520281,14.51815689380038,11,COMPLETE
1191,0.017206008606284018,0.4669002782847357,2026-07-07 14:06:11.574085,2026-07-07 14:06:25.440105,0 days 00:00:13.866020,39.54810572794036,11,COMPLETE
1192,0.020969156125736466,0.4662078653096924,2026-07-07 14:06:11.574476,2026-07-07 14:06:22.478731,0 days 00:00:10.904255,70.56977519807167,11,COMPLETE
1193,0.021192806639688366,0.46620144249624246,2026-07-07 14:06:11.591455,2026-07-07 14:06:21.581337,0 days 00:00:09.989882,61.105712242814285,11,COMPLETE
1194,0.02284103532447973,0.4660009494718248,2026-07-07 14:06:11.904741,2026-07-07 14:06:17.784794,0 days 00:00:05.880053,83.33139426797918,11,COMPLETE
1195,0.020775406911696603,0.4661998639094477,2026-07-07 14:06:12.080607,2026-07-07 14:06:22.640464,0 days 00:00:10.559857,72.62520821539181,11,COMPLETE
1196,0.019255276617255845,0.4666292736426989,2026-07-07 14:06:12.083720,2026-07-07 14:06:21.751551,0 days 00:00:09.667831,60.14250361228899,11,COMPLETE
1197,0.023875194032657587,0.4648442838133921,2026-07-07 14:06:12.088388,2026-07-07 14:06:21.785407,0 days 00:00:09.697019,1.910707172339369,11,COMPLETE
1198,0.016763523427091864,0.46708712676479225,2026-07-07 14:06:12.806519,2026-07-07 14:06:22.458258,0 days 00:00:09.651739,42.817934136340895,11,COMPLETE
1199,0.014537417834101729,0.4670254217157257,2026-07-07 14:06:12.815200,2026-07-07 14:06:22.643495,0 days 00:00:09.828295,3.3892951761400387,11,COMPLETE
1200,0.011129571311108588,0.46775780360256597,2026-07-07 14:06:13.934974,2026-07-07 14:06:23.277669,0 days 00:00:09.342695,18.351068290276658,11,COMPLETE
1201,0.02021985660605158,0.4662853651851863,2026-07-07 14:06:13.939373,2026-07-07 14:06:23.281188,0 days 00:00:09.341815,73.84941608197025,11,COMPLETE
1202,0.02515874877938984,0.4656731665564692,2026-07-07 14:06:13.946858,2026-07-07 14:06:18.767931,0 days 00:00:04.821073,93.91021066023566,11,COMPLETE
1203,0.018645632504432408,0.466735240537096,2026-07-07 14:06:14.107852,2026-07-07 14:06:23.293255,0 days 00:00:09.185403,49.56443301694253,11,COMPLETE
1204,0.020076352765101446,0.46638825958230035,2026-07-07 14:06:14.111655,2026-07-07 14:06:19.670219,0 days 00:00:05.558564,53.78051800700113,11,COMPLETE
1205,0.0229991222831874,0.46600413982330047,2026-07-07 14:06:14.148722,2026-07-07 14:06:21.744992,0 days 00:00:07.596270,84.6496754574033,11,COMPLETE
1206,0.016796639656980694,0.46699829136720733,2026-07-07 14:06:14.150343,2026-07-07 14:06:25.768746,0 days 00:00:11.618403,40.82580127358386,11,COMPLETE
1207,0.01955925687906418,0.4663840167566767,2026-07-07 14:06:14.153397,2026-07-07 14:06:25.395625,0 days 00:00:11.242228,74.37823716215895,11,COMPLETE
1208,0.02016408223647237,0.46636586191421747,2026-07-07 14:06:14.333342,2026-07-07 14:06:25.377200,0 days 00:00:11.043858,67.04137418597644,11,COMPLETE
1209,0.020512424208879387,0.46623757442407626,2026-07-07 14:06:14.341476,2026-07-07 14:06:25.769065,0 days 00:00:11.427589,55.79531029746786,11,COMPLETE
1210,0.01771105587616717,0.4667605496877074,2026-07-07 14:06:14.675681,2026-07-07 14:06:27.348001,0 days 00:00:12.672320,44.67811502432953,12,COMPLETE
1211,0.012946214560522806,0.4677535172042895,2026-07-07 14:06:14.992299,2026-07-07 14:06:20.549317,0 days 00:00:05.557018,35.96043622976043,12,COMPLETE
1212,0.0688544026967765,0.4580999741029836,2026-07-07 14:06:14.993140,2026-07-07 14:06:20.592241,0 days 00:00:05.599101,0.7691759602962848,12,COMPLETE
1213,0.012535005926601006,0.4675301768702191,2026-07-07 14:06:15.307251,2026-07-07 14:06:26.108583,0 days 00:00:10.801332,18.487875637071465,12,COMPLETE
1214,0.01655007615028381,0.467266874896768,2026-07-07 14:06:15.309198,2026-07-07 14:06:25.769424,0 days 00:00:10.460226,43.81272416756911,12,COMPLETE
1215,0.015997097220660228,0.46700826586711114,2026-07-07 14:06:15.310074,2026-07-07 14:06:27.150109,0 days 00:00:11.840035,37.61830620897925,12,COMPLETE
1216,0.02152436675213254,0.46613579202106326,2026-07-07 14:06:15.312383,2026-07-07 14:06:28.012656,0 days 00:00:12.700273,41.65103884924277,12,COMPLETE
1217,0.014744835312950566,0.4674602565314671,2026-07-07 14:06:15.314425,2026-07-07 14:06:26.772345,0 days 00:00:11.457920,21.222549989224845,12,COMPLETE
1218,0.02034767148226707,0.4663233661817093,2026-07-07 14:06:15.627295,2026-07-07 14:06:25.935089,0 days 00:00:10.307794,66.87619073447604,12,COMPLETE
1219,0.024881817942716378,0.4657058208384145,2026-07-07 14:06:15.630569,2026-07-07 14:06:27.122109,0 days 00:00:11.491540,98.08943442293409,12,COMPLETE
1220,0.023333940942826703,0.46595179544069637,2026-07-07 14:06:15.631734,2026-07-07 14:06:26.774236,0 days 00:00:11.142502,86.09168840628712,12,COMPLETE
1221,0.019975613236287104,0.4662915158993403,2026-07-07 14:06:15.633684,2026-07-07 14:06:20.370555,0 days 00:00:04.736871,76.2391490399728,12,COMPLETE
1222,0.01872951059049527,0.4665226021827369,2026-07-07 14:06:15.822440,2026-07-07 14:06:25.389588,0 days 00:00:09.567148,57.07882781857121,12,COMPLETE
1223,0.019013450755451522,0.4664514953171196,2026-07-07 14:06:15.837545,2026-07-07 14:06:25.941233,0 days 00:00:10.103688,41.377281054659335,12,COMPLETE
1224,0.01825107426049416,0.46667169113070306,2026-07-07 14:06:15.997755,2026-07-07 14:06:26.956334,0 days 00:00:10.958579,55.20018272178529,12,COMPLETE
1225,0.016989404904194427,0.46645078201136364,2026-07-07 14:06:16.819844,2026-07-07 14:06:27.344337,0 days 00:00:10.524493,3.159896727627256,12,COMPLETE
1226,0.024895498816450035,0.4656992717364014,2026-07-07 14:06:17.469081,2026-07-07 14:06:30.883665,0 days 00:00:13.414584,92.825785498411,12,COMPLETE
1227,0.020808522647151495,0.46627425384089893,2026-07-07 14:06:17.626968,2026-07-07 14:06:22.456389,0 days 00:00:04.829421,77.13897305131066,12,COMPLETE
1228,0.021981581624280988,0.4660897181487549,2026-07-07 14:06:18.256339,2026-07-07 14:06:23.285100,0 days 00:00:05.028761,81.03034474709887,12,COMPLETE
1229,0.010920857430167186,0.46799447590714544,2026-07-07 14:06:18.260330,2026-07-07 14:06:27.126436,0 days 00:00:08.866106,31.845399929217475,12,COMPLETE
1230,0.016592089921644515,0.4670766645306378,2026-07-07 14:06:18.262005,2026-07-07 14:06:29.856782,0 days 00:00:11.594777,42.20445424090809,12,COMPLETE
1231,0.023089170326398234,0.46599193083776524,2026-07-07 14:06:19.102458,2026-07-07 14:06:29.202155,0 days 00:00:10.099697,84.9622523527995,12,COMPLETE
1232,0.011943801236696916,0.4674828794156947,2026-07-07 14:06:19.106799,2026-07-07 14:06:29.000330,0 days 00:00:09.893531,17.01911623601862,12,COMPLETE
1233,0.016248142298817603,0.4670314785178612,2026-07-07 14:06:19.666207,2026-07-07 14:06:30.948226,0 days 00:00:11.282019,37.27252102757848,12,COMPLETE
1234,0.021624422858836978,0.46609568171194693,2026-07-07 14:06:19.870440,2026-07-07 14:06:29.543677,0 days 00:00:09.673237,79.12048231412906,12,COMPLETE
1235,0.023128730137375264,0.46598685360526115,2026-07-07 14:06:20.368496,2026-07-07 14:06:29.868430,0 days 00:00:09.499934,85.13408743083667,12,COMPLETE
1236,0.012802079490516649,0.46744737992927876,2026-07-07 14:06:20.583922,2026-07-07 14:06:29.545230,0 days 00:00:08.961308,7.115292538288346,12,COMPLETE
1237,0.02048330236917001,0.4662685203729324,2026-07-07 14:06:20.587072,2026-07-07 14:06:25.382736,0 days 00:00:04.795664,70.98685349611065,12,COMPLETE
1238,0.016777648501550613,0.4671433418568907,2026-07-07 14:06:20.611164,2026-07-07 14:06:28.018843,0 days 00:00:07.407679,35.417370330594714,12,COMPLETE
1239,0.02164622252542464,0.4661298998347481,2026-07-07 14:06:20.774720,2026-07-07 14:06:31.612558,0 days 00:00:10.837838,80.38472846121444,12,COMPLETE
1240,0.008961119732036948,0.4683001052173362,2026-07-07 14:06:20.776643,2026-07-07 14:06:27.354647,0 days 00:00:06.578004,33.85726963067728,12,COMPLETE
1241,0.02463371084377136,0.4657393159505496,2026-07-07 14:06:20.933678,2026-07-07 14:06:31.114258,0 days 00:00:10.180580,98.59444549274271,12,COMPLETE
1242,0.018021240392371962,0.4667715840853292,2026-07-07 14:06:20.935552,2026-07-07 14:06:30.899209,0 days 00:00:09.963657,49.45272542309079,12,COMPLETE
1243,0.0179046205977082,0.46683295764279814,2026-07-07 14:06:21.091703,2026-07-07 14:06:30.186966,0 days 00:00:09.095263,51.27390065238014,12,COMPLETE
1244,0.019899773785854724,0.46659998134325353,2026-07-07 14:06:21.092302,2026-07-07 14:06:30.204447,0 days 00:00:09.112145,62.597056854167114,12,COMPLETE
1245,0.014943422387128869,0.46731985025168654,2026-07-07 14:06:21.093276,2026-07-07 14:06:31.606923,0 days 00:00:10.513647,36.84004790491218,12,COMPLETE
1246,0.025311564351223614,0.465656997731309,2026-07-07 14:06:21.415093,2026-07-07 14:06:31.597936,0 days 00:00:10.182843,94.59435190434857,12,COMPLETE
1247,0.013081617269840806,0.46743148754976693,2026-07-07 14:06:21.581721,2026-07-07 14:06:25.402570,0 days 00:00:03.820849,5.266606886730747,12,COMPLETE
1248,0.020760715595783186,0.4662280540083879,2026-07-07 14:06:21.583073,2026-07-07 14:06:29.378887,0 days 00:00:07.795814,71.26230079444389,12,COMPLETE
1249,0.020342674869147703,0.466400174876484,2026-07-07 14:06:21.744634,2026-07-07 14:06:30.701933,0 days 00:00:08.957299,55.63382430194351,12,COMPLETE
1250,0.016967578586849774,0.46686826124621245,2026-07-07 14:06:21.745976,2026-07-07 14:06:31.598649,0 days 00:00:09.852673,37.49612592389334,12,COMPLETE
1251,0.008048599203682505,0.46840729952196236,2026-07-07 14:06:21.747001,2026-07-07 14:06:28.667069,0 days 00:00:06.920068,11.468945645552607,12,COMPLETE
1252,0.012940011601635715,0.4674539182119602,2026-07-07 14:06:21.751039,2026-07-07 14:06:27.149895,0 days 00:00:05.398856,8.963437635169495,12,COMPLETE
1253,0.01374846419994219,0.46770323544771597,2026-07-07 14:06:21.754378,2026-07-07 14:06:30.885839,0 days 00:00:09.131461,19.615508427282602,12,COMPLETE
1254,0.016218953587493534,0.467182398277118,2026-07-07 14:06:21.756346,2026-07-07 14:06:30.935050,0 days 00:00:09.178704,46.57553625990739,12,COMPLETE
1255,0.010914747829782467,0.4679876013780581,2026-07-07 14:06:21.765613,2026-07-07 14:06:28.669655,0 days 00:00:06.904042,31.20381153359232,12,COMPLETE
1256,0.00796785457037108,0.4685536133594846,2026-07-07 14:06:21.767827,2026-07-07 14:06:33.416784,0 days 00:00:11.648957,10.431078156386956,12,COMPLETE
1257,0.011893295369100276,0.4678018093409809,2026-07-07 14:06:21.769917,2026-07-07 14:06:28.018228,0 days 00:00:06.248311,32.191044635446055,12,COMPLETE
1258,0.012686667994285084,0.46748668112516956,2026-07-07 14:06:21.771512,2026-07-07 14:06:34.601304,0 days 00:00:12.829792,33.68573396772941,12,COMPLETE
1259,0.025100870416285614,0.46567867617537484,2026-07-07 14:06:21.779594,2026-07-07 14:06:31.626928,0 days 00:00:09.847334,93.63472921294378,12,COMPLETE
1260,0.005141231964362114,0.46908184623970367,2026-07-07 14:06:22.250314,2026-07-07 14:06:31.941902,0 days 00:00:09.691588,10.161440239053936,12,COMPLETE
1261,0.016869083546965757,0.4670196835998902,2026-07-07 14:06:22.468370,2026-07-07 14:06:30.916849,0 days 00:00:08.448479,41.87021598000496,12,COMPLETE
1262,0.009874075183888997,0.46804046886737866,2026-07-07 14:06:22.803112,2026-07-07 14:06:34.273610,0 days 00:00:11.470498,9.434618423281547,12,COMPLETE
1263,0.02345862941626692,0.46592079087560573,2026-07-07 14:06:22.805814,2026-07-07 14:06:34.261359,0 days 00:00:11.455545,86.51149264164287,12,COMPLETE
1264,0.02478504758069766,0.4657034247765265,2026-07-07 14:06:23.450122,2026-07-07 14:06:36.801753,0 days 00:00:13.351631,92.41145040069397,12,COMPLETE
1265,0.015423182691497173,0.46724274724368525,2026-07-07 14:06:23.760891,2026-07-07 14:06:33.918737,0 days 00:00:10.157846,40.54918935430998,12,COMPLETE
1266,0.020450200873875002,0.46629190926000863,2026-07-07 14:06:24.072642,2026-07-07 14:06:36.419055,0 days 00:00:12.346413,66.6084970441497,12,COMPLETE
1267,0.010977316370979817,0.467843159562533,2026-07-07 14:06:24.075054,2026-07-07 14:06:33.926102,0 days 00:00:09.851048,15.461271966092827,12,COMPLETE
1268,0.01893916520332256,0.46675545887679976,2026-07-07 14:06:25.024552,2026-07-07 14:06:35.084779,0 days 00:00:10.060227,45.641739186505966,12,COMPLETE
1269,0.017495501112791134,0.4668225855761484,2026-07-07 14:06:25.028582,2026-07-07 14:06:33.917125,0 days 00:00:08.888543,41.926000375235525,12,COMPLETE
1270,0.02423001385827983,0.4657423668714933,2026-07-07 14:06:25.032154,2026-07-07 14:06:36.786417,0 days 00:00:11.754263,89.58032673427282,12,COMPLETE
1271,0.014835018832610736,0.4671891106237226,2026-07-07 14:06:25.200818,2026-07-07 14:06:35.891741,0 days 00:00:10.690923,32.980333733338576,12,COMPLETE
1272,0.0158710081839174,0.46706568954432015,2026-07-07 14:06:25.201778,2026-07-07 14:06:39.696547,0 days 00:00:14.494769,22.981692309787626,12,COMPLETE
1273,0.018918607369307117,0.46675755445137884,2026-07-07 14:06:25.362081,2026-07-07 14:06:37.140272,0 days 00:00:11.778191,45.65741136051253,12,COMPLETE
1274,0.015187827500137585,0.46725839670053976,2026-07-07 14:06:26.793049,2026-07-07 14:06:40.200079,0 days 00:00:13.407030,42.945826647854794,12,COMPLETE
1275,0.017886401889316783,0.4667585272651535,2026-07-07 14:06:26.955891,2026-07-07 14:06:36.590248,0 days 00:00:09.634357,54.48813133826095,12,COMPLETE
1276,0.014970983308388364,0.4671966909580222,2026-07-07 14:06:26.956662,2026-07-07 14:06:34.102488,0 days 00:00:07.145826,31.836624522200783,12,COMPLETE
1277,0.015897129730668924,0.4667576131025173,2026-07-07 14:06:26.964916,2026-07-07 14:06:37.156150,0 days 00:00:10.191234,6.0816665103227345,12,COMPLETE
1278,0.015862090629459258,0.46695857849724315,2026-07-07 14:06:27.121915,2026-07-07 14:06:34.601622,0 days 00:00:07.479707,33.60014689224585,12,COMPLETE
1279,0.02150557029421163,0.46610506434381793,2026-07-07 14:06:27.152271,2026-07-07 14:06:36.258706,0 days 00:00:09.106435,78.87685981423414,12,COMPLETE
1280,0.02073925440578711,0.4662056121254772,2026-07-07 14:06:27.161163,2026-07-07 14:06:38.336966,0 days 00:00:11.175803,72.69654891434607,12,COMPLETE
1281,0.019605145838714255,0.4663514578656364,2026-07-07 14:06:27.162693,2026-07-07 14:06:36.590555,0 days 00:00:09.427862,75.1439678744669,12,COMPLETE
1282,0.18532856498054806,0.44238040536217205,2026-07-07 14:06:27.164304,2026-07-07 14:06:36.977953,0 days 00:00:09.813649,0.17345381768946194,12,COMPLETE
1283,0.017241565322598018,0.46683286036796035,2026-07-07 14:06:27.334290,2026-07-07 14:06:37.336613,0 days 00:00:10.002323,2.5612694248580965,12,COMPLETE
1284,0.012841385320084886,0.46749285497482185,2026-07-07 14:06:27.348763,2026-07-07 14:06:37.152514,0 days 00:00:09.803751,31.481571199864597,12,COMPLETE
1285,0.006012182040297631,0.46863969169299674,2026-07-07 14:06:27.356072,2026-07-07 14:06:35.089656,0 days 00:00:07.733584,13.710568874586015,12,COMPLETE
1286,0.02436786808938529,0.4657696345774874,2026-07-07 14:06:27.516525,2026-07-07 14:06:36.595167,0 days 00:00:09.078642,99.94454516857373,12,COMPLETE
1287,0.0186214205055536,0.4665378287843286,2026-07-07 14:06:27.524008,2026-07-07 14:06:37.334413,0 days 00:00:09.810405,56.979840527197275,12,COMPLETE
1288,0.024239235788207747,0.46574714745088347,2026-07-07 14:06:27.525391,2026-07-07 14:06:37.654409,0 days 00:00:10.129018,89.27915686581777,12,COMPLETE
1289,0.019463247517625237,0.46639590556146004,2026-07-07 14:06:27.529509,2026-07-07 14:06:33.423503,0 days 00:00:05.893994,74.4287359320495,12,COMPLETE
1290,0.024972546565134535,0.46569451710149357,2026-07-07 14:06:27.531631,2026-07-07 14:06:37.654667,0 days 00:00:10.123036,97.89528843986564,12,COMPLETE
1291,0.01698917535682204,0.46695539713653833,2026-07-07 14:06:28.003259,2026-07-07 14:06:36.084488,0 days 00:00:08.081229,41.12298932685466,12,COMPLETE
1292,0.021336845823464123,0.4661638853427985,2026-07-07 14:06:28.006479,2026-07-07 14:06:37.327715,0 days 00:00:09.321236,68.14084563633418,12,COMPLETE
1293,0.01646834224812299,0.4669742167308314,2026-07-07 14:06:28.488555,2026-07-07 14:06:39.179678,0 days 00:00:10.691123,38.18554288563468,12,COMPLETE
1294,0.016574390500471714,0.46694612617031483,2026-07-07 14:06:28.666286,2026-07-07 14:06:39.021399,0 days 00:00:10.355113,44.28017936115804,12,COMPLETE
1295,0.01007219940645504,0.46815709020826246,2026-07-07 14:06:28.981837,2026-07-07 14:06:35.891600,0 days 00:00:06.909763,16.57509492193617,12,COMPLETE
1296,0.012384367182031064,0.46768171204195463,2026-07-07 14:06:29.198628,2026-07-07 14:06:39.695659,0 days 00:00:10.497031,7.41730732994616,12,COMPLETE
1297,0.019191330907318116,0.46671371772160936,2026-07-07 14:06:29.199506,2026-07-07 14:06:39.719324,0 days 00:00:10.519818,59.14762378031457,12,COMPLETE
1298,0.012546464527881163,0.4674221966516977,2026-07-07 14:06:29.700463,2026-07-07 14:06:39.696204,0 days 00:00:09.995741,9.02265927534863,12,COMPLETE
1299,0.024981240637641178,0.46569082312356685,2026-07-07 14:06:29.861191,2026-07-07 14:06:35.574334,0 days 00:00:05.713143,93.08904538096768,12,COMPLETE
1300,0.02278095503045663,0.46600849852103843,2026-07-07 14:06:30.204771,2026-07-07 14:06:39.709371,0 days 00:00:09.504600,83.02990469526605,12,COMPLETE
1301,0.01439384619957046,0.4673156984466337,2026-07-07 14:06:30.684653,2026-07-07 14:06:40.370628,0 days 00:00:09.685975,31.76374805333415,12,COMPLETE
1302,0.020679320935670042,0.4662832930590449,2026-07-07 14:06:30.706006,2026-07-07 14:06:40.202550,0 days 00:00:09.496544,67.55963446530362,12,COMPLETE
1303,0.020779216356425767,0.4662444969202454,2026-07-07 14:06:30.895169,2026-07-07 14:06:40.199785,0 days 00:00:09.304616,67.2940025695179,12,COMPLETE
1304,0.014754306254145144,0.46737634780282145,2026-07-07 14:06:30.904483,2026-07-07 14:06:39.336239,0 days 00:00:08.431756,18.541080152690707,12,COMPLETE
1305,0.022274208969337572,0.46605318227168424,2026-07-07 14:06:30.910882,2026-07-07 14:06:41.515014,0 days 00:00:10.604132,81.60000551958315,12,COMPLETE
1306,0.020253869496850097,0.46627809868796977,2026-07-07 14:06:30.948410,2026-07-07 14:06:39.715360,0 days 00:00:08.766950,73.81761590273553,12,COMPLETE
1307,0.02076872528483309,0.46625917660079635,2026-07-07 14:06:30.949843,2026-07-07 14:06:42.237334,0 days 00:00:11.287491,76.89339789816678,12,COMPLETE
1308,0.02540905362685114,0.4656443892526611,2026-07-07 14:06:30.954400,2026-07-07 14:06:41.704740,0 days 00:00:10.750340,95.77451662192006,12,COMPLETE
1309,0.025040999303576783,0.46568771251296864,2026-07-07 14:06:31.591422,2026-07-07 14:06:42.874014,0 days 00:00:11.282592,97.67075656123585,12,COMPLETE
1310,0.0245767590950699,0.46574647313965856,2026-07-07 14:06:31.599475,2026-07-07 14:06:39.178933,0 days 00:00:07.579458,98.75244670078537,12,COMPLETE
1311,0.024358660417760247,0.4657710407754904,2026-07-07 14:06:31.604761,2026-07-07 14:06:46.961571,0 days 00:00:15.356810,99.98399865845137,12,COMPLETE
1312,0.017616963193771484,0.46683920401903034,2026-07-07 14:06:31.606047,2026-07-07 14:06:37.138670,0 days 00:00:05.532623,43.46221462100605,12,COMPLETE
1313,0.01111830939951014,0.46806103662332293,2026-07-07 14:06:31.611384,2026-07-07 14:06:39.008524,0 days 00:00:07.397140,17.831508410959668,12,COMPLETE
1314,0.02107550730162172,0.46620046128042336,2026-07-07 14:06:31.616933,2026-07-07 14:06:44.742014,0 days 00:00:13.125081,78.37043763327839,12,COMPLETE
1315,0.024685451851024554,0.4656985913340705,2026-07-07 14:06:31.626126,2026-07-07 14:06:42.713950,0 days 00:00:11.087824,91.75377933483743,12,COMPLETE
1316,0.023069441771394528,0.46599476746694746,2026-07-07 14:06:31.626758,2026-07-07 14:06:42.885637,0 days 00:00:11.258879,84.89221270247056,12,COMPLETE
1317,0.014069295602935405,0.46725113802179996,2026-07-07 14:06:31.940992,2026-07-07 14:06:42.243914,0 days 00:00:10.302922,33.5630331315353,12,COMPLETE
1318,0.018952853810053405,0.4666507640038423,2026-07-07 14:06:32.424898,2026-07-07 14:06:37.650502,0 days 00:00:05.225604,39.106444347065626,13,COMPLETE
1319,0.012339832631420744,0.46766218759536926,2026-07-07 14:06:32.582402,2026-07-07 14:06:42.068347,0 days 00:00:09.485945,13.851790355791639,13,COMPLETE
1320,0.024371715367946023,0.46576904477911774,2026-07-07 14:06:32.899085,2026-07-07 14:06:42.871483,0 days 00:00:09.972398,99.92822625086148,13,COMPLETE
1321,0.015152058643052246,0.4672507938612229,2026-07-07 14:06:32.905688,2026-07-07 14:06:46.132170,0 days 00:00:13.226482,27.257972110211334,13,COMPLETE
1322,0.025361651720030076,0.4656508352100226,2026-07-07 14:06:33.223472,2026-07-07 14:06:43.376513,0 days 00:00:10.153041,94.84612349377468,13,COMPLETE
1323,0.02233945341273691,0.46598094480155006,2026-07-07 14:06:33.893694,2026-07-07 14:06:44.046509,0 days 00:00:10.152815,69.60421035975878,13,COMPLETE
1324,0.024229585558600053,0.46574215020813914,2026-07-07 14:06:35.070196,2026-07-07 14:06:44.253256,0 days 00:00:09.183060,89.60519055280194,13,COMPLETE
1325,0.012721497393927417,0.4676299135965615,2026-07-07 14:06:35.573021,2026-07-07 14:06:45.419803,0 days 00:00:09.846782,14.84937244245355,13,COMPLETE
1326,0.0208735030706218,0.46619097801329856,2026-07-07 14:06:35.889978,2026-07-07 14:06:45.401709,0 days 00:00:09.511731,72.22491540504521,13,COMPLETE
1327,0.018349503154550084,0.4665954378018215,2026-07-07 14:06:35.891952,2026-07-07 14:06:44.248058,0 days 00:00:08.356106,57.33532152893785,13,COMPLETE
1328,0.020620766808629343,0.4663081886637692,2026-07-07 14:06:36.061298,2026-07-07 14:06:46.462817,0 days 00:00:10.401519,77.4646447324919,13,COMPLETE
1329,0.01848789301627346,0.4668048865677733,2026-07-07 14:06:36.078568,2026-07-07 14:06:45.405859,0 days 00:00:09.327291,59.19637334664523,13,COMPLETE
1330,0.020046186272535904,0.46654579287650666,2026-07-07 14:06:36.090206,2026-07-07 14:06:45.413443,0 days 00:00:09.323237,62.331553580338465,13,COMPLETE
1331,0.024742191080469322,0.4656989274128489,2026-07-07 14:06:36.602970,2026-07-07 14:06:44.736963,0 days 00:00:08.133993,92.07516265788516,13,COMPLETE
1332,0.024560928555591166,0.4657087009237739,2026-07-07 14:06:36.778375,2026-07-07 14:06:41.898496,0 days 00:00:05.120121,91.3401499982202,13,COMPLETE
1333,0.012335328375283172,0.46760764147629613,2026-07-07 14:06:36.784154,2026-07-07 14:06:46.115298,0 days 00:00:09.331144,18.64817229249967,13,COMPLETE
1334,0.013917692155128891,0.46723693758042323,2026-07-07 14:06:36.801950,2026-07-07 14:06:46.465874,0 days 00:00:09.663924,3.697413145950949,13,COMPLETE
1335,0.11073412773317165,0.4525445609278952,2026-07-07 14:06:36.812959,2026-07-07 14:06:46.458536,0 days 00:00:09.645577,0.48326749137957914,13,COMPLETE
1336,0.021832171557845115,0.4661074545199689,2026-07-07 14:06:37.334949,2026-07-07 14:06:47.168435,0 days 00:00:09.833486,80.73715522102708,13,COMPLETE
1337,0.020304887367813218,0.466267844714562,2026-07-07 14:06:37.493284,2026-07-07 14:06:44.070957,0 days 00:00:06.577673,73.7636916133566,13,COMPLETE
1338,0.020637875726056076,0.46632680763672135,2026-07-07 14:06:37.493592,2026-07-07 14:06:44.256297,0 days 00:00:06.762705,61.51949768158826,13,COMPLETE
1339,0.016632144566069984,0.46637854260185685,2026-07-07 14:06:37.814074,2026-07-07 14:06:46.455682,0 days 00:00:08.641608,2.735983197841497,13,COMPLETE
1340,0.016543269994743426,0.4670303479222449,2026-07-07 14:06:37.815676,2026-07-07 14:06:49.694782,0 days 00:00:11.879106,48.690642988835776,13,COMPLETE
1341,0.012706924351182036,0.4676474751832856,2026-07-07 14:06:37.816252,2026-07-07 14:06:47.526434,0 days 00:00:09.710182,37.70149569483508,13,COMPLETE
1342,0.023077738421703298,0.4659935522089595,2026-07-07 14:06:37.818086,2026-07-07 14:06:44.764661,0 days 00:00:06.946575,84.92058922801229,13,COMPLETE
1343,0.014920584334327192,0.46706861844092384,2026-07-07 14:06:37.818345,2026-07-07 14:06:46.643830,0 days 00:00:08.825485,5.932124689884295,13,COMPLETE
1344,0.016236346454466477,0.466762649376018,2026-07-07 14:06:37.979532,2026-07-07 14:06:46.126803,0 days 00:00:08.147271,8.436014992907552,13,COMPLETE
1345,0.01036913890724972,0.46801519649378986,2026-07-07 14:06:38.137497,2026-07-07 14:06:49.872027,0 days 00:00:11.734530,16.09291575132275,13,COMPLETE
1346,0.02466397153458061,0.46573536346922056,2026-07-07 14:06:38.138938,2026-07-07 14:06:47.179783,0 days 00:00:09.040845,98.52063219463929,13,COMPLETE
1347,0.021660224770019665,0.4661281617422316,2026-07-07 14:06:38.140405,2026-07-07 14:06:47.516621,0 days 00:00:09.376216,80.41087077118782,13,COMPLETE
1348,0.012827073957067392,0.46758781257582116,2026-07-07 14:06:38.141051,2026-07-07 14:06:49.152732,0 days 00:00:11.011681,33.43979595762484,13,COMPLETE
1349,0.019448632379085895,0.46638897486708336,2026-07-07 14:06:38.302836,2026-07-07 14:06:47.177687,0 days 00:00:08.874851,74.90488119536002,13,COMPLETE
1350,0.019891262617398264,0.4665640798071456,2026-07-07 14:06:38.304636,2026-07-07 14:06:49.872163,0 days 00:00:11.567527,62.257695683832466,13,COMPLETE
1351,0.016330424503305074,0.4671046004175308,2026-07-07 14:06:38.311213,2026-07-07 14:06:43.371668,0 days 00:00:05.060455,47.99843242106974,13,COMPLETE
1352,0.024106504654142602,0.46578255061764917,2026-07-07 14:06:38.313795,2026-07-07 14:06:43.549180,0 days 00:00:05.235385,88.2199831772365,13,COMPLETE
1353,0.014767751187100109,0.4673188044314418,2026-07-07 14:06:38.319466,2026-07-07 14:06:50.236816,0 days 00:00:11.917350,29.695727830723584,13,COMPLETE
1354,0.020091117571009287,0.46646862840197584,2026-07-07 14:06:38.338473,2026-07-07 14:06:50.234966,0 days 00:00:11.896493,59.83956342592837,13,COMPLETE
1355,0.024639423878379585,0.465738576394675,2026-07-07 14:06:38.495791,2026-07-07 14:06:42.076889,0 days 00:00:03.581098,98.58005573833205,13,COMPLETE
1356,0.01696519387617451,0.4669279117056273,2026-07-07 14:06:38.817263,2026-07-07 14:06:49.884731,0 days 00:00:11.067468,46.812433955011095,13,COMPLETE
1357,0.0180758031767414,0.4667351875328375,2026-07-07 14:06:39.505126,2026-07-07 14:06:44.244016,0 days 00:00:04.738890,54.400699923561774,13,COMPLETE
1358,0.021448882200641284,0.46614857069468807,2026-07-07 14:06:39.712588,2026-07-07 14:06:53.949592,0 days 00:00:14.237004,79.57821807614498,13,COMPLETE
1359,0.019772257271506166,0.4663098412397208,2026-07-07 14:06:39.714340,2026-07-07 14:06:51.058477,0 days 00:00:11.344137,75.54116935134064,13,COMPLETE
1360,0.01898293510877197,0.46620098437670154,2026-07-07 14:06:39.716270,2026-07-07 14:06:46.115758,0 days 00:00:06.399488,5.638078085130217,13,COMPLETE
1361,0.020602638092749315,0.46621624606643586,2026-07-07 14:06:39.719482,2026-07-07 14:06:53.077493,0 days 00:00:13.358011,73.02277955738272,13,COMPLETE
1362,0.024740044164166808,0.4656985287718007,2026-07-07 14:06:39.723219,2026-07-07 14:06:49.703529,0 days 00:00:09.980310,92.05292670205579,13,COMPLETE
1363,0.021914085951795115,0.46608597366599525,2026-07-07 14:06:40.529979,2026-07-07 14:06:47.521017,0 days 00:00:06.991038,65.4761425351246,13,COMPLETE
1364,0.02359559234345837,0.46588598055829084,2026-07-07 14:06:40.697660,2026-07-07 14:06:46.636187,0 days 00:00:05.938527,86.92129221949386,13,COMPLETE
1365,0.017483635862330038,0.4669822243250281,2026-07-07 14:06:40.698834,2026-07-07 14:06:56.482215,0 days 00:00:15.783381,43.95064525408408,13,COMPLETE
1366,0.021070880747721565,0.4659313576627316,2026-07-07 14:06:40.703437,2026-07-07 14:06:51.241465,0 days 00:00:10.538028,2.011358915612663,13,COMPLETE
1367,0.019972810343840852,0.46629089165439697,2026-07-07 14:06:40.705410,2026-07-07 14:06:49.688058,0 days 00:00:08.982648,76.22651240827894,13,COMPLETE
1368,0.017407021114382026,0.4669856350897424,2026-07-07 14:06:40.706428,2026-07-07 14:06:57.010480,0 days 00:00:16.304052,22.877852574343642,13,COMPLETE
1369,0.02062812741038833,0.4662626022663563,2026-07-07 14:06:41.688792,2026-07-07 14:06:49.902558,0 days 00:00:08.213766,77.90743395952911,13,COMPLETE
1370,0.013988011925619326,0.4673227248619663,2026-07-07 14:06:41.702491,2026-07-07 14:06:51.250514,0 days 00:00:09.548023,33.64040769915115,13,COMPLETE
1371,0.02541611106904862,0.46564369419655516,2026-07-07 14:06:41.704540,2026-07-07 14:06:52.395243,0 days 00:00:10.690703,95.31454242504574,13,COMPLETE
1372,0.014266223006098755,0.4673896833840536,2026-07-07 14:06:41.707161,2026-07-07 14:06:50.067719,0 days 00:00:08.360558,16.643320591734373,13,COMPLETE
1373,0.018581504517963532,0.4665771790171158,2026-07-07 14:06:41.877417,2026-07-07 14:06:52.404127,0 days 00:00:10.526710,39.1089492926951,13,COMPLETE
1374,0.01622395199574672,0.4666555741597047,2026-07-07 14:06:42.874748,2026-07-07 14:06:53.607466,0 days 00:00:10.732718,3.76032777749145,13,COMPLETE
1375,0.010214857106131514,0.46819636869348186,2026-07-07 14:06:42.885835,2026-07-07 14:06:53.424581,0 days 00:00:10.538746,18.46126968280272,13,COMPLETE
1376,0.014274214503698146,0.4668883837771675,2026-07-07 14:06:43.862427,2026-07-07 14:06:56.117750,0 days 00:00:12.255323,8.575079339894385,13,COMPLETE
1377,0.020428561326746086,0.46629828535848616,2026-07-07 14:06:43.867201,2026-07-07 14:06:50.071979,0 days 00:00:06.204778,78.11854285234739,13,COMPLETE
1378,0.020661474761964504,0.466230016824428,2026-07-07 14:06:44.028331,2026-07-07 14:06:54.444795,0 days 00:00:10.416464,72.03745432860748,13,COMPLETE
1379,0.02094849460885384,0.46641677124105124,2026-07-07 14:06:44.030871,2026-07-07 14:06:48.016702,0 days 00:00:03.985831,63.399234767515225,13,COMPLETE
1380,0.02153292602310497,0.46613233789834874,2026-07-07 14:06:44.072519,2026-07-07 14:06:53.611401,0 days 00:00:09.538882,79.45057762899387,13,COMPLETE
1381,0.018998156613259376,0.4667009636946976,2026-07-07 14:06:44.256468,2026-07-07 14:06:50.718368,0 days 00:00:06.461900,58.82294532677634,13,COMPLETE
1382,0.02525238608910768,0.46566105047160744,2026-07-07 14:06:44.258750,2026-07-07 14:06:53.602740,0 days 00:00:09.343990,96.6517818910761,13,COMPLETE
1383,0.019753286244506396,0.46636688107234653,2026-07-07 14:06:44.420810,2026-07-07 14:06:54.791155,0 days 00:00:10.370345,74.25112060419833,13,COMPLETE
1384,0.01686911442411887,0.46681483974983645,2026-07-07 14:06:44.762249,2026-07-07 14:06:53.624413,0 days 00:00:08.862164,34.17405489233617,13,COMPLETE
1385,0.020187576530523443,0.46652074762020046,2026-07-07 14:06:44.921154,2026-07-07 14:06:54.457272,0 days 00:00:09.536118,62.399807011329194,13,COMPLETE
1386,0.02451071846474978,0.4656979330341266,2026-07-07 14:06:44.924409,2026-07-07 14:06:48.834710,0 days 00:00:03.910301,91.15728442046448,13,COMPLETE
1387,0.02021202349670148,0.46651298694941,2026-07-07 14:06:45.081928,2026-07-07 14:06:54.976860,0 days 00:00:09.894932,62.34341947366943,13,COMPLETE
1388,0.01494807822446298,0.4671926883791888,2026-07-07 14:06:45.913096,2026-07-07 14:06:54.981430,0 days 00:00:09.068334,29.366104279964986,13,COMPLETE
1389,0.022902024927095588,0.46599568245586875,2026-07-07 14:06:45.935363,2026-07-07 14:06:56.478108,0 days 00:00:10.542745,83.65057653577703,13,COMPLETE
1390,0.012581022655866525,0.46745607504049735,2026-07-07 14:06:45.954460,2026-07-07 14:06:55.771434,0 days 00:00:09.816974,13.728930677767867,13,COMPLETE
1391,0.020540333960612667,0.46632852951195375,2026-07-07 14:06:46.136579,2026-07-07 14:06:54.956681,0 days 00:00:08.820102,61.24721579595221,13,COMPLETE
1392,0.025004820617561097,0.4656882581800437,2026-07-07 14:06:46.137768,2026-07-07 14:06:55.790528,0 days 00:00:09.652760,93.18161660544988,13,COMPLETE
1393,0.021549402120901118,0.46612899671651425,2026-07-07 14:06:46.472006,2026-07-07 14:06:57.322817,0 days 00:00:10.850811,79.4280669080388,13,COMPLETE
1394,0.016479377472987777,0.4669555614820716,2026-07-07 14:06:46.799713,2026-07-07 14:06:54.979557,0 days 00:00:08.179844,52.84755870498399,13,COMPLETE
1395,0.023085112809423214,0.4659924983447813,2026-07-07 14:06:46.963756,2026-07-07 14:06:58.159691,0 days 00:00:11.195935,84.94708980655265,13,COMPLETE
1396,0.02147779630734764,0.4661470584160917,2026-07-07 14:06:46.965983,2026-07-07 14:06:58.372431,0 days 00:00:11.406448,68.29766013213946,13,COMPLETE
1397,0.014343743859114133,0.4673894426473887,2026-07-07 14:06:46.974161,2026-07-07 14:06:53.596976,0 days 00:00:06.622815,26.86389186342684,13,COMPLETE
1398,0.025095341902547696,0.46568200673216653,2026-07-07 14:06:46.977843,2026-07-07 14:06:49.710126,0 days 00:00:02.732283,97.38075800335248,13,COMPLETE
1399,0.014067920536110057,0.4673831468359131,2026-07-07 14:06:46.987235,2026-07-07 14:06:54.448434,0 days 00:00:07.461199,29.897927324617633,13,COMPLETE
1400,0.022651503550436547,0.4660117660314306,2026-07-07 14:06:46.989748,2026-07-07 14:06:56.439655,0 days 00:00:09.449907,82.35881659279329,13,COMPLETE
1401,0.023957321655293518,0.46582216571992696,2026-07-07 14:06:47.513367,2026-07-07 14:06:58.702992,0 days 00:00:11.189625,87.87292465340059,13,COMPLETE
1402,0.008222277151543667,0.4683422610508937,2026-07-07 14:06:47.513650,2026-07-07 14:07:00.104047,0 days 00:00:12.590397,13.006337270270521,13,COMPLETE
1403,0.12854765246400507,0.4500966791054776,2026-07-07 14:06:47.521279,2026-07-07 14:06:58.714659,0 days 00:00:11.193380,0.39819948551605766,13,COMPLETE
1404,0.023537487694651416,0.46590029408833455,2026-07-07 14:06:47.522085,2026-07-07 14:06:53.061184,0 days 00:00:05.539099,86.77824265749138,13,COMPLETE
1405,0.020114512254281847,0.4663069009235918,2026-07-07 14:06:47.523770,2026-07-07 14:06:57.644310,0 days 00:00:10.120540,73.957293184369,13,COMPLETE
1406,0.01820116795870036,0.46663999450797305,2026-07-07 14:06:47.526333,2026-07-07 14:06:56.828899,0 days 00:00:09.302566,39.37274523370795,13,COMPLETE
1407,0.019886370006657994,0.46636218906028215,2026-07-07 14:06:47.528788,2026-07-07 14:06:53.618774,0 days 00:00:06.089986,39.566314916245375,13,COMPLETE
1408,0.0250542595939785,0.46568649643539684,2026-07-07 14:06:47.688823,2026-07-07 14:06:58.368242,0 days 00:00:10.679419,97.61333199642229,13,COMPLETE
1409,0.023419141120253617,0.4659304681346985,2026-07-07 14:06:47.689753,2026-07-07 14:06:59.861389,0 days 00:00:12.171636,86.37037555164038,13,COMPLETE
1410,0.011256297358776646,0.46790839037284104,2026-07-07 14:06:48.009332,2026-07-07 14:06:58.879955,0 days 00:00:10.870623,16.04749055367789,13,COMPLETE
1411,0.013453139871288322,0.4672217486823106,2026-07-07 14:06:48.186380,2026-07-07 14:06:59.524648,0 days 00:00:11.338268,8.41767430383849,13,COMPLETE
1412,0.01748028299521842,0.4669656838126858,2026-07-07 14:06:48.187097,2026-07-07 14:06:56.474296,0 days 00:00:08.287199,48.449944982895154,13,COMPLETE
1413,0.013592991114889708,0.4677770718316494,2026-07-07 14:06:48.188706,2026-07-07 14:06:51.257371,0 days 00:00:03.068665,20.527648005503725,13,COMPLETE
1414,0.01754250059470064,0.46695720975049604,2026-07-07 14:06:48.192564,2026-07-07 14:06:58.882611,0 days 00:00:10.690047,43.99777282453975,13,COMPLETE
1415,0.0206644725022328,0.4662834698951378,2026-07-07 14:06:48.192829,2026-07-07 14:06:51.236967,0 days 00:00:03.044138,60.47707917659976,13,COMPLETE
1416,0.019956281120825314,0.4665920699248697,2026-07-07 14:06:48.835073,2026-07-07 14:06:58.149382,0 days 00:00:09.314309,62.62116273960754,13,COMPLETE
1417,0.017395982650903863,0.4667708460006813,2026-07-07 14:06:49.500389,2026-07-07 14:07:00.274300,0 days 00:00:10.773911,35.0906322872149,13,COMPLETE
1418,0.009374069661881645,0.4681311610228689,2026-07-07 14:06:49.892428,2026-07-07 14:07:00.106169,0 days 00:00:10.213741,9.8303673729051,13,COMPLETE
1419,0.022954577514712082,0.4659952274777753,2026-07-07 14:06:50.059493,2026-07-07 14:07:00.051476,0 days 00:00:09.991983,84.0559115277221,13,COMPLETE
1420,0.020724495048113245,0.4662653309408884,2026-07-07 14:06:50.229281,2026-07-07 14:07:00.078296,0 days 00:00:09.849015,78.28626163443613,13,COMPLETE
1421,0.017832089379066995,0.4663206937956538,2026-07-07 14:06:50.237625,2026-07-07 14:07:00.091724,0 days 00:00:09.854099,3.068216513369085,14,COMPLETE
1422,0.0765325777376959,0.4571226061851569,2026-07-07 14:06:50.396913,2026-07-07 14:06:59.845689,0 days 00:00:09.448776,0.7037384903504074,14,COMPLETE
1423,0.021192189573985498,0.4663545411565462,2026-07-07 14:06:50.398472,2026-07-07 14:06:58.146235,0 days 00:00:07.747763,63.739585340751354,14,COMPLETE
1424,0.02305508451791155,0.4659969178306697,2026-07-07 14:06:50.712290,2026-07-07 14:07:00.100173,0 days 00:00:09.387883,84.84581830883091,14,COMPLETE
1425,0.017950514943889606,0.4668336863691494,2026-07-07 14:06:50.716409,2026-07-07 14:07:00.757115,0 days 00:00:10.040706,46.39389729633651,14,COMPLETE
1426,0.019550329364354246,0.4663642782776291,2026-07-07 14:06:50.717978,2026-07-07 14:07:01.593259,0 days 00:00:10.875281,75.06728419792356,14,COMPLETE
1427,0.012195368167521481,0.46753727219328134,2026-07-07 14:06:50.726314,2026-07-07 14:06:58.368584,0 days 00:00:07.642270,5.572692715113224,14,COMPLETE
1428,0.015954240087814764,0.467040022175284,2026-07-07 14:06:51.223622,2026-07-07 14:07:00.099969,0 days 00:00:08.876347,44.33130550513656,14,COMPLETE
1429,0.017908103509169382,0.4666518368434458,2026-07-07 14:06:51.253489,2026-07-07 14:07:02.561822,0 days 00:00:11.308333,57.64373070464115,14,COMPLETE
1430,0.018172714000951662,0.4668022877443033,2026-07-07 14:06:51.570245,2026-07-07 14:07:02.554001,0 days 00:00:10.983756,23.939735877241386,14,COMPLETE
1431,0.024540999842951605,0.4657151204662852,2026-07-07 14:06:51.577138,2026-07-07 14:07:04.068193,0 days 00:00:12.491055,91.39961969940217,14,COMPLETE
1432,0.014167193507818032,0.46698820867785684,2026-07-07 14:06:51.580364,2026-07-07 14:07:00.103903,0 days 00:00:08.523539,8.623959990243414,14,COMPLETE
1433,0.015612322350552543,0.46711883014929517,2026-07-07 14:06:52.059953,2026-07-07 14:07:03.209558,0 days 00:00:11.149605,23.181710237957546,14,COMPLETE
1434,0.01143679679088666,0.46784758021464995,2026-07-07 14:06:52.404443,2026-07-07 14:06:58.720271,0 days 00:00:06.315828,31.698698969686443,14,COMPLETE
1435,0.022075156545900032,0.4660766335138129,2026-07-07 14:06:52.562205,2026-07-07 14:07:03.378031,0 days 00:00:10.815826,64.59033908535044,14,COMPLETE
1436,0.013707946402244875,0.4672653797193248,2026-07-07 14:06:52.567408,2026-07-07 14:07:04.237566,0 days 00:00:11.670158,18.813968842502693,14,COMPLETE
1437,0.018008793689341218,0.4667572808027928,2026-07-07 14:06:52.899815,2026-07-07 14:06:56.454038,0 days 00:00:03.554223,51.37154510725797,14,COMPLETE
1438,0.018333663992778915,0.466659613563675,2026-07-07 14:06:53.791698,2026-07-07 14:07:06.053717,0 days 00:00:12.262019,55.22660666127978,14,COMPLETE
1439,0.02364334950381075,0.46587015105198115,2026-07-07 14:06:53.948076,2026-07-07 14:07:06.753374,0 days 00:00:12.805298,87.15585707213498,14,COMPLETE
1440,0.017513819221622873,0.4667951631133197,2026-07-07 14:06:54.105743,2026-07-07 14:07:03.596473,0 days 00:00:09.490730,54.68218406135694,14,COMPLETE
1441,0.014434184403739558,0.467592757722592,2026-07-07 14:06:54.442644,2026-07-07 14:07:04.405567,0 days 00:00:09.962923,21.033223698349055,14,COMPLETE
1442,0.018895825609384742,0.4665208302639771,2026-07-07 14:06:54.445038,2026-07-07 14:07:04.237465,0 days 00:00:09.792427,56.74148863845736,14,COMPLETE
1443,0.017450976370373183,0.46695471242648984,2026-07-07 14:06:54.454684,2026-07-07 14:07:04.587611,0 days 00:00:10.132927,50.4290273442324,14,COMPLETE
1444,0.019299303863273554,0.4665442444292491,2026-07-07 14:06:54.462996,2026-07-07 14:07:00.045384,0 days 00:00:05.582388,53.614994058857306,14,COMPLETE
1445,0.020343436476493393,0.4663278639125651,2026-07-07 14:06:54.773615,2026-07-07 14:07:04.240523,0 days 00:00:09.466908,66.92103338148635,14,COMPLETE
1446,0.01588481523033436,0.4670051358895734,2026-07-07 14:06:54.774091,2026-07-07 14:07:07.574897,0 days 00:00:12.800806,34.14479446704067,14,COMPLETE
1447,0.018044468090668675,0.4667736794773098,2026-07-07 14:06:54.783759,2026-07-07 14:07:04.590301,0 days 00:00:09.806542,44.53409021653067,14,COMPLETE
1448,0.017484393966154532,0.4668697241268341,2026-07-07 14:06:54.791349,2026-07-07 14:07:06.057666,0 days 00:00:11.266317,47.6339250292632,14,COMPLETE
1449,0.018116097315625024,0.466678096421588,2026-07-07 14:06:54.795432,2026-07-07 14:07:04.410965,0 days 00:00:09.615533,36.17961834022918,14,COMPLETE
1450,0.01577483517335926,0.4672971299149413,2026-07-07 14:06:54.977043,2026-07-07 14:07:06.755366,0 days 00:00:11.778323,37.14697331112482,14,COMPLETE
1451,0.024226189865943493,0.4657414343600116,2026-07-07 14:06:55.958623,2026-07-07 14:07:06.082110,0 days 00:00:10.123487,89.71552950092472,14,COMPLETE
1452,0.016797631438347393,0.4669420497806217,2026-07-07 14:06:56.118399,2026-07-07 14:07:06.093891,0 days 00:00:09.975492,53.006953864989555,14,COMPLETE
1453,0.02414345307702437,0.4657721441769786,2026-07-07 14:06:56.448914,2026-07-07 14:07:05.217126,0 days 00:00:08.768212,88.375104215131,14,COMPLETE
1454,0.024915294546516087,0.46569750816629524,2026-07-07 14:06:56.501284,2026-07-07 14:07:05.373296,0 days 00:00:08.872012,92.88165820540175,14,COMPLETE
1455,0.013094930216163758,0.46782031067610075,2026-07-07 14:06:56.664607,2026-07-07 14:07:08.290591,0 days 00:00:11.625984,35.63884324445785,14,COMPLETE
1456,0.015184083448808616,0.46723333008352846,2026-07-07 14:06:56.822094,2026-07-07 14:07:08.257953,0 days 00:00:11.435859,42.29242940762322,14,COMPLETE
1457,0.021461111811893918,0.4661470904879307,2026-07-07 14:06:56.833895,2026-07-07 14:07:08.320518,0 days 00:00:11.486623,66.03388690803463,14,COMPLETE
1458,0.016536567285127424,0.466951483480761,2026-07-07 14:06:56.834358,2026-07-07 14:07:04.417281,0 days 00:00:07.582923,52.99030597644055,14,COMPLETE
1459,0.020611907978944688,0.4662463101675757,2026-07-07 14:06:57.322640,2026-07-07 14:07:08.254580,0 days 00:00:10.931940,71.59416586581425,14,COMPLETE
1460,0.022522500436971626,0.46602501918303907,2026-07-07 14:06:57.324434,2026-07-07 14:07:08.275895,0 days 00:00:10.951461,82.0600989947239,14,COMPLETE
1461,0.010780849346156973,0.4680142666869406,2026-07-07 14:06:57.964204,2026-07-07 14:07:01.095755,0 days 00:00:03.131551,14.229164271765788,14,COMPLETE
1462,0.020987999134484236,0.46640892541077894,2026-07-07 14:06:58.149663,2026-07-07 14:07:09.242358,0 days 00:00:11.092695,63.4491671487035,14,COMPLETE
1463,0.010302530882921213,0.46815176057521724,2026-07-07 14:06:58.151673,2026-07-07 14:07:08.292339,0 days 00:00:10.140666,26.277342116840014,14,COMPLETE
1464,0.019618487677101504,0.4663483666472015,2026-07-07 14:06:58.186096,2026-07-07 14:07:06.431687,0 days 00:00:08.245591,75.1627739665732,14,COMPLETE
1465,0.014372936620620558,0.46724300248124817,2026-07-07 14:06:58.191433,2026-07-07 14:07:09.054154,0 days 00:00:10.862721,31.531150789142327,14,COMPLETE
1466,0.0143421984403031,0.4671968712226063,2026-07-07 14:06:58.371305,2026-07-07 14:07:06.593209,0 days 00:00:08.221904,5.393958582384278,14,COMPLETE
1467,0.024948319525940288,0.4656942762021131,2026-07-07 14:06:58.718325,2026-07-07 14:07:08.336195,0 days 00:00:09.617870,92.97886561715609,14,COMPLETE
1468,0.017821587659422156,0.46681905590532335,2026-07-07 14:06:58.720170,2026-07-07 14:07:08.341300,0 days 00:00:09.621130,51.546825716734894,14,COMPLETE
1469,0.007877854310606891,0.46856411796894415,2026-07-07 14:06:58.880524,2026-07-07 14:07:08.306410,0 days 00:00:09.425886,4.280625181276411,14,COMPLETE
1470,0.07033292174684741,0.45791160649546453,2026-07-07 14:06:59.202331,2026-07-07 14:07:07.396907,0 days 00:00:08.194576,0.7554926676426975,14,COMPLETE
1471,0.0170288750622406,0.46681393352782197,2026-07-07 14:06:59.203157,2026-07-07 14:07:09.723020,0 days 00:00:10.519863,25.56785596531284,14,COMPLETE
1472,0.018741944772370234,0.46675612293993807,2026-07-07 14:06:59.516945,2026-07-07 14:07:08.266255,0 days 00:00:08.749310,23.913405411738374,14,COMPLETE
1473,0.022350820325386045,0.46604438473586124,2026-07-07 14:06:59.523596,2026-07-07 14:07:12.134708,0 days 00:00:12.611112,81.7465527135954,14,COMPLETE
1474,0.010045361214073234,0.46800164175016945,2026-07-07 14:06:59.850371,2026-07-07 14:07:11.327992,0 days 00:00:11.477621,14.109623232976299,14,COMPLETE
1475,0.0235533453549569,0.4658956106765946,2026-07-07 14:06:59.851467,2026-07-07 14:07:10.257166,0 days 00:00:10.405699,86.82640206452466,14,COMPLETE
1476,0.011216612493035294,0.46791456001140264,2026-07-07 14:06:59.870846,2026-07-07 14:07:11.140908,0 days 00:00:11.270062,6.1680412068085495,14,COMPLETE
1477,0.01613096236583933,0.467100757694612,2026-07-07 14:07:00.029626,2026-07-07 14:07:10.911093,0 days 00:00:10.881467,39.76568272496216,14,COMPLETE
1478,0.022727332611871987,0.4660120808124781,2026-07-07 14:07:00.031029,2026-07-07 14:07:14.836695,0 days 00:00:14.805666,82.76457240102218,14,COMPLETE
1479,0.023746965709159074,0.46585913234281895,2026-07-07 14:07:00.033971,2026-07-07 14:07:10.901975,0 days 00:00:10.868004,87.53904988647822,14,COMPLETE
1480,0.02205840803624759,0.4660802669090568,2026-07-07 14:07:00.080532,2026-07-07 14:07:09.751841,0 days 00:00:09.671309,81.18048659657609,14,COMPLETE
1481,0.020126315127198757,0.4663521498197756,2026-07-07 14:07:00.104712,2026-07-07 14:07:08.283991,0 days 00:00:08.179279,27.873564224819415,14,COMPLETE
1482,0.006712962910459086,0.4686426949892414,2026-07-07 14:07:00.110212,2026-07-07 14:07:10.067186,0 days 00:00:09.956974,10.168529216916086,14,COMPLETE
1483,0.022112414518125623,0.46607347124289117,2026-07-07 14:07:00.267413,2026-07-07 14:07:10.229316,0 days 00:00:09.961903,81.2856073019173,14,COMPLETE
1484,0.024178217390649903,0.4657585083616326,2026-07-07 14:07:00.745820,2026-07-07 14:07:08.312564,0 days 00:00:07.566744,89.04557849798316,14,COMPLETE
1485,0.010689521500649501,0.4682167469580674,2026-07-07 14:07:00.746848,2026-07-07 14:07:13.800651,0 days 00:00:13.053803,20.00403787984609,14,COMPLETE
1486,0.01732920826575096,0.4669266115270137,2026-07-07 14:07:00.750774,2026-07-07 14:07:09.066609,0 days 00:00:08.315835,34.73256108396749,14,COMPLETE
1487,0.015824623080670397,0.46706129217774967,2026-07-07 14:07:00.753377,2026-07-07 14:07:11.166865,0 days 00:00:10.413488,52.73813904988434,14,COMPLETE
1488,0.02060290019298444,0.46621607147445066,2026-07-07 14:07:00.932317,2026-07-07 14:07:08.266828,0 days 00:00:07.334511,73.00713344257939,14,COMPLETE
1489,0.018844341440244716,0.4666344163681909,2026-07-07 14:07:00.932979,2026-07-07 14:07:07.400795,0 days 00:00:06.467816,49.71453266381556,14,COMPLETE
1490,0.01574599899442075,0.46725259748533726,2026-07-07 14:07:00.935094,2026-07-07 14:07:12.761884,0 days 00:00:11.826790,25.12145347739468,14,COMPLETE
1491,0.022399334554148664,0.466039052663185,2026-07-07 14:07:00.938699,2026-07-07 14:07:11.963222,0 days 00:00:11.024523,81.83650755188279,14,COMPLETE
1492,0.007280705645888452,0.46866691421326667,2026-07-07 14:07:01.094799,2026-07-07 14:07:11.155783,0 days 00:00:10.060984,13.280505710853662,14,COMPLETE
1493,0.013855189290578995,0.4675898495201295,2026-07-07 14:07:01.095604,2026-07-07 14:07:09.044418,0 days 00:00:07.948814,31.224389909239342,14,COMPLETE
1494,0.0220618550106933,0.4660488556238288,2026-07-07 14:07:01.257195,2026-07-07 14:07:14.903329,0 days 00:00:13.646134,68.91232274448802,14,COMPLETE
1495,0.011728010951338075,0.46776761865277183,2026-07-07 14:07:01.598572,2026-07-07 14:07:13.776993,0 days 00:00:12.178421,15.981833551233853,14,COMPLETE
1496,0.02063673161284829,0.466472359285933,2026-07-07 14:07:01.765828,2026-07-07 14:07:11.164380,0 days 00:00:09.398552,62.978211869088,14,COMPLETE
1497,0.02173260686671319,0.46611931861270506,2026-07-07 14:07:03.210083,2026-07-07 14:07:09.069514,0 days 00:00:05.859431,80.54644363023708,14,COMPLETE
1498,0.025375232534644965,0.4656473374181467,2026-07-07 14:07:04.234394,2026-07-07 14:07:14.163938,0 days 00:00:09.929544,96.07848251957631,14,COMPLETE
1499,0.0233045335056572,0.46596019586999204,2026-07-07 14:07:04.239777,2026-07-07 14:07:14.895688,0 days 00:00:10.655911,85.9585967825806,14,COMPLETE
1500,0.02209409261226747,0.46607578781969494,2026-07-07 14:07:04.585121,2026-07-07 14:07:15.073390,0 days 00:00:10.488269,81.24996432257048,14,COMPLETE
1501,0.02014196051698669,0.46630148709625896,2026-07-07 14:07:05.061448,2026-07-07 14:07:14.140819,0 days 00:00:09.079371,73.92666496984747,14,COMPLETE
1502,0.008070702707952238,0.46847994976784535,2026-07-07 14:07:05.407501,2026-07-07 14:07:15.240518,0 days 00:00:09.833017,10.484252278121668,14,COMPLETE
1503,0.020361634031827447,0.46626972355028656,2026-07-07 14:07:05.727565,2026-07-07 14:07:14.327532,0 days 00:00:08.599967,55.58597287664948,14,COMPLETE
1504,0.015126769492264824,0.4671655191789823,2026-07-07 14:07:05.891359,2026-07-07 14:07:17.871102,0 days 00:00:11.979743,29.338566248314955,14,COMPLETE
1505,0.02096112171800746,0.46624433968245027,2026-07-07 14:07:05.895729,2026-07-07 14:07:11.131074,0 days 00:00:05.235345,77.11172146805463,14,COMPLETE
1506,0.0254172149220237,0.4656435450684701,2026-07-07 14:07:06.054201,2026-07-07 14:07:16.548782,0 days 00:00:10.494581,95.34001743187224,14,COMPLETE
1507,0.006934959247318739,0.4686052235387119,2026-07-07 14:07:06.055556,2026-07-07 14:07:16.559736,0 days 00:00:10.504180,10.557972057572893,14,COMPLETE
1508,0.020832492893620658,0.4664389994755824,2026-07-07 14:07:06.067382,2026-07-07 14:07:14.883367,0 days 00:00:08.815985,63.226755481394875,14,COMPLETE
1509,0.017326942082147523,0.46689096753763076,2026-07-07 14:07:06.088633,2026-07-07 14:07:15.239913,0 days 00:00:09.151280,22.69551438547952,14,COMPLETE
1510,0.02146169241961643,0.46615240594265134,2026-07-07 14:07:06.092711,2026-07-07 14:07:15.411126,0 days 00:00:09.318415,79.99235247978343,14,COMPLETE
1511,0.014111668131232546,0.4672483031826155,2026-07-07 14:07:06.589957,2026-07-07 14:07:16.735235,0 days 00:00:10.145278,16.93613863269219,14,COMPLETE
1512,0.012890464949161073,0.4676179100453337,2026-07-07 14:07:06.591941,2026-07-07 14:07:14.867748,0 days 00:00:08.275807,30.379129422369868,14,COMPLETE
1513,0.02076218044045325,0.4664517272849574,2026-07-07 14:07:07.565868,2026-07-07 14:07:15.565937,0 days 00:00:08.000069,63.1300876047333,14,COMPLETE
1514,0.01923803669456159,0.46664762272756277,2026-07-07 14:07:07.740222,2026-07-07 14:07:14.331201,0 days 00:00:06.590979,22.5681810404795,14,COMPLETE
1515,0.01568850886420553,0.46713556426664443,2026-07-07 14:07:08.081420,2026-07-07 14:07:17.055749,0 days 00:00:08.974329,22.9225207469556,14,COMPLETE
1516,0.021588911274871503,0.46613715938987477,2026-07-07 14:07:08.302036,2026-07-07 14:07:20.533705,0 days 00:00:12.231669,80.27694469928224,14,COMPLETE
1517,0.019778973101231334,0.4663131318113872,2026-07-07 14:07:08.303967,2026-07-07 14:07:10.727946,0 days 00:00:02.423979,75.83920624529667,14,COMPLETE
1518,0.012280420103929324,0.46766646603099943,2026-07-07 14:07:08.315792,2026-07-07 14:07:17.067991,0 days 00:00:08.752199,4.559817199447683,15,COMPLETE
1519,0.006465066514524942,0.4687936392118738,2026-07-07 14:07:08.316935,2026-07-07 14:07:19.716580,0 days 00:00:11.399645,13.318205495823403,15,COMPLETE
1520,0.01864544187418604,0.4662305079439952,2026-07-07 14:07:08.324335,2026-07-07 14:07:19.706558,0 days 00:00:11.382223,3.991002392074677,15,COMPLETE
1521,0.01826187332775342,0.46672167891709465,2026-07-07 14:07:08.963031,2026-07-07 14:07:20.203564,0 days 00:00:11.240533,45.72150091214688,15,COMPLETE
1522,0.013603911039649363,0.4673324005815156,2026-07-07 14:07:09.023279,2026-07-07 14:07:14.152536,0 days 00:00:05.129257,7.5709502063335465,15,COMPLETE
1523,0.012939458671241244,0.4675901705955069,2026-07-07 14:07:09.067540,2026-07-07 14:07:14.149011,0 days 00:00:05.081471,30.26047581145521,15,COMPLETE
1524,0.01791995046889394,0.46682227894115713,2026-07-07 14:07:09.075137,2026-07-07 14:07:21.221858,0 days 00:00:12.146721,49.56180460017339,15,COMPLETE
1525,0.01567930665769207,0.4671495004598699,2026-07-07 14:07:09.239717,2026-07-07 14:07:20.535702,0 days 00:00:11.295985,52.49305498223709,15,COMPLETE
1526,-0.019195495763078996,0.4749020299424086,2026-07-07 14:07:09.240146,2026-07-07 14:07:15.074622,0 days 00:00:05.834476,4.402025072197648,15,COMPLETE
1527,0.01977149274171658,0.4663105624928493,2026-07-07 14:07:09.240912,2026-07-07 14:07:17.235895,0 days 00:00:07.994983,75.51199294708135,15,COMPLETE
1528,0.011807032226275771,0.46771163037266844,2026-07-07 14:07:09.244802,2026-07-07 14:07:19.512295,0 days 00:00:10.267493,18.230777172195413,15,COMPLETE
1529,0.022061983347291425,0.46607835264749925,2026-07-07 14:07:09.247140,2026-07-07 14:07:13.816628,0 days 00:00:04.569488,64.59622182874503,15,COMPLETE
1530,0.013900958730632462,0.46747969334164463,2026-07-07 14:07:09.718635,2026-07-07 14:07:21.403239,0 days 00:00:11.684604,29.866217420608848,15,COMPLETE
1531,0.020368317347208842,0.4663325094083544,2026-07-07 14:07:09.729224,2026-07-07 14:07:16.567996,0 days 00:00:06.838772,67.21686162799772,15,COMPLETE
1532,0.020009599237074682,0.46622430529171677,2026-07-07 14:07:09.731521,2026-07-07 14:07:19.494471,0 days 00:00:09.762950,36.092247132119574,15,COMPLETE
1533,0.024576667082712944,0.4657464843224443,2026-07-07 14:07:09.732424,2026-07-07 14:07:14.881322,0 days 00:00:05.148898,98.75272778687027,15,COMPLETE
1534,0.016621737423672067,0.4669959678158864,2026-07-07 14:07:09.746362,2026-07-07 14:07:20.900852,0 days 00:00:11.154490,39.71745418658718,15,COMPLETE
1535,0.024202038567220918,0.46574230145822126,2026-07-07 14:07:09.749145,2026-07-07 14:07:20.558046,0 days 00:00:10.808901,90.02015014582776,15,COMPLETE
1536,0.018371661628943436,0.46667590692370536,2026-07-07 14:07:09.910456,2026-07-07 14:07:17.229092,0 days 00:00:07.318636,50.72097136035487,15,COMPLETE
1537,0.0111247139308846,0.46791267101471534,2026-07-07 14:07:10.066536,2026-07-07 14:07:20.562762,0 days 00:00:10.496226,33.85931277308798,15,COMPLETE
1538,0.020011612337897555,0.46657248203958496,2026-07-07 14:07:10.940988,2026-07-07 14:07:20.739410,0 days 00:00:09.798422,62.544475598491175,15,COMPLETE
1539,0.020214277657402413,0.4662866204392403,2026-07-07 14:07:10.965435,2026-07-07 14:07:19.705770,0 days 00:00:08.740335,73.85494022561808,15,COMPLETE
1540,0.019659305123589932,0.4663822252141432,2026-07-07 14:07:11.126387,2026-07-07 14:07:14.840374,0 days 00:00:03.713987,57.98207511774825,15,COMPLETE
1541,0.020338959783758437,0.466397786019475,2026-07-07 14:07:11.141139,2026-07-07 14:07:21.572985,0 days 00:00:10.431846,55.633430559188234,15,COMPLETE
1542,0.014956489454821031,0.46713216399957763,2026-07-07 14:07:11.141394,2026-07-07 14:07:21.763038,0 days 00:00:10.621644,20.515863567518615,15,COMPLETE
1543,0.025394002552197648,0.46564669623547117,2026-07-07 14:07:11.147087,2026-07-07 14:07:21.220866,0 days 00:00:10.073779,95.05980352250992,15,COMPLETE
1544,0.011083131571326232,0.467672940281231,2026-07-07 14:07:11.157502,2026-07-07 14:07:20.901780,0 days 00:00:09.744278,8.220083422891813,15,COMPLETE
1545,0.015968554086997933,0.4672367634793772,2026-07-07 14:07:11.323647,2026-07-07 14:07:21.602268,0 days 00:00:10.278621,28.083781599625265,15,COMPLETE
1546,0.02058429704885495,0.46621766850170454,2026-07-07 14:07:11.483907,2026-07-07 14:07:21.591115,0 days 00:00:10.107208,73.19906017208214,15,COMPLETE
1547,0.012672104230741166,0.4674936714099668,2026-07-07 14:07:11.486677,2026-07-07 14:07:14.325819,0 days 00:00:02.839142,9.182464998773666,15,COMPLETE
1548,0.019639910676768457,0.46638255215995117,2026-07-07 14:07:11.798489,2026-07-07 14:07:20.555986,0 days 00:00:08.757497,57.96287688661796,15,COMPLETE
1549,0.0174480888804725,0.46670028620716586,2026-07-07 14:07:12.127435,2026-07-07 14:07:22.286388,0 days 00:00:10.158953,38.401105583811585,15,COMPLETE
1550,0.006768420600001379,0.46885838958625065,2026-07-07 14:07:12.128041,2026-07-07 14:07:23.245136,0 days 00:00:11.117095,11.540002851646495,15,COMPLETE
1551,0.02273756581764269,0.46601182023634136,2026-07-07 14:07:12.129274,2026-07-07 14:07:22.130907,0 days 00:00:10.001633,82.82206184160714,15,COMPLETE
1552,0.023406296082765843,0.465933514490401,2026-07-07 14:07:12.131142,2026-07-07 14:07:22.772242,0 days 00:00:10.641100,86.32643825664073,15,COMPLETE
1553,0.017353151752689644,0.4670093779751744,2026-07-07 14:07:12.131691,2026-07-07 14:07:21.576387,0 days 00:00:09.444696,48.72691157391367,15,COMPLETE
1554,0.018066030994458193,0.4667290747596168,2026-07-07 14:07:12.133580,2026-07-07 14:07:24.643423,0 days 00:00:12.509843,54.370571597445434,15,COMPLETE
1555,0.020816955190172293,0.4662766754997232,2026-07-07 14:07:12.134910,2026-07-07 14:07:24.984102,0 days 00:00:12.849192,61.1956865638968,15,COMPLETE
1556,0.01745127820034681,0.4669352593172789,2026-07-07 14:07:12.764842,2026-07-07 14:07:24.457283,0 days 00:00:11.692441,51.70209616477025,15,COMPLETE
1557,0.023008212271826423,0.4660033837717213,2026-07-07 14:07:13.092317,2026-07-07 14:07:24.456645,0 days 00:00:11.364328,84.69088073493097,15,COMPLETE
1558,0.017387407733250815,0.46681933114447144,2026-07-07 14:07:13.611233,2026-07-07 14:07:24.630020,0 days 00:00:11.018787,40.08750261225312,15,COMPLETE
1559,0.020172193816180073,0.4664386911162022,2026-07-07 14:07:14.333227,2026-07-07 14:07:24.468563,0 days 00:00:10.135336,60.8182740768713,15,COMPLETE
1560,0.013435995914800825,0.467994053845121,2026-07-07 14:07:14.886152,2026-07-07 14:07:24.819254,0 days 00:00:09.933102,19.044795650187076,15,COMPLETE
1561,0.016511071643503628,0.4670273383865932,2026-07-07 14:07:14.895858,2026-07-07 14:07:27.199031,0 days 00:00:12.303173,22.922503286230352,15,COMPLETE
1562,0.00722635249130732,0.46839292325366727,2026-07-07 14:07:14.897815,2026-07-07 14:07:24.463225,0 days 00:00:09.565410,10.030838570492824,15,COMPLETE
1563,0.024366517336923132,0.46570985779945484,2026-07-07 14:07:14.903764,2026-07-07 14:07:24.465773,0 days 00:00:09.562009,90.87621951806001,15,COMPLETE
1564,0.020516058183374375,0.4662588114876063,2026-07-07 14:07:14.905174,2026-07-07 14:07:26.174125,0 days 00:00:11.268951,71.03736370079339,15,COMPLETE
1565,0.01720458213413767,0.46703553383840635,2026-07-07 14:07:14.908320,2026-07-07 14:07:24.813751,0 days 00:00:09.905431,45.97769369165478,15,COMPLETE
1566,0.01651624419887443,0.4666668871963371,2026-07-07 14:07:15.065194,2026-07-07 14:07:21.950020,0 days 00:00:06.884826,7.944506486072567,15,COMPLETE
1567,0.018701492967271915,0.4666160652842276,2026-07-07 14:07:15.067558,2026-07-07 14:07:24.821111,0 days 00:00:09.753553,50.93598596434363,15,COMPLETE
1568,0.024235041764693932,0.46574702769818277,2026-07-07 14:07:15.073746,2026-07-07 14:07:24.454631,0 days 00:00:09.380885,89.21097348332971,15,COMPLETE
1569,0.02416039620358368,0.4657605886922279,2026-07-07 14:07:15.248334,2026-07-07 14:07:20.554189,0 days 00:00:05.305855,88.91987750170038,15,COMPLETE
1570,0.012633306610240758,0.46732617334777676,2026-07-07 14:07:15.406311,2026-07-07 14:07:26.501678,0 days 00:00:11.095367,7.091920319493195,15,COMPLETE
1571,0.17608271494189542,0.443652186987801,2026-07-07 14:07:15.408840,2026-07-07 14:07:27.204251,0 days 00:00:11.795411,0.20995241041318835,15,COMPLETE
1572,0.022982301620234902,0.4660032694376022,2026-07-07 14:07:15.411021,2026-07-07 14:07:25.827155,0 days 00:00:10.416134,84.51316541434812,15,COMPLETE
1573,0.01304322432797772,0.4674694590988117,2026-07-07 14:07:15.567397,2026-07-07 14:07:21.781907,0 days 00:00:06.214510,33.65846972448299,15,COMPLETE
1574,0.021278928010184994,0.46617277356775166,2026-07-07 14:07:15.724363,2026-07-07 14:07:25.828935,0 days 00:00:10.104572,68.08347451879203,15,COMPLETE
1575,0.01892982415179789,0.46668845324162533,2026-07-07 14:07:16.036576,2026-07-07 14:07:27.210479,0 days 00:00:11.173903,44.882933142828,15,COMPLETE
1576,0.017052956605056513,0.46691662411696594,2026-07-07 14:07:16.037315,2026-07-07 14:07:24.450347,0 days 00:00:08.413032,48.372072998275186,15,COMPLETE
1577,0.013460821484850949,0.46747085634886365,2026-07-07 14:07:16.199742,2026-07-07 14:07:25.990625,0 days 00:00:09.790883,25.744172426157757,15,COMPLETE
1578,0.018592291119680526,0.46665728207242246,2026-07-07 14:07:16.201235,2026-07-07 14:07:28.508463,0 days 00:00:12.307228,42.32481765443015,15,COMPLETE
1579,0.011947712144981193,0.4677356585799314,2026-07-07 14:07:16.203275,2026-07-07 14:07:26.693193,0 days 00:00:10.489918,7.351322999776734,15,COMPLETE
1580,0.016496491932223467,0.46684538829987554,2026-07-07 14:07:16.204814,2026-07-07 14:07:21.957582,0 days 00:00:05.752768,33.228561907134896,15,COMPLETE
1581,0.01717014873302597,0.46691824856693526,2026-07-07 14:07:16.528362,2026-07-07 14:07:26.683680,0 days 00:00:10.155318,39.44480089809727,15,COMPLETE
1582,0.020636702326300438,0.46622480571550917,2026-07-07 14:07:16.545356,2026-07-07 14:07:24.074160,0 days 00:00:07.528804,72.8320781498675,15,COMPLETE
1583,0.01278632064377988,0.46763536684858165,2026-07-07 14:07:17.707541,2026-07-07 14:07:28.673728,0 days 00:00:10.966187,38.04828077850082,15,COMPLETE
1584,0.0162978777113858,0.4666980196808785,2026-07-07 14:07:17.712478,2026-07-07 14:07:31.153618,0 days 00:00:13.441140,6.005630999503666,15,COMPLETE
1585,0.014740637976675464,0.4673429096555627,2026-07-07 14:07:18.180576,2026-07-07 14:07:21.955910,0 days 00:00:03.775334,28.14598923097294,15,COMPLETE
1586,0.01683805404343336,0.4666196114278858,2026-07-07 14:07:18.494857,2026-07-07 14:07:31.517781,0 days 00:00:13.022924,3.9052132125247923,15,COMPLETE
1587,0.02003067529382846,0.4665274277532161,2026-07-07 14:07:18.513790,2026-07-07 14:07:27.210097,0 days 00:00:08.696307,62.10619564096667,15,COMPLETE
1588,0.019975706426942352,0.4662921267409572,2026-07-07 14:07:19.149714,2026-07-07 14:07:30.831895,0 days 00:00:11.682181,76.24559245136258,15,COMPLETE
1589,0.02454238281495219,0.4657136258199294,2026-07-07 14:07:19.310450,2026-07-07 14:07:30.994359,0 days 00:00:11.683909,91.36470143459529,15,COMPLETE
1590,0.02410774838551727,0.4657822103673552,2026-07-07 14:07:20.198139,2026-07-07 14:07:30.091881,0 days 00:00:09.893742,88.22431291071254,15,COMPLETE
1591,0.02254765517036239,0.4660221184515565,2026-07-07 14:07:21.060400,2026-07-07 14:07:27.373976,0 days 00:00:06.313576,82.10849149206761,15,COMPLETE
1592,0.015715817946066968,0.4671829926521167,2026-07-07 14:07:21.061857,2026-07-07 14:07:32.063449,0 days 00:00:11.001592,36.87449803564757,15,COMPLETE
1593,0.014821566341719272,0.46734731917554895,2026-07-07 14:07:21.564623,2026-07-07 14:07:28.671767,0 days 00:00:07.107144,28.14305407929606,15,COMPLETE
1594,0.012469895527468133,0.4675361839360043,2026-07-07 14:07:21.604236,2026-07-07 14:07:31.551596,0 days 00:00:09.947360,13.795210057148871,15,COMPLETE
1595,0.011911150953288985,0.4677576451685165,2026-07-07 14:07:21.763344,2026-07-07 14:07:33.411801,0 days 00:00:11.648457,31.781621007098032,15,COMPLETE
1596,0.010098368164203675,0.4679689096792523,2026-07-07 14:07:21.767917,2026-07-07 14:07:31.890158,0 days 00:00:10.122241,18.15069943579771,15,COMPLETE
1597,0.009907341376074574,0.46805128041508987,2026-07-07 14:07:21.789516,2026-07-07 14:07:32.393319,0 days 00:00:10.603803,17.717001327383965,15,COMPLETE
1598,0.016915130723030303,0.4668239561155365,2026-07-07 14:07:21.790443,2026-07-07 14:07:32.413740,0 days 00:00:10.623297,25.53031068508046,15,COMPLETE
1599,0.0153502474099384,0.4670597443479299,2026-07-07 14:07:21.792339,2026-07-07 14:07:31.525456,0 days 00:00:09.733117,27.576275346075402,15,COMPLETE
1600,0.016280458775422446,0.4670812770311369,2026-07-07 14:07:21.949655,2026-07-07 14:07:30.495956,0 days 00:00:08.546301,28.359993235139978,15,COMPLETE
1601,0.0244934917539274,0.4656983239519656,2026-07-07 14:07:21.950568,2026-07-07 14:07:33.936776,0 days 00:00:11.986208,91.10155597442377,15,COMPLETE
1602,0.020729715229602208,0.4662454574790428,2026-07-07 14:07:21.953570,2026-07-07 14:07:26.676850,0 days 00:00:04.723280,70.6979220152137,15,COMPLETE
1603,0.013505892014196497,0.4675005811001409,2026-07-07 14:07:22.124324,2026-07-07 14:07:34.449534,0 days 00:00:12.325210,32.395622698989435,15,COMPLETE
1604,0.02035393567955457,0.4663728977038766,2026-07-07 14:07:22.124510,2026-07-07 14:07:31.561817,0 days 00:00:09.437307,61.33772602221162,15,COMPLETE
1605,0.018818928379522426,0.46666312006572724,2026-07-07 14:07:22.126441,2026-07-07 14:07:33.592958,0 days 00:00:11.466517,24.550296520065736,15,COMPLETE
1606,0.025107380672271307,0.46568024040926537,2026-07-07 14:07:22.128907,2026-07-07 14:07:29.149870,0 days 00:00:07.020963,97.29198175364203,15,COMPLETE
1607,0.022901288410404397,0.4659957304982371,2026-07-07 14:07:22.443317,2026-07-07 14:07:31.719332,0 days 00:00:09.276015,83.64673041901226,15,COMPLETE
1608,0.010139282918096737,0.4679016781016588,2026-07-07 14:07:22.603342,2026-07-07 14:07:30.500581,0 days 00:00:07.897239,16.467931383147818,15,COMPLETE
1609,0.01146903527573967,0.467651456265303,2026-07-07 14:07:22.608022,2026-07-07 14:07:25.632105,0 days 00:00:03.024083,14.051658621996339,15,COMPLETE
1610,0.019818238293995816,0.4663594756319118,2026-07-07 14:07:22.767204,2026-07-07 14:07:32.397983,0 days 00:00:09.630779,74.20612575067533,15,COMPLETE
1611,0.019481911740578672,0.4664972057950675,2026-07-07 14:07:22.767430,2026-07-07 14:07:33.938594,0 days 00:00:11.171164,23.657727122708977,15,COMPLETE
1612,0.02235915541466532,0.46604346468242386,2026-07-07 14:07:22.768402,2026-07-07 14:07:31.534332,0 days 00:00:08.765930,81.76219799120395,15,COMPLETE
1613,0.024807612480436003,0.46570375376872536,2026-07-07 14:07:22.772745,2026-07-07 14:07:38.858192,0 days 00:00:16.085447,92.52479978609908,15,COMPLETE
1614,0.022972569509608187,0.4659991393926793,2026-07-07 14:07:23.245777,2026-07-07 14:07:31.332500,0 days 00:00:08.086723,84.32389236119467,15,COMPLETE
1615,0.013492760750110577,0.46753440579485495,2026-07-07 14:07:23.250328,2026-07-07 14:07:30.488925,0 days 00:00:07.238597,31.43998841889664,15,COMPLETE
1616,0.02050677053666633,0.46623585976642207,2026-07-07 14:07:23.258346,2026-07-07 14:07:31.344952,0 days 00:00:08.086606,55.8203179326205,15,COMPLETE
1617,0.013905244806193984,0.4674495728091527,2026-07-07 14:07:23.424943,2026-07-07 14:07:33.945821,0 days 00:00:10.520878,37.56345349084159,15,COMPLETE
1618,0.02079920761899201,0.46625826950911853,2026-07-07 14:07:23.427840,2026-07-07 14:07:33.591873,0 days 00:00:10.164033,76.99515080705417,15,COMPLETE
1619,0.006247175303936536,0.4688784704087552,2026-07-07 14:07:24.234541,2026-07-07 14:07:33.961871,0 days 00:00:09.727330,13.117250897043116,15,COMPLETE
1620,0.011119046161568114,0.4679731460565043,2026-07-07 14:07:24.275477,2026-07-07 14:07:31.716795,0 days 00:00:07.441318,31.681321063463365,15,COMPLETE
1621,0.022324006119330775,0.46596925652983223,2026-07-07 14:07:24.643625,2026-07-07 14:07:36.285380,0 days 00:00:11.641755,69.8398485224825,16,COMPLETE
1622,0.01701399662313363,0.4670639851943596,2026-07-07 14:07:24.818139,2026-07-07 14:07:36.831457,0 days 00:00:12.013318,46.24755196785071,16,COMPLETE
1623,0.023061824551902144,0.4659959034774013,2026-07-07 14:07:24.985335,2026-07-07 14:07:39.173238,0 days 00:00:14.187903,84.86725223711667,16,COMPLETE
1624,0.02489435887873076,0.46570416457887676,2026-07-07 14:07:25.788735,2026-07-07 14:07:37.344924,0 days 00:00:11.556189,98.06553458736938,16,COMPLETE
1625,0.020577851238289646,0.46621982404391676,2026-07-07 14:07:25.790512,2026-07-07 14:07:37.174658,0 days 00:00:11.384146,73.16083273353802,16,COMPLETE
1626,0.0170872315512417,0.466599073285119,2026-07-07 14:07:25.793386,2026-07-07 14:07:33.381983,0 days 00:00:07.588597,5.369414542437059,16,COMPLETE
1627,0.01702028014449264,0.4668489248648966,2026-07-07 14:07:25.807347,2026-07-07 14:07:37.162629,0 days 00:00:11.355282,38.10190476884008,16,COMPLETE
1628,0.019420212926328784,0.4663960429371207,2026-07-07 14:07:25.815731,2026-07-07 14:07:37.169173,0 days 00:00:11.353442,74.84920997768741,16,COMPLETE
1629,0.013778642239596128,0.46740680527330647,2026-07-07 14:07:25.816443,2026-07-07 14:07:33.928084,0 days 00:00:08.111641,4.381316655645983,16,COMPLETE
1630,0.02058474101382135,0.46626455644504455,2026-07-07 14:07:25.823441,2026-07-07 14:07:35.968325,0 days 00:00:10.144884,70.78616087290158,16,COMPLETE
1631,0.024723992064944356,0.46572731844959014,2026-07-07 14:07:25.990246,2026-07-07 14:07:35.636701,0 days 00:00:09.646455,98.38883637783637,16,COMPLETE
1632,0.008067463907642125,0.4682592280522823,2026-07-07 14:07:25.997496,2026-07-07 14:07:33.768564,0 days 00:00:07.771068,10.418754218637972,16,COMPLETE
1633,0.017625759290190557,0.4668552308729646,2026-07-07 14:07:26.002397,2026-07-07 14:07:34.479600,0 days 00:00:08.477203,40.19950981457571,16,COMPLETE
1634,0.025183117881602157,0.46567084525242175,2026-07-07 14:07:26.004361,2026-07-07 14:07:31.552372,0 days 00:00:05.548011,94.0217490538967,16,COMPLETE
1635,0.016651371606962784,0.4670617190409614,2026-07-07 14:07:26.162383,2026-07-07 14:07:32.401940,0 days 00:00:06.239557,36.46151012476256,16,COMPLETE
1636,0.019468825436210813,0.46660074541249896,2026-07-07 14:07:27.009211,2026-07-07 14:07:36.826323,0 days 00:00:09.817112,23.49756136690736,16,COMPLETE
1637,0.024745698765313573,0.4656996916229504,2026-07-07 14:07:27.182396,2026-07-07 14:07:37.141933,0 days 00:00:09.959537,92.11497816541947,16,COMPLETE
1638,0.017409342349336943,0.4670266731959756,2026-07-07 14:07:27.184566,2026-07-07 14:07:34.480882,0 days 00:00:07.296316,24.610770861599615,16,COMPLETE
1639,0.019371907684510747,0.46651479156060005,2026-07-07 14:07:27.209095,2026-07-07 14:07:37.505682,0 days 00:00:10.296587,58.28162547590101,16,COMPLETE
1640,0.015694338958922027,0.4671993220228477,2026-07-07 14:07:27.374725,2026-07-07 14:07:36.828154,0 days 00:00:09.453429,52.24625580422134,16,COMPLETE
1641,0.025372918979386427,0.4656475708400427,2026-07-07 14:07:27.376003,2026-07-07 14:07:34.806440,0 days 00:00:07.430437,96.09333541837813,16,COMPLETE
1642,0.015245676933637986,0.46717885437968887,2026-07-07 14:07:27.544487,2026-07-07 14:07:31.887656,0 days 00:00:04.343169,26.624764388729545,16,COMPLETE
1643,0.018595404545323935,0.466621196592899,2026-07-07 14:07:27.545162,2026-07-07 14:07:35.605499,0 days 00:00:08.060337,24.419837990642584,16,COMPLETE
1644,0.02070939651958298,0.4662110291899158,2026-07-07 14:07:27.545868,2026-07-07 14:07:38.200650,0 days 00:00:10.654782,72.75908505927026,16,COMPLETE
1645,0.011602451042568296,0.46779597896252895,2026-07-07 14:07:27.547686,2026-07-07 14:07:38.356918,0 days 00:00:10.809232,14.033677056949058,16,COMPLETE
1646,0.011960019891754159,0.4677566795356887,2026-07-07 14:07:27.555095,2026-07-07 14:07:37.847185,0 days 00:00:10.292090,18.622789112655184,16,COMPLETE
1647,0.004526494276609061,0.46882519895267816,2026-07-07 14:07:27.559827,2026-07-07 14:07:38.854375,0 days 00:00:11.294548,13.48246215793372,16,COMPLETE
1648,0.02075032773001856,0.4664538978536974,2026-07-07 14:07:27.560018,2026-07-07 14:07:38.177482,0 days 00:00:10.617464,63.11285006514885,16,COMPLETE
1649,0.014437947875338253,0.4672295220438231,2026-07-07 14:07:27.561660,2026-07-07 14:07:33.964561,0 days 00:00:06.402901,33.53621861174002,16,COMPLETE
1650,0.017166812308126556,0.4669629031195897,2026-07-07 14:07:27.564879,2026-07-07 14:07:37.183332,0 days 00:00:09.618453,42.25937148656554,16,COMPLETE
1651,0.06445656688913437,0.45866032610358864,2026-07-07 14:07:30.125017,2026-07-07 14:07:41.079438,0 days 00:00:10.954421,0.8124023562218105,16,COMPLETE
1652,0.025409348026317335,0.46564463550559054,2026-07-07 14:07:30.304265,2026-07-07 14:07:41.437459,0 days 00:00:11.133194,95.20962010082486,16,COMPLETE
1653,0.016747332914284985,0.4668756524269208,2026-07-07 14:07:30.304660,2026-07-07 14:07:42.899058,0 days 00:00:12.594398,3.8062861494502886,16,COMPLETE
1654,0.020645994894679165,0.46624001683180116,2026-07-07 14:07:30.506861,2026-07-07 14:07:40.638576,0 days 00:00:10.131715,71.10644619505769,16,COMPLETE
1655,0.02419406755770115,0.46574290563872356,2026-07-07 14:07:30.990851,2026-07-07 14:07:41.068366,0 days 00:00:10.077515,90.0883594412817,16,COMPLETE
1656,0.021957452797175148,0.4660926282065726,2026-07-07 14:07:31.902365,2026-07-07 14:07:37.851652,0 days 00:00:05.949287,80.98298107327939,16,COMPLETE
1657,0.020325837797830648,0.4663917104511063,2026-07-07 14:07:32.062964,2026-07-07 14:07:43.449139,0 days 00:00:11.386175,61.425885567179265,16,COMPLETE
1658,0.021498989553506487,0.46610571009121693,2026-07-07 14:07:32.582219,2026-07-07 14:07:36.643867,0 days 00:00:04.061648,78.85420596147452,16,COMPLETE
1659,0.017046629583100936,0.4670092752765369,2026-07-07 14:07:32.893683,2026-07-07 14:07:43.266671,0 days 00:00:10.372988,50.16238385150463,16,COMPLETE
1660,0.01654533166964639,0.46697055830607687,2026-07-07 14:07:33.053271,2026-07-07 14:07:34.481916,0 days 00:00:01.428645,53.41651487724719,16,COMPLETE
1661,0.01796628939657946,0.4667622708771295,2026-07-07 14:07:33.374760,2026-07-07 14:07:43.809150,0 days 00:00:10.434390,49.10147556023619,16,COMPLETE
1662,0.01585598365882951,0.46712352747078567,2026-07-07 14:07:33.378422,2026-07-07 14:07:42.731123,0 days 00:00:09.352701,52.39333488652875,16,COMPLETE
1663,0.014177475928210614,0.4671862692688575,2026-07-07 14:07:33.379005,2026-07-07 14:07:44.708843,0 days 00:00:11.329838,5.795167670067279,16,COMPLETE
1664,0.012006850962092919,0.46777384799795085,2026-07-07 14:07:33.380221,2026-07-07 14:07:41.754956,0 days 00:00:08.374735,31.72811772669381,16,COMPLETE
1665,0.020760265543292133,0.46622812469254177,2026-07-07 14:07:33.397616,2026-07-07 14:07:38.515529,0 days 00:00:05.117913,71.26003579687237,16,COMPLETE
1666,0.013809852400304024,0.46769956558979825,2026-07-07 14:07:33.414518,2026-07-07 14:07:47.785808,0 days 00:00:14.371290,21.53469438073493,16,COMPLETE
1667,0.009054809134464492,0.4681147009846106,2026-07-07 14:07:33.416319,2026-07-07 14:07:41.265694,0 days 00:00:07.849375,9.926428543809216,16,COMPLETE
1668,0.006327088329717179,0.46863041614540035,2026-07-07 14:07:33.575582,2026-07-07 14:07:42.727863,0 days 00:00:09.152281,5.3971444006872344,16,COMPLETE
1669,0.018910682845077964,0.4666880023127421,2026-07-07 14:07:33.579049,2026-07-07 14:07:44.175053,0 days 00:00:10.596004,58.67884141969241,16,COMPLETE
1670,0.018804432877191413,0.46677241489161575,2026-07-07 14:07:33.583287,2026-07-07 14:07:44.174249,0 days 00:00:10.590962,45.65980241665059,16,COMPLETE
1671,0.019313769898643418,0.46641455023852785,2026-07-07 14:07:33.594721,2026-07-07 14:07:46.905445,0 days 00:00:13.310724,74.6431007938774,16,COMPLETE
1672,0.016176358757946596,0.46699405613256606,2026-07-07 14:07:33.607518,2026-07-07 14:07:44.708750,0 days 00:00:11.101232,52.783974110176565,16,COMPLETE
1673,0.0204435083604122,0.46624563428349125,2026-07-07 14:07:33.949400,2026-07-07 14:07:42.724185,0 days 00:00:08.774785,55.851658518759024,16,COMPLETE
1674,0.020527930794364324,0.46629074089168543,2026-07-07 14:07:33.953197,2026-07-07 14:07:43.435271,0 days 00:00:09.482074,76.69568895964912,16,COMPLETE
1675,0.012359538013058113,0.4675225376704565,2026-07-07 14:07:33.953560,2026-07-07 14:07:42.893406,0 days 00:00:08.939846,8.614438041437715,16,COMPLETE
1676,0.01817541373280568,0.46668991384221636,2026-07-07 14:07:34.469353,2026-07-07 14:07:42.932326,0 days 00:00:08.462973,47.93253096416438,16,COMPLETE
1677,0.01507912035198089,0.4672984497919246,2026-07-07 14:07:34.471494,2026-07-07 14:07:42.401500,0 days 00:00:07.930006,28.07453275872147,16,COMPLETE
1678,0.011924319990243237,0.4678707674303221,2026-07-07 14:07:34.474961,2026-07-07 14:07:45.070843,0 days 00:00:10.595882,32.44357275854149,16,COMPLETE
1679,0.019331205298490306,0.4666533167507937,2026-07-07 14:07:34.477908,2026-07-07 14:07:47.262296,0 days 00:00:12.784388,43.77265206307195,16,COMPLETE
1680,0.016736923321492236,0.4670062200013333,2026-07-07 14:07:34.481118,2026-07-07 14:07:44.127812,0 days 00:00:09.646694,41.105692022381035,16,COMPLETE
1681,0.017530023283724994,0.46679754863556705,2026-07-07 14:07:34.639846,2026-07-07 14:07:44.166463,0 days 00:00:09.526617,47.797010209551544,16,COMPLETE
1682,0.021505871905905638,0.4661050372602688,2026-07-07 14:07:34.642664,2026-07-07 14:07:40.635445,0 days 00:00:05.992781,78.87782008936371,16,COMPLETE
1683,0.020799573096559498,0.4662478030375325,2026-07-07 14:07:34.804277,2026-07-07 14:07:47.237261,0 days 00:00:12.432984,66.33713041767699,16,COMPLETE
1684,0.013394777730830698,0.46743212246302634,2026-07-07 14:07:34.805351,2026-07-07 14:07:44.358143,0 days 00:00:09.552792,7.5635794150533835,16,COMPLETE
1685,0.02421474966305931,0.4657414606605855,2026-07-07 14:07:34.807713,2026-07-07 14:07:44.909453,0 days 00:00:10.101740,89.89185302493371,16,COMPLETE
1686,0.02225290185877382,0.46601298187038487,2026-07-07 14:07:34.809028,2026-07-07 14:07:43.274796,0 days 00:00:08.465768,69.2797096184723,16,COMPLETE
1687,0.014590600117353691,0.4671803823224252,2026-07-07 14:07:35.432864,2026-07-07 14:07:46.024057,0 days 00:00:10.591193,28.685194958721794,16,COMPLETE
1688,0.021555276155344583,0.4661415932445512,2026-07-07 14:07:35.596138,2026-07-07 14:07:45.551261,0 days 00:00:09.955123,80.21212325722799,16,COMPLETE
1689,0.015392611557059066,0.4672280949606532,2026-07-07 14:07:35.606634,2026-07-07 14:07:45.074605,0 days 00:00:09.467971,52.0133251051352,16,COMPLETE
1690,0.0025830652753541794,0.4698100148668504,2026-07-07 14:07:35.612625,2026-07-07 14:07:42.910012,0 days 00:00:07.297387,11.865268785121108,16,COMPLETE
1691,0.010038432220840554,0.4679342172448179,2026-07-07 14:07:35.634105,2026-07-07 14:07:41.093108,0 days 00:00:05.459003,15.087855647514303,16,COMPLETE
1692,0.017360017179156362,0.4668537908432552,2026-07-07 14:07:35.950783,2026-07-07 14:07:46.238723,0 days 00:00:10.287940,47.858133936912985,16,COMPLETE
1693,0.014935890251702721,0.46713853668113986,2026-07-07 14:07:35.957509,2026-07-07 14:07:50.963773,0 days 00:00:15.006264,3.2522254407079783,16,COMPLETE
1694,0.02588846653755139,0.46472676142255975,2026-07-07 14:07:36.285548,2026-07-07 14:07:44.197816,0 days 00:00:07.912268,1.615869900908196,16,COMPLETE
1695,0.01574219794609094,0.4672025774854939,2026-07-07 14:07:36.633235,2026-07-07 14:07:47.252587,0 days 00:00:10.619352,43.28768270257741,16,COMPLETE
1696,0.024996418748719718,0.46569195000462876,2026-07-07 14:07:37.151109,2026-07-07 14:07:49.109748,0 days 00:00:11.958639,97.82877451937344,16,COMPLETE
1697,0.01108911318002015,0.4678902489133968,2026-07-07 14:07:37.166289,2026-07-07 14:07:43.264142,0 days 00:00:06.097853,5.2346406713224045,16,COMPLETE
1698,0.016571817625794905,0.46698421137668716,2026-07-07 14:07:37.342961,2026-07-07 14:07:47.450799,0 days 00:00:10.107838,36.0302118522586,16,COMPLETE
1699,0.02120939462543109,0.46619028414072294,2026-07-07 14:07:37.505166,2026-07-07 14:07:47.618084,0 days 00:00:10.112918,66.13403924800917,16,COMPLETE
1700,0.003056253612007509,0.4694968585742166,2026-07-07 14:07:37.816990,2026-07-07 14:07:47.792257,0 days 00:00:09.975267,5.778680939900025,16,COMPLETE
1701,0.016041920225459694,0.4670128367283368,2026-07-07 14:07:37.818014,2026-07-07 14:07:46.880629,0 days 00:00:09.062615,25.595993433897824,16,COMPLETE
1702,0.020820984861942338,0.46624495182775816,2026-07-07 14:07:37.825750,2026-07-07 14:07:51.844478,0 days 00:00:14.018728,66.32636667014674,16,COMPLETE
1703,0.02005641138380515,0.4664806979594956,2026-07-07 14:07:38.162372,2026-07-07 14:07:47.790707,0 days 00:00:09.628335,59.8342742953796,16,COMPLETE
1704,0.01810116990063304,0.46679356999646493,2026-07-07 14:07:38.177920,2026-07-07 14:07:52.352072,0 days 00:00:14.174152,23.218737099386832,16,COMPLETE
1705,0.018205605396022284,0.466619034851869,2026-07-07 14:07:38.184960,2026-07-07 14:07:47.249061,0 days 00:00:09.064101,57.369754821826746,16,COMPLETE
1706,0.019399679883657595,0.4666785747004646,2026-07-07 14:07:38.187977,2026-07-07 14:07:47.225315,0 days 00:00:09.037338,58.91045887760419,16,COMPLETE
1707,0.020306244765826986,0.46643264910771487,2026-07-07 14:07:38.356589,2026-07-07 14:07:44.169916,0 days 00:00:05.813327,60.92306722689436,16,COMPLETE
1708,0.016374555107021183,0.4671892771610176,2026-07-07 14:07:38.515886,2026-07-07 14:07:51.343538,0 days 00:00:12.827652,48.46501230938411,16,COMPLETE
1709,0.02541494202694461,0.46564410723636784,2026-07-07 14:07:38.676292,2026-07-07 14:07:46.059139,0 days 00:00:07.382847,95.65878435494193,16,COMPLETE
1710,0.007296259925195447,0.4684107769028866,2026-07-07 14:07:38.832486,2026-07-07 14:07:46.899092,0 days 00:00:08.066606,10.012601301871696,16,COMPLETE
1711,0.016740446336413195,0.4670500600873445,2026-07-07 14:07:38.837621,2026-07-07 14:07:48.294087,0 days 00:00:09.456466,51.636437991742326,16,COMPLETE
1712,0.007724312882232853,0.4685773771767714,2026-07-07 14:07:39.332041,2026-07-07 14:07:51.298910,0 days 00:00:11.966869,4.620268598599996,16,COMPLETE
1713,0.018275499813893537,0.4668415615980366,2026-07-07 14:07:39.643023,2026-07-07 14:07:50.388207,0 days 00:00:10.745184,59.37759803214497,16,COMPLETE
1714,0.01818766775762648,0.4665395566774753,2026-07-07 14:07:40.120014,2026-07-07 14:07:48.290218,0 days 00:00:08.170204,34.658929276642326,16,COMPLETE
1715,0.018568912919035285,0.46672543991781507,2026-07-07 14:07:40.821886,2026-07-07 14:07:51.310138,0 days 00:00:10.488252,43.52961761807674,16,COMPLETE
1716,0.015688063780593287,0.46706103716371894,2026-07-07 14:07:40.841397,2026-07-07 14:07:51.310427,0 days 00:00:10.469030,33.192786505420564,16,COMPLETE
1717,0.024372870924340595,0.46576886742663415,2026-07-07 14:07:41.086105,2026-07-07 14:07:48.943362,0 days 00:00:07.857257,99.92333510311312,16,COMPLETE
1718,0.013131973256182428,0.46736000183879184,2026-07-07 14:07:41.754820,2026-07-07 14:07:44.902479,0 days 00:00:03.147659,7.095262455816451,16,COMPLETE
1719,0.019383113699359134,0.4664065523596433,2026-07-07 14:07:41.758045,2026-07-07 14:07:55.496932,0 days 00:00:13.738887,74.48140909197997,16,COMPLETE
1720,0.014179671530319238,0.467476510125673,2026-07-07 14:07:42.233113,2026-07-07 14:07:52.333842,0 days 00:00:10.100729,18.13161908700802,16,COMPLETE
1721,0.01781945936987739,0.4665320526591528,2026-07-07 14:07:42.728911,2026-07-07 14:07:47.277393,0 days 00:00:04.548482,2.804540823859647,16,COMPLETE
1722,0.02259516511746168,0.46601687443728607,2026-07-07 14:07:42.891357,2026-07-07 14:07:52.328153,0 days 00:00:09.436796,82.20856047949049,16,COMPLETE
1723,0.023732057543833396,0.4658579229569368,2026-07-07 14:07:42.932527,2026-07-07 14:07:50.745145,0 days 00:00:07.812618,87.50019239563912,17,COMPLETE
1724,0.021357951531007335,0.4661612147354385,2026-07-07 14:07:42.945992,2026-07-07 14:07:55.923775,0 days 00:00:12.977783,68.1679894321293,17,COMPLETE
1725,0.011827327291112966,0.4678088092470293,2026-07-07 14:07:43.454143,2026-07-07 14:07:51.676394,0 days 00:00:08.222251,30.972856305363106,17,COMPLETE
1726,0.0070294727245717725,0.46830424952193006,2026-07-07 14:07:43.620304,2026-07-07 14:07:55.726677,0 days 00:00:12.106373,13.429328095922967,17,COMPLETE
1727,0.012045786458522778,0.4677138044057302,2026-07-07 14:07:43.627525,2026-07-07 14:07:51.299472,0 days 00:00:07.671947,31.494447947011643,17,COMPLETE
1728,0.019446507952397662,0.4663981306567033,2026-07-07 14:07:44.129215,2026-07-07 14:07:51.839511,0 days 00:00:07.710296,74.43857928764453,17,COMPLETE
1729,0.018337509743429237,0.46670317334494044,2026-07-07 14:07:44.142313,2026-07-07 14:07:58.417150,0 days 00:00:14.274837,40.39524630334757,17,COMPLETE
1730,0.012703274113876506,0.46746329846264223,2026-07-07 14:07:44.160260,2026-07-07 14:07:51.318640,0 days 00:00:07.158380,15.784309045603601,17,COMPLETE
1731,0.017001584681934634,0.467099689178248,2026-07-07 14:07:44.176281,2026-07-07 14:07:55.930714,0 days 00:00:11.754433,48.787290055259206,17,COMPLETE
1732,0.024447005089318352,0.4657583066089561,2026-07-07 14:07:44.190461,2026-07-07 14:07:50.760536,0 days 00:00:06.570075,99.5059134312208,17,COMPLETE
1733,0.017151854699471558,0.46690364331480816,2026-07-07 14:07:44.356573,2026-07-07 14:07:54.320268,0 days 00:00:09.963695,47.93860173608252,17,COMPLETE
1734,0.016648974102856484,0.46670935014662507,2026-07-07 14:07:44.684201,2026-07-07 14:07:54.309527,0 days 00:00:09.625326,3.693980748901861,17,COMPLETE
1735,0.02657687395081021,0.46434302393197024,2026-07-07 14:07:44.686658,2026-07-07 14:07:54.670061,0 days 00:00:09.983403,1.060867121460925,17,COMPLETE
1736,0.0138994055357608,0.4674809074241272,2026-07-07 14:07:44.687727,2026-07-07 14:07:55.705530,0 days 00:00:11.017803,32.384989170343054,17,COMPLETE
1737,0.01456437510326486,0.4673565946176929,2026-07-07 14:07:44.694294,2026-07-07 14:07:55.697513,0 days 00:00:11.003219,19.304254716835203,17,COMPLETE
1738,0.009989178809374333,0.4680996691584125,2026-07-07 14:07:44.700436,2026-07-07 14:07:52.331632,0 days 00:00:07.631196,9.583671216431979,17,COMPLETE
1739,0.021733777581387226,0.4661961815296697,2026-07-07 14:07:44.705219,2026-07-07 14:07:51.834376,0 days 00:00:07.129157,64.1019147963411,17,COMPLETE
1740,0.017830068033897195,0.466731270185419,2026-07-07 14:07:44.723140,2026-07-07 14:07:49.270948,0 days 00:00:04.547808,54.47956990417511,17,COMPLETE
1741,0.011998415502822712,0.46764426264058917,2026-07-07 14:07:44.726887,2026-07-07 14:07:54.317446,0 days 00:00:09.590559,16.68675278190067,17,COMPLETE
1742,0.02046589478691646,0.46627370805322305,2026-07-07 14:07:44.730629,2026-07-07 14:07:54.306420,0 days 00:00:09.575791,70.9627595570935,17,COMPLETE
1743,0.02190437699342962,0.4660989467367329,2026-07-07 14:07:44.734555,2026-07-07 14:07:56.262389,0 days 00:00:11.527834,80.87858247091917,17,COMPLETE
1744,0.017480463528714518,0.46673520356949383,2026-07-07 14:07:44.912355,2026-07-07 14:07:55.511364,0 days 00:00:10.599009,25.40283250940735,17,COMPLETE
1745,0.020637607315518947,0.4662246251563459,2026-07-07 14:07:45.071282,2026-07-07 14:07:51.333589,0 days 00:00:06.262307,72.83152943695885,17,COMPLETE
1746,0.005459844872277353,0.4694533230064255,2026-07-07 14:07:45.709203,2026-07-07 14:07:56.255456,0 days 00:00:10.546253,4.849356938516535,17,COMPLETE
1747,0.025261797078608872,0.4656599443622448,2026-07-07 14:07:45.711584,2026-07-07 14:07:56.254967,0 days 00:00:10.543383,96.61497002078751,17,COMPLETE
1748,0.018418373001267307,0.46658336710794335,2026-07-07 14:07:46.071543,2026-07-07 14:07:55.509084,0 days 00:00:09.437541,57.31474110574927,17,COMPLETE
1749,0.021238739302581522,0.46618581567452344,2026-07-07 14:07:46.227030,2026-07-07 14:07:51.333380,0 days 00:00:05.106350,66.1200693407096,17,COMPLETE
1750,0.02294921771229269,0.4659948376985588,2026-07-07 14:07:46.887300,2026-07-07 14:07:54.337543,0 days 00:00:07.450243,83.99829844220731,17,COMPLETE
1751,0.018768759231683307,0.46669296341397815,2026-07-07 14:07:46.913097,2026-07-07 14:07:50.224977,0 days 00:00:03.311880,42.47221060633707,17,COMPLETE
1752,0.017150282225789404,0.4667574956817534,2026-07-07 14:07:47.251098,2026-07-07 14:07:58.427664,0 days 00:00:11.176566,33.264079809931026,17,COMPLETE
1753,0.022501001695554634,0.46602751773541284,2026-07-07 14:07:47.266170,2026-07-07 14:08:00.087274,0 days 00:00:12.821104,82.02018283934122,17,COMPLETE
1754,0.019255676419412338,0.4661386157362359,2026-07-07 14:07:47.268822,2026-07-07 14:08:01.083086,0 days 00:00:13.814264,5.296632508331853,17,COMPLETE
1755,0.019431621298708568,0.46639325226683725,2026-07-07 14:07:47.276466,2026-07-07 14:07:55.924473,0 days 00:00:08.648007,74.87191438603018,17,COMPLETE
1756,0.02171877877511924,0.4661209920698799,2026-07-07 14:07:47.436286,2026-07-07 14:07:58.595931,0 days 00:00:11.159645,80.52040966131607,17,COMPLETE
1757,0.021038834092268255,0.4663970817747667,2026-07-07 14:07:47.437894,2026-07-07 14:08:01.077304,0 days 00:00:13.639410,63.5145280663099,17,COMPLETE
1758,0.021014017706087573,0.46621216025401024,2026-07-07 14:07:47.606740,2026-07-07 14:07:56.090199,0 days 00:00:08.483459,78.35547452163998,17,COMPLETE
1759,0.014950551238902376,0.46711818256161697,2026-07-07 14:07:47.627486,2026-07-07 14:07:58.612387,0 days 00:00:10.984901,18.355392377669578,17,COMPLETE
1760,0.01210866998618948,0.46765230800079505,2026-07-07 14:07:47.628957,2026-07-07 14:07:56.270996,0 days 00:00:08.642039,32.01115869892455,17,COMPLETE
1761,0.02450478436192971,0.46569767382924004,2026-07-07 14:07:47.788367,2026-07-07 14:07:54.129394,0 days 00:00:06.341027,91.14208086492279,17,COMPLETE
1762,0.017866003773331918,0.4667259934611023,2026-07-07 14:07:47.789150,2026-07-07 14:07:59.243811,0 days 00:00:11.454661,55.045608189746105,17,COMPLETE
1763,0.01815989552077485,0.46680421738480127,2026-07-07 14:07:47.791147,2026-07-07 14:07:53.630534,0 days 00:00:05.839387,46.420284199139715,17,COMPLETE
1764,0.015362149600678665,0.4674024595964616,2026-07-07 14:07:47.797376,2026-07-07 14:07:53.628009,0 days 00:00:05.830633,34.8042072708409,17,COMPLETE
1765,0.016080278680882132,0.4671768399561757,2026-07-07 14:07:47.799541,2026-07-07 14:08:00.753163,0 days 00:00:12.953622,20.354523738090702,17,COMPLETE
1766,0.025259873557346213,0.4656629657276392,2026-07-07 14:07:47.958747,2026-07-07 14:07:54.339936,0 days 00:00:06.381189,94.36248510728566,17,COMPLETE
1767,0.029443570891743265,0.46370302922310036,2026-07-07 14:07:48.605180,2026-07-07 14:08:03.969968,0 days 00:00:15.364788,1.517337538373665,17,COMPLETE
1768,0.016016804311915156,0.467222130263226,2026-07-07 14:07:48.605593,2026-07-07 14:07:58.383132,0 days 00:00:09.777539,23.063762583336043,17,COMPLETE
1769,0.019013345737050324,0.46660508784259164,2026-07-07 14:07:48.611482,2026-07-07 14:08:02.596555,0 days 00:00:13.985073,41.58044436107351,17,COMPLETE
1770,0.020155019980239886,0.4662906598272543,2026-07-07 14:07:48.770839,2026-07-07 14:07:59.599316,0 days 00:00:10.828477,76.44351410359806,17,COMPLETE
1771,0.017044245874568598,0.46698647424531026,2026-07-07 14:07:48.779272,2026-07-07 14:07:56.253399,0 days 00:00:07.474127,38.94989067194751,17,COMPLETE
1772,0.024781056413515634,0.4657032891887667,2026-07-07 14:07:50.216294,2026-07-07 14:08:00.749353,0 days 00:00:10.533059,92.38930344931131,17,COMPLETE
1773,0.011034331100880979,0.46794771396170326,2026-07-07 14:07:50.383930,2026-07-07 14:07:59.605183,0 days 00:00:09.221253,15.803298701543067,17,COMPLETE
1774,0.02147291988417871,0.4661107874444445,2026-07-07 14:07:51.289446,2026-07-07 14:08:03.609034,0 days 00:00:12.319588,78.71880867613788,17,COMPLETE
1775,0.025121550494737355,0.4656766794498613,2026-07-07 14:07:51.292574,2026-07-07 14:07:59.244600,0 days 00:00:07.952026,93.734927623934,17,COMPLETE
1776,0.024174470995081743,0.4657443930842527,2026-07-07 14:07:51.296051,2026-07-07 14:07:58.588131,0 days 00:00:07.292080,90.22849775721046,17,COMPLETE
1777,0.021998813183971178,0.4660876230746229,2026-07-07 14:07:51.351440,2026-07-07 14:08:03.983964,0 days 00:00:12.632524,81.06410767002822,17,COMPLETE
1778,0.019763766762416757,0.4665061449662548,2026-07-07 14:07:51.352612,2026-07-07 14:07:59.767202,0 days 00:00:08.414590,59.8708162882383,17,COMPLETE
1779,0.01909515436625009,0.4661928756147027,2026-07-07 14:07:51.669730,2026-07-07 14:08:04.030614,0 days 00:00:12.360884,2.3344902043704674,17,COMPLETE
1780,0.02214634263315851,0.46603354810039294,2026-07-07 14:07:51.672494,2026-07-07 14:07:57.405487,0 days 00:00:05.732993,69.05085089831772,17,COMPLETE
1781,0.024172426755046605,0.4657591888694609,2026-07-07 14:07:51.838254,2026-07-07 14:07:54.834034,0 days 00:00:02.995780,88.85533344290786,17,COMPLETE
1782,0.02150858960764751,0.46614796661307334,2026-07-07 14:07:51.848980,2026-07-07 14:08:03.255417,0 days 00:00:11.406437,80.11534730206968,17,COMPLETE
1783,0.012488408345952884,0.4677511753862902,2026-07-07 14:07:51.854268,2026-07-07 14:08:02.597243,0 days 00:00:10.742975,37.97270239528713,17,COMPLETE
1784,0.02034254242850303,0.46632770036110516,2026-07-07 14:07:52.164961,2026-07-07 14:08:01.093871,0 days 00:00:08.928910,66.9128493316386,17,COMPLETE
1785,0.015102832861868642,0.4671664467904276,2026-07-07 14:07:52.349341,2026-07-07 14:08:01.426141,0 days 00:00:09.076800,32.92579771270496,17,COMPLETE
1786,0.02300884444728951,0.4660033184909469,2026-07-07 14:07:52.350765,2026-07-07 14:08:03.268650,0 days 00:00:10.917885,84.69343566102329,17,COMPLETE
1787,0.020846331235410076,0.4661968697396534,2026-07-07 14:07:52.987555,2026-07-07 14:08:04.003416,0 days 00:00:11.015861,72.17932111231323,17,COMPLETE
1788,0.024730891814387645,0.4657263808286051,2026-07-07 14:07:53.301712,2026-07-07 14:08:04.002811,0 days 00:00:10.701099,98.37468172807303,17,COMPLETE
1789,0.004188665789788271,0.4691996730130892,2026-07-07 14:07:53.458674,2026-07-07 14:08:04.002065,0 days 00:00:10.543391,12.730620897063574,17,COMPLETE
1790,0.021933785044606025,0.4660954581146198,2026-07-07 14:07:53.619301,2026-07-07 14:08:02.581836,0 days 00:00:08.962535,80.93644501682238,17,COMPLETE
1791,0.009204920557803864,0.4677932640697239,2026-07-07 14:07:53.620284,2026-07-07 14:08:04.026215,0 days 00:00:10.405931,10.995604250921016,17,COMPLETE
1792,0.004616032058571362,0.46892825097338414,2026-07-07 14:07:53.622125,2026-07-07 14:08:03.986586,0 days 00:00:10.364461,9.542193226031452,17,COMPLETE
1793,0.020446102753992557,0.46634310561617753,2026-07-07 14:07:54.118551,2026-07-07 14:07:58.587668,0 days 00:00:04.469117,40.92938736834097,17,COMPLETE
1794,0.024182775475815932,0.46574377037001846,2026-07-07 14:07:54.133052,2026-07-07 14:08:04.045232,0 days 00:00:09.912180,90.17358247173505,17,COMPLETE
1795,0.02373645884296194,0.46585852697927194,2026-07-07 14:07:54.137106,2026-07-07 14:08:04.381944,0 days 00:00:10.244838,87.51114172340019,17,COMPLETE
1796,0.020927805531503085,0.4664206218510329,2026-07-07 14:07:54.300320,2026-07-07 14:08:03.979340,0 days 00:00:09.679020,63.37460712887368,17,COMPLETE
1797,0.008277574671067656,0.46814775282640725,2026-07-07 14:07:54.992653,2026-07-07 14:08:06.273623,0 days 00:00:11.280970,18.121568928821087,17,COMPLETE
1798,0.019659875957300565,0.4664397791672794,2026-07-07 14:07:54.995034,2026-07-07 14:08:02.771377,0 days 00:00:07.776343,53.851441663784534,17,COMPLETE
1799,0.01759095929879667,0.4668826670162993,2026-07-07 14:07:55.311577,2026-07-07 14:08:04.383367,0 days 00:00:09.071790,38.935635948247,17,COMPLETE
1800,0.01657389641604301,0.4669584334049801,2026-07-07 14:07:55.485912,2026-07-07 14:08:03.960731,0 days 00:00:08.474819,28.683528415387748,17,COMPLETE
1801,0.020430878164400756,0.4662957007798437,2026-07-07 14:07:55.722818,2026-07-07 14:08:04.214424,0 days 00:00:08.491606,66.63914582956957,17,COMPLETE
1802,0.015726203630873903,0.4670593872982937,2026-07-07 14:07:55.724570,2026-07-07 14:07:58.422564,0 days 00:00:02.697994,34.023735477401345,17,COMPLETE
1803,0.018399134511828452,0.4666575491643917,2026-07-07 14:07:55.727395,2026-07-07 14:08:06.630289,0 days 00:00:10.902894,50.725973714972724,17,COMPLETE
1804,0.015005355817434951,0.4672089778671355,2026-07-07 14:07:55.739362,2026-07-07 14:08:03.436908,0 days 00:00:07.697546,30.53822801827522,17,COMPLETE
1805,0.013555976986761142,0.46752231051277854,2026-07-07 14:07:55.929268,2026-07-07 14:08:04.372088,0 days 00:00:08.442820,38.55469262211044,17,COMPLETE
1806,0.023952372303654768,0.46582340433095626,2026-07-07 14:07:55.931970,2026-07-07 14:08:07.179534,0 days 00:00:11.247564,87.86278578328718,17,COMPLETE
1807,0.006720463924748787,0.46866106345008507,2026-07-07 14:07:56.252093,2026-07-07 14:08:07.015169,0 days 00:00:10.763076,13.438935885806783,17,COMPLETE
1808,0.011791200342281871,0.4678094922712714,2026-07-07 14:07:56.262723,2026-07-07 14:08:06.834232,0 days 00:00:10.571509,30.67206824269017,17,COMPLETE
1809,0.017926712042320547,0.46687042956748254,2026-07-07 14:07:56.274039,2026-07-07 14:08:06.856211,0 days 00:00:10.582172,42.00929774996513,17,COMPLETE
1810,0.013168615489250524,0.4675251003335043,2026-07-07 14:07:56.275295,2026-07-07 14:08:08.500089,0 days 00:00:12.224794,31.59747018939202,17,COMPLETE
1811,0.024087838983185728,0.46575330376614243,2026-07-07 14:07:56.276903,2026-07-07 14:08:06.832979,0 days 00:00:10.556076,90.59607413498266,17,COMPLETE
1812,0.02495519441297256,0.4656965188430794,2026-07-07 14:07:56.433732,2026-07-07 14:08:03.976568,0 days 00:00:07.542836,97.93796587555299,17,COMPLETE
1813,0.025138488130560188,0.46567507558041704,2026-07-07 14:07:56.433907,2026-07-07 14:08:04.039254,0 days 00:00:07.605347,93.81553466301071,17,COMPLETE
1814,0.013700488494157503,0.46774425033757044,2026-07-07 14:07:56.589989,2026-07-07 14:08:07.833936,0 days 00:00:11.243947,25.235494251815872,17,COMPLETE
1815,0.014469830115743043,0.4670969961750455,2026-07-07 14:07:56.590750,2026-07-07 14:08:07.848439,0 days 00:00:11.257689,8.318983517941295,17,COMPLETE
1816,0.022180405487293275,0.4660313374209773,2026-07-07 14:07:56.592696,2026-07-07 14:08:07.174631,0 days 00:00:10.581935,65.13608785242023,17,COMPLETE
1817,0.02083828935761295,0.46619858664211,2026-07-07 14:07:56.905514,2026-07-07 14:08:07.355599,0 days 00:00:10.450085,72.16992103823031,17,COMPLETE
1818,0.02463405358675419,0.46570323412397224,2026-07-07 14:07:56.907317,2026-07-07 14:08:08.498649,0 days 00:00:11.591332,91.56731114057771,17,COMPLETE
1819,0.012420406598826705,0.4675580277272642,2026-07-07 14:07:57.081689,2026-07-07 14:08:07.183208,0 days 00:00:10.101519,14.286261169279578,17,COMPLETE
1820,0.015656154900332286,0.467172100096459,2026-07-07 14:07:57.239848,2026-07-07 14:08:09.415297,0 days 00:00:12.175449,25.092613454386356,17,COMPLETE
1821,0.007194675484503366,0.46835880222241766,2026-07-07 14:07:57.241454,2026-07-07 14:08:09.411312,0 days 00:00:12.169858,13.023694421735406,17,COMPLETE
1822,0.015989951297152083,0.4670228433505718,2026-07-07 14:07:57.400367,2026-07-07 14:08:02.939019,0 days 00:00:05.538652,29.45645521525995,17,COMPLETE
1823,0.013456111370283796,0.46726970478013335,2026-07-07 14:07:58.390421,2026-07-07 14:08:04.389668,0 days 00:00:05.999247,9.657268235469918,17,COMPLETE
1824,0.015963181040358987,0.4669592396699185,2026-07-07 14:07:58.597365,2026-07-07 14:08:07.194666,0 days 00:00:08.597301,41.49690083043333,17,COMPLETE
1825,0.018013820611755604,0.466809994697127,2026-07-07 14:07:59.565357,2026-07-07 14:08:09.204993,0 days 00:00:09.639636,50.25505378346388,17,COMPLETE
1826,0.011098368801249425,0.46790697531351944,2026-07-07 14:07:59.568971,2026-07-07 14:08:08.493390,0 days 00:00:08.924419,33.889512927450255,17,COMPLETE
1827,0.017342850516791908,0.46670100734025516,2026-07-07 14:07:59.591050,2026-07-07 14:08:09.417339,0 days 00:00:09.826289,25.47056308591354,17,COMPLETE
1828,0.009280871402753965,0.4679939387075866,2026-07-07 14:07:59.925795,2026-07-07 14:08:09.582946,0 days 00:00:09.657151,14.490026347611154,18,COMPLETE
1829,0.018668088300423047,0.466525558253157,2026-07-07 14:07:59.926662,2026-07-07 14:08:09.035501,0 days 00:00:09.108839,57.00375558375705,18,COMPLETE
1830,0.06796722526514543,0.45821312011479154,2026-07-07 14:08:00.272290,2026-07-07 14:08:12.569538,0 days 00:00:12.297248,0.7776434371247873,18,COMPLETE
1831,0.01826834801663435,0.46671408936429815,2026-07-07 14:08:00.581402,2026-07-07 14:08:09.036013,0 days 00:00:08.454611,44.49385053174275,18,COMPLETE
1832,0.012257825260127309,0.4677197902761535,2026-07-07 14:08:01.079067,2026-07-07 14:08:07.185623,0 days 00:00:06.106556,26.04809685751004,18,COMPLETE
1833,0.016434291914507626,0.46707302387378846,2026-07-07 14:08:01.082877,2026-07-07 14:08:11.257565,0 days 00:00:10.174688,27.339256777414374,18,COMPLETE
1834,0.007708360046665308,0.4684954406293736,2026-07-07 14:08:01.090009,2026-07-07 14:08:09.026669,0 days 00:00:07.936660,13.675796621206375,18,COMPLETE
1835,0.021099329051941507,0.46621566330396,2026-07-07 14:08:01.094475,2026-07-07 14:08:10.408971,0 days 00:00:09.314496,61.163661995080325,18,COMPLETE
1836,0.025416444731226284,0.46564364853132356,2026-07-07 14:08:01.418567,2026-07-07 14:08:09.587820,0 days 00:00:08.169253,95.32172731282802,18,COMPLETE
1837,0.010528348345473837,0.4680880929987709,2026-07-07 14:08:01.421424,2026-07-07 14:08:06.824007,0 days 00:00:05.402583,5.0562170780821445,18,COMPLETE
1838,0.008126394842930929,0.46870628823772226,2026-07-07 14:08:01.895070,2026-07-07 14:08:11.417706,0 days 00:00:09.522636,27.477909084473048,18,COMPLETE
1839,0.02095808550080297,0.4662467554699479,2026-07-07 14:08:02.398131,2026-07-07 14:08:11.250805,0 days 00:00:08.852674,60.98551115652723,18,COMPLETE
1840,0.021912580797496584,0.46615266083892754,2026-07-07 14:08:02.592786,2026-07-07 14:08:12.067488,0 days 00:00:09.474702,64.18339441864923,18,COMPLETE
1841,0.025085993315050625,0.46568015510776395,2026-07-07 14:08:02.600147,2026-07-07 14:08:11.910244,0 days 00:00:09.310097,93.56159283869623,18,COMPLETE
1842,0.025102858232792402,0.4656809271920989,2026-07-07 14:08:02.770912,2026-07-07 14:08:14.647967,0 days 00:00:11.877055,97.32536384569845,18,COMPLETE
1843,0.028143087738333072,0.46450980677325987,2026-07-07 14:08:03.255118,2026-07-07 14:08:14.468765,0 days 00:00:11.213647,1.6143971523611509,18,COMPLETE
1844,0.024402282495397942,0.4657643491354716,2026-07-07 14:08:03.923655,2026-07-07 14:08:13.278964,0 days 00:00:09.355309,99.79650659879003,18,COMPLETE
1845,0.023039563950576658,0.4659992449597617,2026-07-07 14:08:03.976281,2026-07-07 14:08:14.445904,0 days 00:00:10.469623,84.79758751112148,18,COMPLETE
1846,0.0241328828830073,0.46577520316221244,2026-07-07 14:08:03.994048,2026-07-07 14:08:08.831257,0 days 00:00:04.837209,88.32356656832174,18,COMPLETE
1847,0.019254525941442058,0.4665547364761893,2026-07-07 14:08:03.997605,2026-07-07 14:08:12.937842,0 days 00:00:08.940237,58.36036420166006,18,COMPLETE
1848,0.020860963080017836,0.46622834670909985,2026-07-07 14:08:04.016429,2026-07-07 14:08:14.426463,0 days 00:00:10.410034,60.54212946145989,18,COMPLETE
1849,0.019138480716354822,0.4665474956566443,2026-07-07 14:08:04.045420,2026-07-07 14:08:12.940472,0 days 00:00:08.895052,53.48644666745234,18,COMPLETE
1850,0.012746583315609905,0.467528098731589,2026-07-07 14:08:04.046432,2026-07-07 14:08:09.382132,0 days 00:00:05.335700,4.9362728157072056,18,COMPLETE
1851,0.016547729052867832,0.4669807072817838,2026-07-07 14:08:04.055030,2026-07-07 14:08:12.575388,0 days 00:00:08.520358,36.76516708505714,18,COMPLETE
1852,0.01799330538885846,0.46680365675811836,2026-07-07 14:08:04.058416,2026-07-07 14:08:15.113960,0 days 00:00:11.055544,49.15817543583779,18,COMPLETE
1853,0.02164596865335372,0.46610523396564296,2026-07-07 14:08:04.372276,2026-07-07 14:08:11.591096,0 days 00:00:07.218820,79.26580684529247,18,COMPLETE
1854,0.014886880825941973,0.4672494034030584,2026-07-07 14:08:04.382228,2026-07-07 14:08:13.273778,0 days 00:00:08.891550,29.29404291856546,18,COMPLETE
1855,0.009347791234186664,0.4680525623804552,2026-07-07 14:08:04.384109,2026-07-07 14:08:09.019761,0 days 00:00:04.635652,4.544044677219776,18,COMPLETE
1856,0.025075195719418686,0.4656844300462574,2026-07-07 14:08:05.010447,2026-07-07 14:08:15.115454,0 days 00:00:10.105007,97.508700928853,18,COMPLETE
1857,0.022737769434541255,0.4660118129397384,2026-07-07 14:08:05.010903,2026-07-07 14:08:15.598946,0 days 00:00:10.588043,82.82317769918802,18,COMPLETE
1858,0.019100726204676843,0.46662272560695006,2026-07-07 14:08:05.013374,2026-07-07 14:08:11.428079,0 days 00:00:06.414705,58.499540723798894,18,COMPLETE
1859,0.024657523347226984,0.4657008196023604,2026-07-07 14:08:05.015058,2026-07-07 14:08:10.404743,0 days 00:00:05.389685,91.64611728841224,18,COMPLETE
1860,0.02059907480830786,0.46621719411676826,2026-07-07 14:08:05.016734,2026-07-07 14:08:14.647718,0 days 00:00:09.630984,72.97651457269566,18,COMPLETE
1861,0.17965717221626337,0.4431634125976829,2026-07-07 14:08:05.482206,2026-07-07 14:08:12.406102,0 days 00:00:06.923896,0.19603351669786764,18,COMPLETE
1862,0.011558824389002686,0.4678211772798392,2026-07-07 14:08:05.640705,2026-07-07 14:08:13.438508,0 days 00:00:07.797803,7.294227727643931,18,COMPLETE
1863,0.01849638170749829,0.4665670992055034,2026-07-07 14:08:05.644091,2026-07-07 14:08:15.605301,0 days 00:00:09.961210,57.2709629798063,18,COMPLETE
1864,0.02423058157205138,0.46574332024822535,2026-07-07 14:08:06.273839,2026-07-07 14:08:17.358821,0 days 00:00:11.084982,89.48715388793346,18,COMPLETE
1865,0.015039091529303772,0.46718472982286063,2026-07-07 14:08:06.276069,2026-07-07 14:08:15.115167,0 days 00:00:08.839098,29.940442967161047,18,COMPLETE
1866,0.015471575559510231,0.4672772762750732,2026-07-07 14:08:06.278246,2026-07-07 14:08:15.801827,0 days 00:00:09.523581,46.94572119536077,18,COMPLETE
1867,0.024039825897499256,0.46580046484309123,2026-07-07 14:08:06.288494,2026-07-07 14:08:09.585360,0 days 00:00:03.296866,88.03824321302642,18,COMPLETE
1868,0.010768544310879036,0.46799750965371345,2026-07-07 14:08:06.291644,2026-07-07 14:08:16.615048,0 days 00:00:10.323404,12.751591513754223,18,COMPLETE
1869,0.02149611306350463,0.46613952556077154,2026-07-07 14:08:06.295019,2026-07-07 14:08:16.809100,0 days 00:00:10.514081,79.50293988096055,18,COMPLETE
1870,0.02475647676842946,0.46570171753993195,2026-07-07 14:08:06.847696,2026-07-07 14:08:16.797184,0 days 00:00:09.949488,92.22823769946177,18,COMPLETE
1871,0.02523058431786157,0.4656636449022015,2026-07-07 14:08:07.013599,2026-07-07 14:08:15.622263,0 days 00:00:08.608664,96.7356575372088,18,COMPLETE
1872,0.01992659467591673,0.4665605291852669,2026-07-07 14:08:08.331473,2026-07-07 14:08:17.178153,0 days 00:00:08.846680,62.317128204617404,18,COMPLETE
1873,0.016072323682620626,0.4671142338573518,2026-07-07 14:08:08.332367,2026-07-07 14:08:18.856685,0 days 00:00:10.524318,39.68523944150961,18,COMPLETE
1874,0.015630272152481584,0.4671146277519216,2026-07-07 14:08:08.501512,2026-07-07 14:08:17.538800,0 days 00:00:09.037288,26.045173879052108,18,COMPLETE
1875,0.02422010740636865,0.4657412637932268,2026-07-07 14:08:08.822428,2026-07-07 14:08:18.014710,0 days 00:00:09.192282,89.82349441943491,18,COMPLETE
1876,0.011033968901826674,0.4680350050302945,2026-07-07 14:08:08.824541,2026-07-07 14:08:17.524741,0 days 00:00:08.700200,32.42368377687818,18,COMPLETE
1877,0.011711531625314242,0.4677837422682563,2026-07-07 14:08:08.825068,2026-07-07 14:08:20.339522,0 days 00:00:11.514454,3.746844744916791,18,COMPLETE
1878,0.07365497254253289,0.4574891497703858,2026-07-07 14:08:08.830429,2026-07-07 14:08:15.598086,0 days 00:00:06.767657,0.7267759487163657,18,COMPLETE
1879,0.013638398091208148,0.4673972023503612,2026-07-07 14:08:08.855093,2026-07-07 14:08:17.192144,0 days 00:00:08.337051,17.48899298805329,18,COMPLETE
1880,0.018435204706402752,0.4667269965906456,2026-07-07 14:08:08.858868,2026-07-07 14:08:20.954993,0 days 00:00:12.096125,23.83008164484538,18,COMPLETE
1881,0.02446242391726655,0.46575777269249263,2026-07-07 14:08:09.026841,2026-07-07 14:08:16.796498,0 days 00:00:07.769657,99.30351054229267,18,COMPLETE
1882,-0.04820056334780054,0.47630922414893734,2026-07-07 14:08:09.038737,2026-07-07 14:08:20.760954,0 days 00:00:11.722217,1.2605250726382424,18,COMPLETE
1883,0.01909566270649926,0.46668692883160395,2026-07-07 14:08:09.208339,2026-07-07 14:08:19.186476,0 days 00:00:09.978137,59.25876661316953,18,COMPLETE
1884,0.024170322061035476,0.4657637752180787,2026-07-07 14:08:09.214721,2026-07-07 14:08:19.347231,0 days 00:00:10.132510,88.55789286755021,18,COMPLETE
1885,0.01656121146835382,0.46701339052307456,2026-07-07 14:08:09.217349,2026-07-07 14:08:17.173798,0 days 00:00:07.956449,45.10477127329304,18,COMPLETE
1886,0.01969873031384306,0.4663753739864035,2026-07-07 14:08:09.385811,2026-07-07 14:08:19.361400,0 days 00:00:09.975589,41.306128258247824,18,COMPLETE
1887,0.025154199734080618,0.4656735957112964,2026-07-07 14:08:09.389399,2026-07-07 14:08:20.504453,0 days 00:00:11.115054,93.88911479133075,18,COMPLETE
1888,0.016766438540678552,0.4669228045245165,2026-07-07 14:08:09.393361,2026-07-07 14:08:12.928091,0 days 00:00:03.534730,38.16512827692234,18,COMPLETE
1889,0.014853588063773515,0.46700812173633094,2026-07-07 14:08:09.399434,2026-07-07 14:08:17.367249,0 days 00:00:07.967815,3.220124344095885,18,COMPLETE
1890,0.014083390701559062,0.467635658348322,2026-07-07 14:08:09.411825,2026-07-07 14:08:18.521542,0 days 00:00:09.109717,35.433401522470504,18,COMPLETE
1891,0.024122537858292936,0.4657781218551382,2026-07-07 14:08:09.424270,2026-07-07 14:08:21.291738,0 days 00:00:11.867468,88.27962990304204,18,COMPLETE
1892,0.02538709914380516,0.46564759563700003,2026-07-07 14:08:09.587990,2026-07-07 14:08:20.544320,0 days 00:00:10.956330,95.00703645432147,18,COMPLETE
1893,0.021420511690015853,0.46615658440624314,2026-07-07 14:08:09.594330,2026-07-07 14:08:18.871753,0 days 00:00:09.277423,79.85372733566159,18,COMPLETE
1894,0.024448872705148117,0.4657581792298975,2026-07-07 14:08:09.594533,2026-07-07 14:08:21.283053,0 days 00:00:11.688520,99.48299750966618,18,COMPLETE
1895,0.018285893137485187,0.4668275290622921,2026-07-07 14:08:09.752749,2026-07-07 14:08:20.522284,0 days 00:00:10.769535,59.447041496020034,18,COMPLETE
1896,0.02057875040875695,0.46621811729846924,2026-07-07 14:08:10.404933,2026-07-07 14:08:21.299011,0 days 00:00:10.894078,73.24902272109595,18,COMPLETE
1897,0.023089825373974193,0.4659918400930271,2026-07-07 14:08:10.407667,2026-07-07 14:08:23.441071,0 days 00:00:13.033404,84.96474122256483,18,COMPLETE
1898,0.016594877297649635,0.46691965905223815,2026-07-07 14:08:10.409811,2026-07-07 14:08:22.629501,0 days 00:00:12.219690,40.79896801975861,18,COMPLETE
1899,0.015050400081351223,0.4670877522915553,2026-07-07 14:08:10.567934,2026-07-07 14:08:20.568475,0 days 00:00:10.000541,19.15120065772699,18,COMPLETE
1900,0.01449649967676564,0.46747971281075834,2026-07-07 14:08:10.724959,2026-07-07 14:08:21.459391,0 days 00:00:10.734432,35.40517095924892,18,COMPLETE
1901,0.016147407439453698,0.46714730431488144,2026-07-07 14:08:10.882084,2026-07-07 14:08:20.772001,0 days 00:00:09.889917,35.42668103906969,18,COMPLETE
1902,0.012859133473741402,0.4675002450738446,2026-07-07 14:08:10.882697,2026-07-07 14:08:22.435558,0 days 00:00:11.552861,9.276805292883182,18,COMPLETE
1903,0.015453092596057316,0.466857406551386,2026-07-07 14:08:11.248453,2026-07-07 14:08:24.088318,0 days 00:00:12.839865,8.299612442759225,18,COMPLETE
1904,0.017365258291426433,0.4669360593968165,2026-07-07 14:08:11.417973,2026-07-07 14:08:17.173362,0 days 00:00:05.755389,22.94226623465236,18,COMPLETE
1905,0.024156399216116897,0.4657611690018504,2026-07-07 14:08:12.759073,2026-07-07 14:08:20.956559,0 days 00:00:08.197486,88.93554816777574,18,COMPLETE
1906,0.021459034735619997,0.4661466188251757,2026-07-07 14:08:12.920172,2026-07-07 14:08:18.870328,0 days 00:00:05.950156,79.56012670442344,18,COMPLETE
1907,0.013623117424367615,0.4673746141435023,2026-07-07 14:08:12.942134,2026-07-07 14:08:21.296346,0 days 00:00:08.354212,31.98324638425206,18,COMPLETE
1908,0.0038218767277153343,0.4698959623047315,2026-07-07 14:08:13.098304,2026-07-07 14:08:25.004313,0 days 00:00:11.906009,4.674571302547003,18,COMPLETE
1909,0.023418733028029937,0.4659305532709688,2026-07-07 14:08:13.099978,2026-07-07 14:08:23.442284,0 days 00:00:10.342306,86.36917316472163,18,COMPLETE
1910,0.014125897482961447,0.46729408754492247,2026-07-07 14:08:13.107325,2026-07-07 14:08:23.438031,0 days 00:00:10.330706,30.60241159581516,18,COMPLETE
1911,0.02020742066723269,0.4662880303500586,2026-07-07 14:08:13.435170,2026-07-07 14:08:22.804581,0 days 00:00:09.369411,73.86379926055986,18,COMPLETE
1912,0.016056905953564404,0.4671315152974345,2026-07-07 14:08:13.442653,2026-07-07 14:08:24.297648,0 days 00:00:10.854995,39.78374847831633,18,COMPLETE
1913,0.010900509766937239,0.4680022468670044,2026-07-07 14:08:13.772268,2026-07-07 14:08:18.016476,0 days 00:00:04.244208,31.699923027880413,18,COMPLETE
1914,0.025416929485614526,0.4656435830060096,2026-07-07 14:08:14.086946,2026-07-07 14:08:27.020675,0 days 00:00:12.933729,95.3329154997613,18,COMPLETE
1915,0.014170811639079073,0.4676911217409407,2026-07-07 14:08:14.419200,2026-07-07 14:08:25.007728,0 days 00:00:10.588528,21.64571335477271,18,COMPLETE
1916,0.020761034338229623,0.4662569987613755,2026-07-07 14:08:14.422818,2026-07-07 14:08:25.649832,0 days 00:00:11.227014,67.40472079772641,18,COMPLETE
1917,0.01556828804542737,0.4670779921911727,2026-07-07 14:08:14.430522,2026-07-07 14:08:24.296746,0 days 00:00:09.866224,29.084174515812194,18,COMPLETE
1918,0.013565041204494532,0.46745094682360094,2026-07-07 14:08:14.457944,2026-07-07 14:08:24.466127,0 days 00:00:10.008183,37.33991094634507,18,COMPLETE
1919,0.015839055207957475,0.4671507566577046,2026-07-07 14:08:14.459390,2026-07-07 14:08:24.660025,0 days 00:00:10.200635,25.28444447260023,18,COMPLETE
1920,0.02281176507736693,0.46600486169144195,2026-07-07 14:08:14.469129,2026-07-07 14:08:24.493193,0 days 00:00:10.024064,83.1634381301982,18,COMPLETE
1921,0.02521748446282357,0.4656652290963816,2026-07-07 14:08:15.607256,2026-07-07 14:08:25.646235,0 days 00:00:10.038979,96.78552587337091,18,COMPLETE
1922,0.0195201983076545,0.4664570721346864,2026-07-07 14:08:15.639122,2026-07-07 14:08:26.838484,0 days 00:00:11.199362,58.17660469661464,18,COMPLETE
1923,0.0037468490034435753,0.46942778990803413,2026-07-07 14:08:16.140912,2026-07-07 14:08:30.551736,0 days 00:00:14.410824,11.800614635384706,18,COMPLETE
1924,0.016882898801420465,0.4668158142074367,2026-07-07 14:08:16.790476,2026-07-07 14:08:30.910034,0 days 00:00:14.119558,3.12907345701568,18,COMPLETE
1925,0.017730883789279672,0.4668209672055409,2026-07-07 14:08:16.799831,2026-07-07 14:08:19.705276,0 days 00:00:02.905445,42.121569979096876,18,COMPLETE
1926,0.020577918172180576,0.4662198130432311,2026-07-07 14:08:16.833191,2026-07-07 14:08:26.342392,0 days 00:00:09.509201,73.1610140215157,18,COMPLETE
1927,0.01074841564467055,0.46803321469641596,2026-07-07 14:08:17.002562,2026-07-07 14:08:25.809835,0 days 00:00:08.807273,19.74198460216897,18,COMPLETE
1928,0.023230482996589474,0.46597184516000806,2026-07-07 14:08:17.185546,2026-07-07 14:08:23.274779,0 days 00:00:06.089233,85.63227069889797,19,COMPLETE
1929,0.020967868086543162,0.4662082575907541,2026-07-07 14:08:17.186652,2026-07-07 14:08:26.860881,0 days 00:00:09.674229,60.326771337994195,18,COMPLETE
1930,0.025134521119312303,0.4656761087954627,2026-07-07 14:08:17.525398,2026-07-07 14:08:27.019161,0 days 00:00:09.493763,97.12636726551338,19,COMPLETE
1931,0.011182943238998322,0.46790452380440456,2026-07-07 14:08:17.539593,2026-07-07 14:08:25.164852,0 days 00:00:07.625259,11.861502849842234,19,COMPLETE
1932,0.02213793881388021,0.4660008963571367,2026-07-07 14:08:18.012904,2026-07-07 14:08:24.091878,0 days 00:00:06.078974,70.02805553502958,19,COMPLETE
1933,0.018887820209985806,0.46680245746626714,2026-07-07 14:08:18.173732,2026-07-07 14:08:29.349596,0 days 00:00:11.175864,59.10249111524735,19,COMPLETE
1934,0.02218252889606509,0.46606220400772164,2026-07-07 14:08:18.333070,2026-07-07 14:08:27.529908,0 days 00:00:09.196838,64.54686510327107,19,COMPLETE
1935,0.023059218081892374,0.46599629511493335,2026-07-07 14:08:18.341831,2026-07-07 14:08:28.196968,0 days 00:00:09.855137,84.8589026382559,19,COMPLETE
1936,0.021175293221266378,0.46621525312159573,2026-07-07 14:08:18.344217,2026-07-07 14:08:27.023346,0 days 00:00:08.679129,77.57055328096132,19,COMPLETE
1937,0.02315057337667442,0.46598415662469533,2026-07-07 14:08:18.503884,2026-07-07 14:08:28.369907,0 days 00:00:09.866023,85.24352187948685,19,COMPLETE
1938,0.019578010891132536,0.4663819197003917,2026-07-07 14:08:18.507431,2026-07-07 14:08:25.832042,0 days 00:00:07.324611,74.36879592356071,19,COMPLETE
1939,0.015280232375569636,0.4672579388110726,2026-07-07 14:08:18.521882,2026-07-07 14:08:29.359216,0 days 00:00:10.837334,51.90394754436834,19,COMPLETE
1940,0.017602504824088372,0.4669055162522849,2026-07-07 14:08:18.532000,2026-07-07 14:08:29.553383,0 days 00:00:11.021383,39.025367834423825,19,COMPLETE
1941,0.01802555851053428,0.4668228033260386,2026-07-07 14:08:18.845293,2026-07-07 14:08:26.826821,0 days 00:00:07.981528,45.722981700429806,19,COMPLETE
1942,0.01875833443282726,0.46680626813569615,2026-07-07 14:08:18.868427,2026-07-07 14:08:28.382215,0 days 00:00:09.513788,59.072881063939754,19,COMPLETE
1943,0.02024710986881495,0.4662880335410158,2026-07-07 14:08:19.184885,2026-07-07 14:08:27.364899,0 days 00:00:08.180014,76.50087007504663,19,COMPLETE
1944,0.02214758183255816,0.46603369273351647,2026-07-07 14:08:19.186663,2026-07-07 14:08:31.406334,0 days 00:00:12.219671,65.37107033262308,19,COMPLETE
1945,0.009852374756350146,0.4680526759389106,2026-07-07 14:08:19.351343,2026-07-07 14:08:26.015437,0 days 00:00:06.664094,6.5460730669741265,19,COMPLETE
1946,0.01745767251270125,0.4670165624909219,2026-07-07 14:08:19.351552,2026-07-07 14:08:29.359429,0 days 00:00:10.007877,48.96822152577236,19,COMPLETE
1947,0.02417797350089751,0.4657606852313688,2026-07-07 14:08:19.364331,2026-07-07 14:08:31.937407,0 days 00:00:12.573076,88.66771801360534,19,COMPLETE
1948,0.019112713402199666,0.46649281985343144,2026-07-07 14:08:20.510788,2026-07-07 14:08:25.163988,0 days 00:00:04.653200,56.40232068614154,19,COMPLETE
1949,0.023349306671690162,0.4659475777627551,2026-07-07 14:08:20.522995,2026-07-07 14:08:25.841258,0 days 00:00:05.318263,86.14927430971224,19,COMPLETE
1950,0.012677891750978665,0.467648730646859,2026-07-07 14:08:20.526966,2026-07-07 14:08:31.089885,0 days 00:00:10.562919,18.308664970786992,19,COMPLETE
1951,0.01566628725251623,0.4670979239551676,2026-07-07 14:08:20.544069,2026-07-07 14:08:27.858768,0 days 00:00:07.314699,52.70221625033546,19,COMPLETE
1952,0.015407076534020347,0.467222891508334,2026-07-07 14:08:20.724107,2026-07-07 14:08:30.895522,0 days 00:00:10.171415,26.99413252058314,19,COMPLETE
1953,0.011618752094771756,0.46800968388429354,2026-07-07 14:08:20.726181,2026-07-07 14:08:26.854760,0 days 00:00:06.128579,21.040848320337794,19,COMPLETE
1954,0.013662832794182178,0.46750609492342976,2026-07-07 14:08:20.752320,2026-07-07 14:08:31.938272,0 days 00:00:11.185952,43.35443020072395,19,COMPLETE
1955,0.020310100901328565,0.4664195077910419,2026-07-07 14:08:20.769974,2026-07-07 14:08:31.596418,0 days 00:00:10.826444,59.84782892868406,19,COMPLETE
1956,0.02175331293475191,0.4661069625161542,2026-07-07 14:08:20.955346,2026-07-07 14:08:29.353849,0 days 00:00:08.398503,68.59100985924313,19,COMPLETE
1957,0.016218256239625806,0.46697034381773245,2026-07-07 14:08:21.115478,2026-07-07 14:08:31.410556,0 days 00:00:10.295078,39.14192615087765,19,COMPLETE
1958,0.00670307809744064,0.46880152685272874,2026-07-07 14:08:21.299204,2026-07-07 14:08:30.885881,0 days 00:00:09.586677,13.102955581017246,19,COMPLETE
1959,0.025409619352571966,0.4656445980069499,2026-07-07 14:08:21.459567,2026-07-07 14:08:31.598186,0 days 00:00:10.138619,95.21300552066695,19,COMPLETE
1960,0.017955306168066065,0.46691839101445565,2026-07-07 14:08:21.463509,2026-07-07 14:08:32.119533,0 days 00:00:10.656024,51.84216259224269,19,COMPLETE
1961,0.01368214428672404,0.46756329281443476,2026-07-07 14:08:21.621391,2026-07-07 14:08:28.376719,0 days 00:00:06.755328,20.88566050210964,19,COMPLETE
1962,0.01977007098055339,0.4663116422250581,2026-07-07 14:08:21.941468,2026-07-07 14:08:31.615812,0 days 00:00:09.674344,75.73421785715576,19,COMPLETE
1963,0.02522920868583145,0.46566381027975606,2026-07-07 14:08:22.437194,2026-07-07 14:08:32.134753,0 days 00:00:09.697559,96.74090503720242,19,COMPLETE
1964,0.01671650586696216,0.4669112318322962,2026-07-07 14:08:22.463647,2026-07-07 14:08:33.524944,0 days 00:00:11.061297,38.185726661386546,19,COMPLETE
1965,0.02068650740724537,0.46621540123192134,2026-07-07 14:08:22.467720,2026-07-07 14:08:31.414673,0 days 00:00:08.946953,72.78921442141471,19,COMPLETE
1966,0.01182342277763787,0.46790196016022145,2026-07-07 14:08:22.469335,2026-07-07 14:08:32.137739,0 days 00:00:09.668404,35.56967975656079,19,COMPLETE
1967,0.01133734288669308,0.4678481826527815,2026-07-07 14:08:22.627770,2026-07-07 14:08:32.119682,0 days 00:00:09.491912,31.855962681337946,19,COMPLETE
1968,0.013190178214007975,0.4673802803263012,2026-07-07 14:08:23.454199,2026-07-07 14:08:33.845365,0 days 00:00:10.391166,7.853008337553899,19,COMPLETE
1969,0.020861451712133494,0.46643276383401994,2026-07-07 14:08:24.262579,2026-07-07 14:08:36.153081,0 days 00:00:11.890502,63.2802329300838,19,COMPLETE
1970,0.024181460061723004,0.465757961104946,2026-07-07 14:08:24.304972,2026-07-07 14:08:28.719601,0 days 00:00:04.414629,89.04919927074982,19,COMPLETE
1971,0.016557501871467706,0.4670939577222729,2026-07-07 14:08:24.485154,2026-07-07 14:08:39.845586,0 days 00:00:15.360432,46.44789102481252,19,COMPLETE
1972,0.02072680397372445,0.46625284106254805,2026-07-07 14:08:24.677374,2026-07-07 14:08:37.550409,0 days 00:00:12.873035,77.85119316475985,19,COMPLETE
1973,0.0064602434421997534,0.4686727054767361,2026-07-07 14:08:24.679686,2026-07-07 14:08:33.855377,0 days 00:00:09.175691,12.909793357117023,19,COMPLETE
1974,0.021577568242970357,0.4662365068061193,2026-07-07 14:08:24.681982,2026-07-07 14:08:37.944242,0 days 00:00:13.262260,64.03270685544176,19,COMPLETE
1975,0.02422761126534001,0.4657451585361843,2026-07-07 14:08:24.838498,2026-07-07 14:08:37.581072,0 days 00:00:12.742574,89.35631971113176,19,COMPLETE
1976,0.19994360250323068,0.4402685693943219,2026-07-07 14:08:24.999169,2026-07-07 14:08:30.538141,0 days 00:00:05.538972,0.11103314521025637,19,COMPLETE
1977,0.010257345449116051,0.46791824190792086,2026-07-07 14:08:25.483265,2026-07-07 14:08:33.843536,0 days 00:00:08.360271,9.90306529392919,19,COMPLETE
1978,0.017648029390404607,0.4668438453481472,2026-07-07 14:08:25.485349,2026-07-07 14:08:36.166591,0 days 00:00:10.681242,42.674057219968674,19,COMPLETE
1979,0.01913588790067078,0.46680133006292723,2026-07-07 14:08:25.646927,2026-07-07 14:08:31.780265,0 days 00:00:06.133338,23.42787704694004,19,COMPLETE
1980,0.017434836914108465,0.4668168390552115,2026-07-07 14:08:25.821528,2026-07-07 14:08:32.318656,0 days 00:00:06.497128,46.86487216784361,19,COMPLETE
1981,0.020850203779097798,0.4662313246717023,2026-07-07 14:08:25.841469,2026-07-07 14:08:33.366463,0 days 00:00:07.524994,67.35261513809387,19,COMPLETE
1982,0.01564944009424013,0.46681064369701664,2026-07-07 14:08:26.176628,2026-07-07 14:08:36.128567,0 days 00:00:09.951939,8.250711547716277,19,COMPLETE
1983,0.015050560651921618,0.4672359127766438,2026-07-07 14:08:26.809313,2026-07-07 14:08:35.970457,0 days 00:00:09.161144,29.622336153085637,19,COMPLETE
1984,0.02513587572725584,0.46567532194519756,2026-07-07 14:08:26.811378,2026-07-07 14:08:35.003419,0 days 00:00:08.192041,93.80318975124396,19,COMPLETE
1985,0.015325675010979312,0.4672848265248346,2026-07-07 14:08:26.820148,2026-07-07 14:08:35.965468,0 days 00:00:09.145320,27.568661768208937,19,COMPLETE
1986,0.01690860578377873,0.4668739787674686,2026-07-07 14:08:26.847706,2026-07-07 14:08:30.884774,0 days 00:00:04.037068,27.88452875795878,19,COMPLETE
1987,0.01544621493142545,0.46709574243755386,2026-07-07 14:08:27.019665,2026-07-07 14:08:34.986586,0 days 00:00:07.966921,3.8851401411037005,19,COMPLETE
1988,0.005293557723812903,0.46872298825584463,2026-07-07 14:08:27.023512,2026-07-07 14:08:37.522392,0 days 00:00:10.498880,10.098540919252995,19,COMPLETE
1989,0.00876518156878675,0.46842395986687246,2026-07-07 14:08:27.027051,2026-07-07 14:08:38.319153,0 days 00:00:11.292102,16.522115834132013,19,COMPLETE
1990,0.02269052845937347,0.4660101871927525,2026-07-07 14:08:27.195586,2026-07-07 14:08:37.550578,0 days 00:00:10.354992,82.51538493924126,19,COMPLETE
1991,0.02511791602787189,0.46567860692899476,2026-07-07 14:08:27.365141,2026-07-07 14:08:37.989456,0 days 00:00:10.624315,97.21994759166633,19,COMPLETE
1992,0.01585110428487685,0.46709389914859945,2026-07-07 14:08:27.523633,2026-07-07 14:08:37.547875,0 days 00:00:10.024242,37.53435002612174,19,COMPLETE
1993,0.0088036132876948,0.4685348580966025,2026-07-07 14:08:27.696462,2026-07-07 14:08:37.932252,0 days 00:00:10.235790,11.037900401566255,19,COMPLETE
1994,0.01780800054209053,0.46670173630855927,2026-07-07 14:08:27.698341,2026-07-07 14:08:39.843523,0 days 00:00:12.145182,25.57020534665328,19,COMPLETE
1995,0.02098178894145486,0.4662182290603906,2026-07-07 14:08:27.855471,2026-07-07 14:08:37.557817,0 days 00:00:09.702346,78.34775910696855,19,COMPLETE
1996,0.01871501989891866,0.4665264334045066,2026-07-07 14:08:27.861615,2026-07-07 14:08:37.962651,0 days 00:00:10.101036,57.09971581433111,19,COMPLETE
1997,0.012381838601126738,0.4675353671329795,2026-07-07 14:08:28.032556,2026-07-07 14:08:37.982718,0 days 00:00:09.950162,13.617227999572943,19,COMPLETE
1998,0.025120382145405018,0.465678227123956,2026-07-07 14:08:28.036713,2026-07-07 14:08:37.993137,0 days 00:00:09.956424,97.20461215922919,19,COMPLETE
1999,0.01801803402472013,0.46582402253713545,2026-07-07 14:08:28.192078,2026-07-07 14:08:37.975800,0 days 00:00:09.783722,1.1519402957827969,19,COMPLETE
2000,0.011015192282132602,0.46792523429107846,2026-07-07 14:08:28.195378,2026-07-07 14:08:41.483526,0 days 00:00:13.288148,28.26511290243628,19,COMPLETE
2001,0.01788834360565983,0.4667206913876069,2026-07-07 14:08:28.198745,2026-07-07 14:08:38.843884,0 days 00:00:10.645139,55.084345526675605,19,COMPLETE
2002,0.017122769095058443,0.4671881494301498,2026-07-07 14:08:28.548876,2026-07-07 14:08:38.342657,0 days 00:00:09.793781,34.895751388337814,19,COMPLETE
2003,0.015539127803985142,0.46715360427891056,2026-07-07 14:08:28.559506,2026-07-07 14:08:37.958773,0 days 00:00:09.399267,23.551585142331405,19,COMPLETE
2004,0.023452979240992433,0.4659222110965061,2026-07-07 14:08:29.032923,2026-07-07 14:08:40.999232,0 days 00:00:11.966309,86.49174876581613,19,COMPLETE
2005,0.009845961984617457,0.4680208511648466,2026-07-07 14:08:29.549107,2026-07-07 14:08:38.843159,0 days 00:00:09.294052,13.902587130466365,19,COMPLETE
2006,0.02051859935930378,0.4662571262099512,2026-07-07 14:08:29.713948,2026-07-07 14:08:36.163725,0 days 00:00:06.449777,71.78933129556408,19,COMPLETE
2007,0.017105311052333094,0.4667679861254922,2026-07-07 14:08:29.715210,2026-07-07 14:08:40.323699,0 days 00:00:10.608489,33.27143231535448,19,COMPLETE
2008,0.010737524115930763,0.46813095707429453,2026-07-07 14:08:29.722556,2026-07-07 14:08:37.979054,0 days 00:00:08.256498,17.887069093546078,19,COMPLETE
2009,0.016099368277901815,0.46714488485066297,2026-07-07 14:08:30.046338,2026-07-07 14:08:41.171627,0 days 00:00:11.125289,28.184275884754143,19,COMPLETE
2010,0.023728262067440775,0.4658564947540673,2026-07-07 14:08:30.552212,2026-07-07 14:08:38.003516,0 days 00:00:07.451304,87.48583324612358,19,COMPLETE
2011,0.018815032301320478,0.46680813159955176,2026-07-07 14:08:30.717447,2026-07-07 14:08:37.975091,0 days 00:00:07.257644,59.12788927942333,19,COMPLETE
2012,0.007400799336941544,0.4685911862781158,2026-07-07 14:08:30.893974,2026-07-07 14:08:40.665715,0 days 00:00:09.771741,12.647490309314117,19,COMPLETE
2013,0.02536684705511638,0.4656481926083104,2026-07-07 14:08:31.415349,2026-07-07 14:08:37.957778,0 days 00:00:06.542429,96.13070189648758,19,COMPLETE
2014,0.02284025145835511,0.4660010478475546,2026-07-07 14:08:31.421253,2026-07-07 14:08:40.637693,0 days 00:00:09.216440,83.32493963823127,19,COMPLETE
2015,0.022802291179403633,0.46600605022820674,2026-07-07 14:08:31.581853,2026-07-07 14:08:44.891337,0 days 00:00:13.309484,83.12164037058521,19,COMPLETE
2016,0.012980900278232399,0.46776062062294826,2026-07-07 14:08:31.584039,2026-07-07 14:08:43.366010,0 days 00:00:11.781971,21.61928253260735,19,COMPLETE
2017,0.01456977970940293,0.4673168792538034,2026-07-07 14:08:31.602233,2026-07-07 14:08:42.203854,0 days 00:00:10.601621,36.89209571962851,19,COMPLETE
2018,0.020000998650113677,0.466509536378663,2026-07-07 14:08:31.958979,2026-07-07 14:08:42.213112,0 days 00:00:10.254133,60.88773667486955,19,COMPLETE
2019,0.010027962459137174,0.4681031010945717,2026-07-07 14:08:32.121273,2026-07-07 14:08:41.669248,0 days 00:00:09.547975,11.41284257389319,19,COMPLETE
2020,0.01982735347995962,0.4663166913524158,2026-07-07 14:08:32.131295,2026-07-07 14:08:40.989442,0 days 00:00:08.858147,76.04831109839823,19,COMPLETE
2021,0.011084134992972006,0.46783433612321834,2026-07-07 14:08:32.136448,2026-07-07 14:08:42.201861,0 days 00:00:10.065413,17.707204189353043,19,COMPLETE
2022,0.01961934518671049,0.4663481678917889,2026-07-07 14:08:32.139270,2026-07-07 14:08:42.378691,0 days 00:00:10.239421,75.16399144330347,19,COMPLETE
2023,0.02505322718328501,0.46568351707999517,2026-07-07 14:08:32.143254,2026-07-07 14:08:36.134246,0 days 00:00:03.990992,93.3970623548238,19,COMPLETE
2024,0.016098469117110104,0.46703677168273205,2026-07-07 14:08:32.305606,2026-07-07 14:08:42.222563,0 days 00:00:09.916957,44.184175149318676,19,COMPLETE
2025,0.024509810881671146,0.4657540739865325,2026-07-07 14:08:32.307122,2026-07-07 14:08:47.212415,0 days 00:00:14.905293,98.99476881129561,19,COMPLETE
2026,0.02216567511407802,0.46603268187949504,2026-07-07 14:08:32.307936,2026-07-07 14:08:43.713009,0 days 00:00:11.405073,65.32764934959052,19,COMPLETE
2027,0.00691142384677873,0.4686719627307341,2026-07-07 14:08:32.308903,2026-07-07 14:08:44.397868,0 days 00:00:12.088965,12.211533130137173,19,COMPLETE
2028,0.01941754287973535,0.4663966820319432,2026-07-07 14:08:32.311354,2026-07-07 14:08:42.209236,0 days 00:00:09.897882,74.84388703918331,19,COMPLETE
2029,0.016112603796460456,0.4669573655832248,2026-07-07 14:08:32.351959,2026-07-07 14:08:44.075110,0 days 00:00:11.723151,32.72842410647671,19,COMPLETE
2030,0.022335346004753454,0.4659672045585901,2026-07-07 14:08:32.850942,2026-07-07 14:08:42.180297,0 days 00:00:09.329355,69.81997511582914,19,COMPLETE
2031,0.018146327952532848,0.4669105684226774,2026-07-07 14:08:33.014424,2026-07-07 14:08:37.953712,0 days 00:00:04.939288,45.846807049116705,19,COMPLETE
2032,0.018172100427472526,0.46677024191695715,2026-07-07 14:08:33.170980,2026-07-07 14:08:43.366567,0 days 00:00:10.195587,24.251284527562294,19,COMPLETE
2033,0.015169774894612409,0.4673016580464482,2026-07-07 14:08:33.527035,2026-07-07 14:08:43.035606,0 days 00:00:09.508571,36.228377084014575,19,COMPLETE
2034,0.02209556184868744,0.46611167216855165,2026-07-07 14:08:33.842684,2026-07-07 14:08:43.739093,0 days 00:00:09.896409,64.26499845899662,19,COMPLETE
2035,0.022167865799247122,0.46609470553386667,2026-07-07 14:08:34.814301,2026-07-07 14:08:43.031869,0 days 00:00:08.217568,64.30926102226321,19,COMPLETE
2036,0.014682674674437457,0.4672610834075056,2026-07-07 14:08:34.986884,2026-07-07 14:08:44.063147,0 days 00:00:09.076263,29.443721067814568,19,COMPLETE
2037,0.016141068339799003,0.4670252451734041,2026-07-07 14:08:35.162654,2026-07-07 14:08:41.657765,0 days 00:00:06.495111,26.983966038212444,20,COMPLETE
2038,0.01668052213163207,0.46719095309130393,2026-07-07 14:08:35.320722,2026-07-07 14:08:52.604586,0 days 00:00:17.283864,46.184971166027594,20,COMPLETE
2039,0.014466600617187797,0.4670486698171482,2026-07-07 14:08:35.324823,2026-07-07 14:08:44.882791,0 days 00:00:09.557968,15.376095123437777,20,COMPLETE
2040,0.020412696203708613,0.46626336178545263,2026-07-07 14:08:35.333633,2026-07-07 14:08:47.910159,0 days 00:00:12.576526,55.589805915521474,20,COMPLETE
2041,0.013792594936473612,0.46733792149335485,2026-07-07 14:08:36.164888,2026-07-07 14:08:46.394621,0 days 00:00:10.229733,9.038776538002969,20,COMPLETE
2042,0.01846805915689753,0.4666266537384264,2026-07-07 14:08:37.496356,2026-07-07 14:08:47.219621,0 days 00:00:09.723265,40.88877919475971,20,COMPLETE
2043,0.020448134429108533,0.4662911491741075,2026-07-07 14:08:37.584160,2026-07-07 14:08:47.886451,0 days 00:00:10.302291,78.0552306817641,20,COMPLETE
2044,0.013630859098597847,0.467633240218591,2026-07-07 14:08:37.764383,2026-07-07 14:08:47.555081,0 days 00:00:09.790698,31.079899927266975,20,COMPLETE
2045,0.016402387592036938,0.46700240554128536,2026-07-07 14:08:37.949956,2026-07-07 14:08:47.552747,0 days 00:00:09.602791,27.049036024011823,20,COMPLETE
2046,0.01525706667048754,0.46719946859029604,2026-07-07 14:08:37.955011,2026-07-07 14:08:42.190309,0 days 00:00:04.235298,30.559956949411557,20,COMPLETE
2047,0.023572050941552847,0.4658913633018602,2026-07-07 14:08:37.993316,2026-07-07 14:08:47.200839,0 days 00:00:09.207523,86.85095958808083,20,COMPLETE
2048,0.017880074000155732,0.4668429049266687,2026-07-07 14:08:37.993756,2026-07-07 14:08:50.465240,0 days 00:00:12.471484,51.17395383004226,20,COMPLETE
2049,0.02096150180635692,0.46624280694578096,2026-07-07 14:08:38.001866,2026-07-07 14:08:48.981204,0 days 00:00:10.979338,77.75835279865547,20,COMPLETE
2050,0.0178235680312393,0.4668534151071893,2026-07-07 14:08:38.314685,2026-07-07 14:08:49.817443,0 days 00:00:11.502758,44.65992996571065,20,COMPLETE
2051,0.011626411942951387,0.4677272795105046,2026-07-07 14:08:38.319475,2026-07-07 14:08:48.642984,0 days 00:00:10.323509,14.166304770237346,20,COMPLETE
2052,0.016117832678870625,0.46722161018659497,2026-07-07 14:08:38.320386,2026-07-07 14:08:48.962839,0 days 00:00:10.642453,35.996479555180116,20,COMPLETE
2053,0.021604150673738887,0.466135200675862,2026-07-07 14:08:38.340417,2026-07-07 14:08:49.145344,0 days 00:00:10.804927,80.30581846398883,20,COMPLETE
2054,0.02517101967604013,0.46567200363963646,2026-07-07 14:08:38.340864,2026-07-07 14:08:48.637646,0 days 00:00:10.296782,93.96667310467771,20,COMPLETE
2055,0.022764394920488873,0.46601011002972087,2026-07-07 14:08:38.820881,2026-07-07 14:08:47.873153,0 days 00:00:09.052272,82.95626641036279,20,COMPLETE
2056,0.012209670025940478,0.4676282767874139,2026-07-07 14:08:38.822418,2026-07-07 14:08:43.732227,0 days 00:00:04.909809,14.282932164846857,20,COMPLETE
2057,0.012220988500209085,0.4677889046657855,2026-07-07 14:08:38.823209,2026-07-07 14:08:51.160785,0 days 00:00:12.337576,24.75306414057454,20,COMPLETE
2058,0.019004208688176705,0.46653609839731364,2026-07-07 14:08:38.825924,2026-07-07 14:08:48.617394,0 days 00:00:09.791470,51.095677370974876,20,COMPLETE
2059,0.020688955331867542,0.4662576799071561,2026-07-07 14:08:38.828361,2026-07-07 14:08:48.989618,0 days 00:00:10.161257,66.4719684415915,20,COMPLETE
2060,0.017512139690681605,0.4667385340928111,2026-07-07 14:08:38.830713,2026-07-07 14:08:44.402054,0 days 00:00:05.571341,25.437839868815157,20,COMPLETE
2061,0.017457568051850836,0.4669440873664091,2026-07-07 14:08:38.844141,2026-07-07 14:08:47.716092,0 days 00:00:08.871951,48.42854686314519,20,COMPLETE
2062,0.026806336614395077,0.46453384449326307,2026-07-07 14:08:39.006742,2026-07-07 14:08:43.728334,0 days 00:00:04.721592,1.616045344292344,20,COMPLETE
2063,0.0063069229207757815,0.46870653201116225,2026-07-07 14:08:39.006918,2026-07-07 14:08:48.643061,0 days 00:00:09.636143,13.295711076947425,20,COMPLETE
2064,0.020184752674850648,0.46628514047808167,2026-07-07 14:08:39.162225,2026-07-07 14:08:49.308955,0 days 00:00:10.146730,39.49618119162321,20,COMPLETE
2065,0.021664469597042713,0.4661276368927113,2026-07-07 14:08:39.163895,2026-07-07 14:08:50.651607,0 days 00:00:11.487712,80.41879345744859,20,COMPLETE
2066,0.009709531033881502,0.4683142246219826,2026-07-07 14:08:39.321851,2026-07-07 14:08:46.061550,0 days 00:00:06.739699,6.0820632631959235,20,COMPLETE
2067,0.010680560855587051,0.46815345081398685,2026-07-07 14:08:39.478434,2026-07-07 14:08:48.970924,0 days 00:00:09.492490,17.771535904841528,20,COMPLETE
2068,0.024598201216810056,0.4657438300028439,2026-07-07 14:08:39.488829,2026-07-07 14:08:44.890226,0 days 00:00:05.401397,98.6894744531425,20,COMPLETE
2069,0.015756989206566208,0.4671375569799475,2026-07-07 14:08:39.815061,2026-07-07 14:08:46.054722,0 days 00:00:06.239661,20.272868983761704,20,COMPLETE
2070,0.015276591852565136,0.4671562950056283,2026-07-07 14:08:39.817204,2026-07-07 14:08:51.148882,0 days 00:00:11.331678,27.098787988766766,20,COMPLETE
2071,0.019885735225762313,0.4663496226559055,2026-07-07 14:08:39.820484,2026-07-07 14:08:47.038557,0 days 00:00:07.218073,74.151327340822,20,COMPLETE
2072,0.01869208502278419,0.4665811292698333,2026-07-07 14:08:39.824788,2026-07-07 14:08:53.410118,0 days 00:00:13.585330,50.91128027159855,20,COMPLETE
2073,0.01586379887107403,0.4672127236663704,2026-07-07 14:08:41.172757,2026-07-07 14:08:48.115155,0 days 00:00:06.942398,47.04183146445942,20,COMPLETE
2074,0.015632585634702767,0.46708734185293155,2026-07-07 14:08:41.484629,2026-07-07 14:08:48.990564,0 days 00:00:07.505935,27.142996286263514,20,COMPLETE
2075,0.00895000633024301,0.46843991245837746,2026-07-07 14:08:41.677526,2026-07-07 14:08:53.231996,0 days 00:00:11.554470,16.221348517077658,20,COMPLETE
2076,0.01804965490186239,0.46677757568693107,2026-07-07 14:08:41.685837,2026-07-07 14:08:53.250442,0 days 00:00:11.564605,44.52213630510824,20,COMPLETE
2077,0.01982638539913223,0.4663162651957431,2026-07-07 14:08:42.021087,2026-07-07 14:08:53.242944,0 days 00:00:11.221857,76.03920305691601,20,COMPLETE
2078,0.019404974600305658,0.46667840782520537,2026-07-07 14:08:42.178804,2026-07-07 14:08:53.569407,0 days 00:00:11.390603,58.90039197412881,20,COMPLETE
2079,0.018531382204665547,0.46674243495441226,2026-07-07 14:08:42.387470,2026-07-07 14:08:53.161233,0 days 00:00:10.773763,23.818679403821264,20,COMPLETE
2080,0.020754030784235655,0.4662038035909121,2026-07-07 14:08:42.389626,2026-07-07 14:08:48.611159,0 days 00:00:06.221533,72.66268116211658,20,COMPLETE
2081,0.013479717156468063,0.46716433181143957,2026-07-07 14:08:43.025134,2026-07-07 14:08:53.245373,0 days 00:00:10.220239,8.817297474459501,20,COMPLETE
2082,0.015311860237365138,0.466932968913568,2026-07-07 14:08:43.048212,2026-07-07 14:08:53.239081,0 days 00:00:10.190869,8.518535505784088,20,COMPLETE
2083,0.014286362887153736,0.467553610928913,2026-07-07 14:08:43.705657,2026-07-07 14:08:53.202811,0 days 00:00:09.497154,20.0820853718109,20,COMPLETE
2084,0.01786325012325185,0.4668470160193812,2026-07-07 14:08:43.719163,2026-07-07 14:08:53.177917,0 days 00:00:09.458754,51.1732229262113,20,COMPLETE
2085,0.021287569725279176,0.46612088959131504,2026-07-07 14:08:43.732535,2026-07-07 14:08:53.198879,0 days 00:00:09.466344,41.85208762702097,20,COMPLETE
2086,0.006254372080943982,0.46887083715302447,2026-07-07 14:08:43.740209,2026-07-07 14:08:51.154865,0 days 00:00:07.414656,13.043973867313687,20,COMPLETE
2087,0.018940470601985282,0.46668658368717175,2026-07-07 14:08:43.742259,2026-07-07 14:08:55.725192,0 days 00:00:11.982933,58.7253861387202,20,COMPLETE
2088,0.02154944016202942,0.46610147971397853,2026-07-07 14:08:44.075605,2026-07-07 14:08:53.205131,0 days 00:00:09.129526,70.31925025016518,20,COMPLETE
2089,0.024526028137801192,0.4656970747321094,2026-07-07 14:08:44.080253,2026-07-07 14:08:48.095670,0 days 00:00:04.015417,91.18969120128475,20,COMPLETE
2090,0.019092365183702942,0.46648907359601377,2026-07-07 14:08:44.240640,2026-07-07 14:08:50.481482,0 days 00:00:06.240842,56.64925179961608,20,COMPLETE
2091,0.021057806736803908,0.466214728390832,2026-07-07 14:08:44.398040,2026-07-07 14:08:53.215128,0 days 00:00:08.817088,67.94702223958319,20,COMPLETE
2092,0.009362825618785375,0.46821383723297993,2026-07-07 14:08:44.406016,2026-07-07 14:08:55.716026,0 days 00:00:11.310010,9.979731121851847,20,COMPLETE
2093,0.023591459013405536,0.46588720456196914,2026-07-07 14:08:44.563103,2026-07-07 14:09:00.430031,0 days 00:00:15.866928,86.90395626462008,20,COMPLETE
2094,0.02273879407791568,0.4660117747819943,2026-07-07 14:08:44.563965,2026-07-07 14:08:53.250926,0 days 00:00:08.686961,82.82876996396575,20,COMPLETE
2095,0.011967049785374106,0.4677498109434707,2026-07-07 14:08:44.721040,2026-07-07 14:08:50.460239,0 days 00:00:05.739199,30.892812185124043,20,COMPLETE
2096,0.012047172631991843,0.46784986713754817,2026-07-07 14:08:44.722241,2026-07-07 14:08:55.712617,0 days 00:00:10.990376,18.836539851509496,20,COMPLETE
2097,0.021222533995713444,0.46620715410343627,2026-07-07 14:08:44.723262,2026-07-07 14:08:57.700790,0 days 00:00:12.977528,77.62559485223707,20,COMPLETE
2098,0.014205546201898622,0.4675059219469093,2026-07-07 14:08:44.883683,2026-07-07 14:08:56.044272,0 days 00:00:11.160589,20.34359757041373,20,COMPLETE
2099,0.024166628827128556,0.4657650341104045,2026-07-07 14:08:45.222382,2026-07-07 14:08:57.197871,0 days 00:00:11.975489,88.52354424165705,20,COMPLETE
2100,0.024998508815192277,0.46568895171361874,2026-07-07 14:08:45.381240,2026-07-07 14:08:55.529112,0 days 00:00:10.147872,93.15543686767369,20,COMPLETE
2101,0.024757540741345674,0.4657018434795577,2026-07-07 14:08:45.696902,2026-07-07 14:08:51.156382,0 days 00:00:05.459480,92.23712865707562,20,COMPLETE
2102,0.02283159244349675,0.4660022118795236,2026-07-07 14:08:45.877660,2026-07-07 14:08:53.166743,0 days 00:00:07.289083,83.26394020616463,20,COMPLETE
2103,0.01531574981114181,0.46679938889620237,2026-07-07 14:08:46.723833,2026-07-07 14:08:53.153473,0 days 00:00:06.429640,3.2745930355552293,20,COMPLETE
2104,0.020798960197632832,0.4662582437744838,2026-07-07 14:08:46.724508,2026-07-07 14:08:49.810296,0 days 00:00:03.085788,76.99382581318152,20,COMPLETE
2105,0.017703588449177077,0.4667709536767295,2026-07-07 14:08:47.038443,2026-07-07 14:08:56.379780,0 days 00:00:09.341337,54.01494718775436,20,COMPLETE
2106,0.021779923189716333,0.4661022961268436,2026-07-07 14:08:47.874920,2026-07-07 14:08:57.362579,0 days 00:00:09.487659,68.61875741563776,20,COMPLETE
2107,0.019887149058194997,0.4665652322919528,2026-07-07 14:08:47.887379,2026-07-07 14:08:53.225180,0 days 00:00:05.337801,62.26049141959388,20,COMPLETE
2108,0.023129695094191605,0.4659867363904926,2026-07-07 14:08:48.613983,2026-07-07 14:08:59.679558,0 days 00:00:11.065575,85.13877613699421,20,COMPLETE
2109,0.02001993936424512,0.4663803584416104,2026-07-07 14:08:48.617918,2026-07-07 14:08:55.715464,0 days 00:00:07.097546,55.5600525888816,20,COMPLETE
2110,0.023151588556951097,0.46598402640432696,2026-07-07 14:08:48.625689,2026-07-07 14:08:52.785005,0 days 00:00:04.159316,85.24871387083515,20,COMPLETE
2111,0.023992442173594752,0.4658131206678993,2026-07-07 14:08:48.635007,2026-07-07 14:08:55.543006,0 days 00:00:06.907999,87.94600233376396,20,COMPLETE
2112,0.018594346999490863,0.4666948918264658,2026-07-07 14:08:48.640320,2026-07-07 14:09:00.923449,0 days 00:00:12.283129,48.15949026668523,20,COMPLETE
2113,0.0063593014692616134,0.4689409089990919,2026-07-07 14:08:48.643253,2026-07-07 14:08:59.490030,0 days 00:00:10.846777,27.617917003440443,20,COMPLETE
2114,0.018415102822009644,0.4667265131193613,2026-07-07 14:08:48.956149,2026-07-07 14:08:58.355658,0 days 00:00:09.399509,49.292261529603785,20,COMPLETE
2115,0.021644262636178246,0.4660955969843592,2026-07-07 14:08:48.972703,2026-07-07 14:09:01.300481,0 days 00:00:12.327778,79.1583095126797,20,COMPLETE
2116,0.024227859277266894,0.46574166606618655,2026-07-07 14:08:48.981586,2026-07-07 14:09:00.592640,0 days 00:00:11.611054,89.67136951578064,20,COMPLETE
2117,0.017938044969122213,0.4667112748501931,2026-07-07 14:08:48.985279,2026-07-07 14:09:01.110734,0 days 00:00:12.125455,47.10272716343494,20,COMPLETE
2118,0.02267552008869672,0.46601048110498233,2026-07-07 14:08:48.986562,2026-07-07 14:09:00.036879,0 days 00:00:11.050317,82.44661807544199,20,COMPLETE
2119,0.020167594949508982,0.46638260646520663,2026-07-07 14:08:48.989870,2026-07-07 14:09:00.406571,0 days 00:00:11.416701,55.62642867435471,20,COMPLETE
2120,0.02033391184873623,0.4663168480315317,2026-07-07 14:08:49.303719,2026-07-07 14:09:00.200153,0 days 00:00:10.896434,66.80153107008616,20,COMPLETE
2121,0.01147102766810515,0.4675996744518921,2026-07-07 14:08:49.318350,2026-07-07 14:08:58.183194,0 days 00:00:08.864844,7.195732236461843,20,COMPLETE
2122,0.006267574950368449,0.4686502603881,2026-07-07 14:08:49.330624,2026-07-07 14:09:00.215961,0 days 00:00:10.885337,10.568319718705531,20,COMPLETE
2123,0.02651518060529856,0.4645684067431982,2026-07-07 14:08:49.493836,2026-07-07 14:09:00.409033,0 days 00:00:10.915197,1.603128916305184,20,COMPLETE
2124,0.021379910202081465,0.466132089006367,2026-07-07 14:08:49.803415,2026-07-07 14:09:00.214294,0 days 00:00:10.410879,70.38310338550627,20,COMPLETE
2125,0.022642007019026356,0.4660124729182075,2026-07-07 14:08:49.821323,2026-07-07 14:08:57.009479,0 days 00:00:07.188156,82.32935869223449,20,COMPLETE
2126,0.009452577287604791,0.46839518234041233,2026-07-07 14:08:49.822855,2026-07-07 14:09:00.222715,0 days 00:00:10.399860,4.711746894214417,20,COMPLETE
2127,0.020514363248416545,0.4662613143285916,2026-07-07 14:08:49.826681,2026-07-07 14:08:55.533380,0 days 00:00:05.706699,71.74472188169756,20,COMPLETE
2128,0.021418097404824366,0.46612905089699963,2026-07-07 14:08:50.296514,2026-07-07 14:08:59.845802,0 days 00:00:09.549288,78.51241812815834,20,COMPLETE
2129,0.023062769929495186,0.4659957617198446,2026-07-07 14:08:50.452742,2026-07-07 14:09:00.931597,0 days 00:00:10.478855,84.87030245262939,20,COMPLETE
2130,0.0144925683977018,0.4673462446172899,2026-07-07 14:08:50.459251,2026-07-07 14:09:01.130373,0 days 00:00:10.671122,25.99918401018938,20,COMPLETE
2131,0.013729833909998546,0.46747148635750846,2026-07-07 14:08:50.462146,2026-07-07 14:09:01.337020,0 days 00:00:10.874874,31.820894205193234,20,COMPLETE
2132,0.019487477598654324,0.4665394258518934,2026-07-07 14:08:50.476543,2026-07-07 14:09:02.139119,0 days 00:00:11.662576,49.63971925698164,20,COMPLETE
2133,0.018616168908290764,0.4665744065598032,2026-07-07 14:08:50.487422,2026-07-07 14:09:00.194994,0 days 00:00:09.707572,56.85044544943454,20,COMPLETE
2134,0.02541119533608277,0.46564427272079384,2026-07-07 14:08:50.666135,2026-07-07 14:09:01.326027,0 days 00:00:10.659892,95.73991769665264,20,COMPLETE
2135,0.017482114296179907,0.4667914310998169,2026-07-07 14:08:50.667388,2026-07-07 14:09:01.334679,0 days 00:00:10.667291,34.479274363013744,20,COMPLETE
2136,0.01823814130889978,0.4667345099769532,2026-07-07 14:08:51.478392,2026-07-07 14:09:01.319436,0 days 00:00:09.841044,34.67720524667196,20,COMPLETE
2137,0.019414226747633878,0.46620294565303527,2026-07-07 14:08:52.112959,2026-07-07 14:08:55.542843,0 days 00:00:03.429884,2.556325999138696,20,COMPLETE
2138,0.022017867689445414,0.4660560488234959,2026-07-07 14:08:52.281341,2026-07-07 14:09:02.627155,0 days 00:00:10.345814,68.83344025526314,20,COMPLETE
2139,0.02063118221622695,0.4662814367045036,2026-07-07 14:08:52.797433,2026-07-07 14:09:01.816184,0 days 00:00:09.018751,78.26072079163606,20,COMPLETE
2140,0.02416105171914268,0.4657452097608691,2026-07-07 14:08:53.146050,2026-07-07 14:09:01.331258,0 days 00:00:08.185208,90.31281493770966,20,COMPLETE
2141,0.02058786009801894,0.4662436489399772,2026-07-07 14:08:53.166951,2026-07-07 14:09:04.219282,0 days 00:00:11.052331,71.96939423206844,20,COMPLETE
2142,0.02001958522444436,0.46639138998764806,2026-07-07 14:08:53.170705,2026-07-07 14:09:02.303116,0 days 00:00:09.132411,53.80192323170135,20,COMPLETE
2143,0.0248091982947255,0.4657156591745699,2026-07-07 14:08:53.176814,2026-07-07 14:09:01.314831,0 days 00:00:08.138017,98.2236184346631,20,COMPLETE
2144,0.015998408533947406,0.46732527816933017,2026-07-07 14:08:53.232311,2026-07-07 14:08:59.326462,0 days 00:00:06.094151,20.497779101472997,21,COMPLETE
2145,0.01965664834046954,0.4663394738491411,2026-07-07 14:08:53.251622,2026-07-07 14:09:04.208560,0 days 00:00:10.956938,75.21868844344239,21,COMPLETE
2146,0.01762277441562554,0.4667803299025809,2026-07-07 14:08:53.253541,2026-07-07 14:09:04.386920,0 days 00:00:11.133379,54.76222910116764,21,COMPLETE
2147,0.025336355611639827,0.46565398160968996,2026-07-07 14:08:53.254564,2026-07-07 14:09:00.422124,0 days 00:00:07.167560,94.71289416584561,21,COMPLETE
2148,0.011183275729969577,0.46784677354937115,2026-07-07 14:08:53.410008,2026-07-07 14:09:03.882994,0 days 00:00:10.472986,16.660907369088097,21,COMPLETE
2149,0.012159361578748418,0.46772887004348274,2026-07-07 14:08:53.569584,2026-07-07 14:09:04.380465,0 days 00:00:10.810881,31.977727571106723,21,COMPLETE
2150,0.016417869379425964,0.4670081819492782,2026-07-07 14:08:53.570556,2026-07-07 14:09:04.600333,0 days 00:00:11.029777,53.403145326106824,21,COMPLETE
2151,0.019528552408543676,0.4663694464886717,2026-07-07 14:08:53.880674,2026-07-07 14:09:03.885196,0 days 00:00:10.004522,75.03586621058558,21,COMPLETE
2152,0.020361040315622747,0.46628309284753844,2026-07-07 14:08:53.881942,2026-07-07 14:09:04.579714,0 days 00:00:10.697772,55.46341834429108,21,COMPLETE
2153,0.020591883302327085,0.46624240509823983,2026-07-07 14:08:53.883609,2026-07-07 14:09:04.587253,0 days 00:00:10.703644,71.97937306621075,21,COMPLETE
2154,0.0205298317892581,0.46622736179780966,2026-07-07 14:08:54.038813,2026-07-07 14:09:03.715228,0 days 00:00:09.676415,73.30487641791315,21,COMPLETE
2155,0.022333890671614565,0.4660462695615074,2026-07-07 14:08:54.038960,2026-07-07 14:09:01.315407,0 days 00:00:07.276447,81.71455299658008,21,COMPLETE
2156,0.011188568282637978,0.46799685857659873,2026-07-07 14:08:54.040775,2026-07-07 14:09:08.394749,0 days 00:00:14.353974,17.31264384240117,21,COMPLETE
2157,0.024738045933788755,0.4656982122632658,2026-07-07 14:08:54.041575,2026-07-07 14:09:04.394485,0 days 00:00:10.352910,92.03386461946366,21,COMPLETE
2158,0.017291562725751553,0.4665032691301115,2026-07-07 14:08:54.197614,2026-07-07 14:09:01.331358,0 days 00:00:07.133744,3.56988465917679,21,COMPLETE
2159,0.02145196365236124,0.4661533683649322,2026-07-07 14:08:54.819797,2026-07-07 14:09:04.589865,0 days 00:00:09.770068,79.9645558455548,21,COMPLETE
2160,0.011845322614407627,0.4678405962603497,2026-07-07 14:08:54.978297,2026-07-07 14:09:07.164982,0 days 00:00:12.186685,21.24606179922021,21,COMPLETE
2161,0.015041506484235356,0.46740491204900364,2026-07-07 14:08:55.137595,2026-07-07 14:09:07.209317,0 days 00:00:12.071722,20.508131393226204,21,COMPLETE
2162,0.017396813450329784,0.46694952140037405,2026-07-07 14:08:55.140528,2026-07-07 14:09:06.511589,0 days 00:00:11.371061,46.01279877485848,21,COMPLETE
2163,0.015512946513119186,0.46697873416180796,2026-07-07 14:08:56.694887,2026-07-07 14:09:07.525906,0 days 00:00:10.831019,7.765364814874378,21,COMPLETE
2164,0.02174916395842602,0.4660944122667734,2026-07-07 14:08:56.697943,2026-07-07 14:09:08.736434,0 days 00:00:12.038491,65.90576433521916,21,COMPLETE
2165,0.020965896276781415,0.46620823521680954,2026-07-07 14:08:57.187202,2026-07-07 14:09:10.949313,0 days 00:00:13.762111,70.57166627009778,21,COMPLETE
2166,0.0030948137838026635,0.4692791089444113,2026-07-07 14:08:57.194327,2026-07-07 14:09:07.898922,0 days 00:00:10.704595,4.73574782435772,21,COMPLETE
2167,0.015899827580423465,0.46703839576212114,2026-07-07 14:08:57.528354,2026-07-07 14:09:04.220117,0 days 00:00:06.691763,34.117015855997145,21,COMPLETE
2168,0.02216459392465442,0.46603002162475204,2026-07-07 14:08:57.531001,2026-07-07 14:09:08.221730,0 days 00:00:10.690729,69.0782720800324,21,COMPLETE
2169,0.020123019669986864,0.46637477857558773,2026-07-07 14:08:57.542826,2026-07-07 14:09:04.219955,0 days 00:00:06.677129,67.00101172552117,21,COMPLETE
2170,0.017285717654008326,0.4669169114153215,2026-07-07 14:08:58.185279,2026-07-07 14:09:07.891245,0 days 00:00:09.705966,48.24785890026671,21,COMPLETE
2171,0.014573113432692464,0.4673887575197275,2026-07-07 14:08:58.524754,2026-07-07 14:09:03.888706,0 days 00:00:05.363952,22.73530235728624,21,COMPLETE
2172,0.02141376377164267,0.46615720655040493,2026-07-07 14:08:59.324753,2026-07-07 14:09:08.227221,0 days 00:00:08.902468,79.81770101314925,21,COMPLETE
2173,0.017508646642168113,0.46694463723761725,2026-07-07 14:08:59.498227,2026-07-07 14:09:09.227702,0 days 00:00:09.729475,50.496514437571314,21,COMPLETE
2174,0.023727116436664142,0.46585596026931486,2026-07-07 14:08:59.672236,2026-07-07 14:09:08.225832,0 days 00:00:08.553596,87.48164221520567,21,COMPLETE
2175,0.01591417022289654,0.4669260540342271,2026-07-07 14:08:59.850392,2026-07-07 14:09:04.219639,0 days 00:00:04.369247,39.945976439642756,21,COMPLETE
2176,0.016413785141241033,0.4668961410761494,2026-07-07 14:09:00.429662,2026-07-07 14:09:09.938603,0 days 00:00:09.508941,30.133495072375524,21,COMPLETE
2177,0.019034686674731904,0.46669658775001216,2026-07-07 14:09:00.913484,2026-07-07 14:09:04.577074,0 days 00:00:03.663590,59.28243790518079,21,COMPLETE
2178,0.02202637510489358,0.46608424189256836,2026-07-07 14:09:00.927753,2026-07-07 14:09:08.392958,0 days 00:00:07.465205,81.11800091861855,21,COMPLETE
2179,0.021394865682679787,0.46612934197724604,2026-07-07 14:09:00.929970,2026-07-07 14:09:07.867558,0 days 00:00:06.937588,70.37777748008823,21,COMPLETE
2180,0.023321692753459133,0.4659552427802046,2026-07-07 14:09:01.103442,2026-07-07 14:09:11.999197,0 days 00:00:10.895755,86.04037759457121,21,COMPLETE
2181,0.015647089530817837,0.46715586993021063,2026-07-07 14:09:01.296905,2026-07-07 14:09:08.901749,0 days 00:00:07.604844,53.35014963072152,21,COMPLETE
2182,0.019729140674079215,0.46632249999564607,2026-07-07 14:09:01.299210,2026-07-07 14:09:09.070649,0 days 00:00:07.771439,75.34455994448162,21,COMPLETE
2183,0.017040080230008137,0.466977519280202,2026-07-07 14:09:01.300690,2026-07-07 14:09:12.671864,0 days 00:00:11.371174,46.413488061893574,21,COMPLETE
2184,0.015430937961511348,0.46715122761640815,2026-07-07 14:09:01.307134,2026-07-07 14:09:10.287263,0 days 00:00:08.980129,27.362405359352312,21,COMPLETE
2185,0.00795464315947525,0.46809157143020586,2026-07-07 14:09:01.309596,2026-07-07 14:09:07.553791,0 days 00:00:06.244195,1.535053748453198,21,COMPLETE
2186,0.021478760738799563,0.46610906025836385,2026-07-07 14:09:01.312599,2026-07-07 14:09:08.910024,0 days 00:00:07.597425,78.76633651840105,21,COMPLETE
2187,0.02329172334778712,0.46596362061298097,2026-07-07 14:09:01.324893,2026-07-07 14:09:10.296340,0 days 00:00:08.971447,85.89377620776987,21,COMPLETE
2188,0.01368999157917411,0.46754401275854907,2026-07-07 14:09:01.332521,2026-07-07 14:09:12.667134,0 days 00:00:11.334613,34.995436707631654,21,COMPLETE
2189,0.024166025708486305,0.4657652338384177,2026-07-07 14:09:01.334850,2026-07-07 14:09:12.162052,0 days 00:00:10.827202,88.51841874607014,21,COMPLETE
2190,0.016286301052071184,0.4670383047935993,2026-07-07 14:09:01.338942,2026-07-07 14:09:12.682618,0 days 00:00:11.343676,52.313464280538305,21,COMPLETE
2191,0.024759917562831413,0.46570208923561524,2026-07-07 14:09:01.341415,2026-07-07 14:09:09.944191,0 days 00:00:08.602776,92.25584646348796,21,COMPLETE
2192,0.016858006747041743,0.46693133366375866,2026-07-07 14:09:01.811764,2026-07-07 14:09:10.293542,0 days 00:00:08.481778,37.63549593417243,21,COMPLETE
2193,0.015299863025527605,0.46716727820592713,2026-07-07 14:09:01.825927,2026-07-07 14:09:11.648793,0 days 00:00:09.822866,31.12954366354533,21,COMPLETE
2194,0.010028026492381492,0.4680290243550511,2026-07-07 14:09:02.136566,2026-07-07 14:09:15.529218,0 days 00:00:13.392652,11.881242488128777,21,COMPLETE
2195,0.01825667104480344,0.4667146794528335,2026-07-07 14:09:02.138954,2026-07-07 14:09:12.184052,0 days 00:00:10.045098,23.459929738324124,21,COMPLETE
2196,0.022211393361939002,0.46602056278921655,2026-07-07 14:09:02.139795,2026-07-07 14:09:09.730005,0 days 00:00:07.590210,69.1487174811666,21,COMPLETE
2197,0.017384355530320805,0.46688086175504934,2026-07-07 14:09:02.143268,2026-07-07 14:09:10.272692,0 days 00:00:08.129424,48.03027468758398,21,COMPLETE
2198,0.020300449139857346,0.4663365496694281,2026-07-07 14:09:02.144867,2026-07-07 14:09:15.024263,0 days 00:00:12.879396,67.13378221457377,21,COMPLETE
2199,0.020344755434909045,0.46631391574803244,2026-07-07 14:09:02.147300,2026-07-07 14:09:13.323902,0 days 00:00:11.176602,66.78992918168628,21,COMPLETE
2200,0.020582893223405896,0.46626859210713034,2026-07-07 14:09:02.302273,2026-07-07 14:09:08.570742,0 days 00:00:06.268469,77.93863959603735,21,COMPLETE
2201,0.02142751924845132,0.46615274584405464,2026-07-07 14:09:02.303013,2026-07-07 14:09:11.134918,0 days 00:00:08.831905,79.62575501386979,21,COMPLETE
2202,0.020527423706504733,0.46625960033652436,2026-07-07 14:09:02.305443,2026-07-07 14:09:15.001108,0 days 00:00:12.695665,71.73031854155761,21,COMPLETE
2203,0.017621670366730235,0.4667044363001548,2026-07-07 14:09:02.463948,2026-07-07 14:09:13.845523,0 days 00:00:11.381575,22.886250984513083,21,COMPLETE
2204,0.020166627095975942,0.4662966356107663,2026-07-07 14:09:03.107904,2026-07-07 14:09:13.335854,0 days 00:00:10.227950,73.89772808564676,21,COMPLETE
2205,0.024711245229559697,0.4656972290719394,2026-07-07 14:09:03.433035,2026-07-07 14:09:12.178767,0 days 00:00:08.745732,91.86712371585766,21,COMPLETE
2206,0.016029558626216744,0.46686272925424893,2026-07-07 14:09:03.467815,2026-07-07 14:09:08.746063,0 days 00:00:05.278248,29.809803864981337,21,COMPLETE
2207,0.018099490667146945,0.46678459855145443,2026-07-07 14:09:03.470618,2026-07-07 14:09:07.866742,0 days 00:00:04.396124,50.26320241165337,21,COMPLETE
2208,0.012187379346852267,0.46762975453351713,2026-07-07 14:09:03.709698,2026-07-07 14:09:15.532818,0 days 00:00:11.823120,6.548761766671055,21,COMPLETE
2209,0.02413793912791734,0.4657582745770201,2026-07-07 14:09:04.377383,2026-07-07 14:09:17.215387,0 days 00:00:12.838004,90.69139502983944,21,COMPLETE
2210,0.015066289536570243,0.4668710197990488,2026-07-07 14:09:04.405025,2026-07-07 14:09:16.841389,0 days 00:00:12.436364,8.156192691596722,21,COMPLETE
2211,0.021959268364350026,0.4660916524970655,2026-07-07 14:09:04.406118,2026-07-07 14:09:16.024914,0 days 00:00:11.618796,64.65609503289751,21,COMPLETE
2212,0.014101693014190897,0.4674218518757789,2026-07-07 14:09:04.409369,2026-07-07 14:09:16.883152,0 days 00:00:12.473783,29.341123856291226,21,COMPLETE
2213,0.022878501782963745,0.4651964416292837,2026-07-07 14:09:04.585337,2026-07-07 14:09:17.924008,0 days 00:00:13.338671,1.994354175009341,21,COMPLETE
2214,0.01394630990255924,0.4672874241778049,2026-07-07 14:09:04.587936,2026-07-07 14:09:10.268553,0 days 00:00:05.680617,18.175504806105884,21,COMPLETE
2215,0.02225195943099162,0.46605404771698006,2026-07-07 14:09:04.588902,2026-07-07 14:09:11.994379,0 days 00:00:07.405477,64.51138910281931,21,COMPLETE
2216,0.020833898650305216,0.4657803454344366,2026-07-07 14:09:04.589776,2026-07-07 14:09:15.026687,0 days 00:00:10.436911,2.2656147365146673,21,COMPLETE
2217,0.022831436641127245,0.466002233282879,2026-07-07 14:09:04.590795,2026-07-07 14:09:15.534588,0 days 00:00:10.943793,83.2629965243154,21,COMPLETE
2218,0.016890326412833723,0.46694707485172743,2026-07-07 14:09:04.590972,2026-07-07 14:09:12.673081,0 days 00:00:08.082109,46.64604445510973,21,COMPLETE
2219,0.015674328739503807,0.4670754453375597,2026-07-07 14:09:04.756606,2026-07-07 14:09:10.288435,0 days 00:00:05.531829,38.712134895509536,21,COMPLETE
2220,0.025013761221806596,0.46569023104041307,2026-07-07 14:09:04.758690,2026-07-07 14:09:15.016254,0 days 00:00:10.257564,97.77315382181638,21,COMPLETE
2221,0.024464170326046586,0.4657577124085046,2026-07-07 14:09:04.914381,2026-07-07 14:09:16.858255,0 days 00:00:11.943874,99.28458830053516,21,COMPLETE
2222,0.010351612035068014,0.46798641725148227,2026-07-07 14:09:04.915647,2026-07-07 14:09:10.291395,0 days 00:00:05.375748,4.91703897317289,21,COMPLETE
2223,0.017606651767426096,0.4667831707507677,2026-07-07 14:09:04.917852,2026-07-07 14:09:17.915604,0 days 00:00:12.997752,54.77233930941433,21,COMPLETE
2224,0.016771467807773555,0.466961106008062,2026-07-07 14:09:05.227899,2026-07-07 14:09:17.899235,0 days 00:00:12.671336,40.628744581005066,21,COMPLETE
2225,0.021627699180334803,0.46613221734277144,2026-07-07 14:09:05.383450,2026-07-07 14:09:15.029847,0 days 00:00:09.646397,80.35008452395215,21,COMPLETE
2226,0.016936230517136996,0.4670181651234995,2026-07-07 14:09:05.695852,2026-07-07 14:09:11.999357,0 days 00:00:06.303505,50.17788455834343,21,COMPLETE
2227,0.015947192277992017,0.4670768794363558,2026-07-07 14:09:06.163674,2026-07-07 14:09:16.892763,0 days 00:00:10.729089,28.055466464493893,21,COMPLETE
2228,0.010949490075447765,0.4677669123349862,2026-07-07 14:09:08.224442,2026-07-07 14:09:20.717618,0 days 00:00:12.493176,7.799005004665993,21,COMPLETE
2229,0.02072612501859833,0.4662528929333637,2026-07-07 14:09:08.737331,2026-07-07 14:09:21.454030,0 days 00:00:12.716699,77.85151427816263,21,COMPLETE
2230,0.007611666962774155,0.46861094409865434,2026-07-07 14:09:08.739345,2026-07-07 14:09:18.590345,0 days 00:00:09.851000,12.743458637450129,21,COMPLETE
2231,0.011967504313271926,0.4677273209068503,2026-07-07 14:09:08.913337,2026-07-07 14:09:17.893546,0 days 00:00:08.980209,6.670135136406247,21,COMPLETE
2232,0.016869477302324076,0.4668872259971374,2026-07-07 14:09:08.913742,2026-07-07 14:09:21.231802,0 days 00:00:12.318060,37.48827484626274,21,COMPLETE
2233,0.019904250758702446,0.4662877671960953,2026-07-07 14:09:09.070864,2026-07-07 14:09:17.878900,0 days 00:00:08.808036,41.40662363874019,21,COMPLETE
2234,0.008042188366227554,0.46825699696385253,2026-07-07 14:09:09.230043,2026-07-07 14:09:15.047071,0 days 00:00:05.817028,10.094338839339846,21,COMPLETE
2235,0.014019186045452992,0.46741263314561177,2026-07-07 14:09:09.541304,2026-07-07 14:09:16.679020,0 days 00:00:07.137716,39.48070145399483,21,COMPLETE
2236,0.14300279558355733,0.44812638427155893,2026-07-07 14:09:09.726252,2026-07-07 14:09:21.236517,0 days 00:00:11.510265,0.33763704417063034,21,COMPLETE
2237,0.014634390468987901,0.4675008025992663,2026-07-07 14:09:09.753625,2026-07-07 14:09:18.092724,0 days 00:00:08.339099,19.34071573806004,21,COMPLETE
2238,0.011099261745831313,0.4678614115974472,2026-07-07 14:09:09.918559,2026-07-07 14:09:18.260218,0 days 00:00:08.341659,31.767418421595938,21,COMPLETE
2239,0.015839615238703808,0.4671062905213585,2026-07-07 14:09:09.947162,2026-07-07 14:09:21.974259,0 days 00:00:12.027097,42.07203294097895,21,COMPLETE
2240,0.02523064515633816,0.46566363759324425,2026-07-07 14:09:10.107224,2026-07-07 14:09:21.454297,0 days 00:00:11.347073,96.73542537846208,21,COMPLETE
2241,0.018208941591094763,0.46667329305338834,2026-07-07 14:09:10.280458,2026-07-07 14:09:18.080975,0 days 00:00:07.800517,45.38113428608614,21,COMPLETE
2242,0.024138094186567982,0.46577370786297356,2026-07-07 14:09:10.607920,2026-07-07 14:09:18.275640,0 days 00:00:07.667720,88.34789645036317,22,COMPLETE
2243,0.01990899791496198,0.46653407391715673,2026-07-07 14:09:10.765452,2026-07-07 14:09:14.026500,0 days 00:00:03.261048,61.99932479714173,22,COMPLETE
2244,0.02421650585402413,0.4657413774365106,2026-07-07 14:09:10.933581,2026-07-07 14:09:21.442558,0 days 00:00:10.508977,89.87094179742506,22,COMPLETE
2245,0.019077383196597963,0.46655479772470065,2026-07-07 14:09:10.949091,2026-07-07 14:09:21.967060,0 days 00:00:11.017969,42.02890042014372,22,COMPLETE
2246,0.025098031410182742,0.4656816313631376,2026-07-07 14:09:11.123614,2026-07-07 14:09:21.251391,0 days 00:00:10.127777,97.36118563193719,22,COMPLETE
2247,0.016537922928899496,0.4671000969979667,2026-07-07 14:09:11.297053,2026-07-07 14:09:13.337381,0 days 00:00:02.040328,39.0741931598958,22,COMPLETE
2248,0.017323561059718884,0.4669887752460712,2026-07-07 14:09:11.615994,2026-07-07 14:09:16.874112,0 days 00:00:05.258118,48.45840466855551,22,COMPLETE
2249,0.024565766840275616,0.4657477982851066,2026-07-07 14:09:11.640729,2026-07-07 14:09:21.438387,0 days 00:00:09.797658,98.78676823290246,22,COMPLETE
2250,0.02344744491766121,0.4659235965179229,2026-07-07 14:09:11.807639,2026-07-07 14:09:17.894145,0 days 00:00:06.086506,86.47218803726707,22,COMPLETE
2251,0.016605834751818038,0.46691578674340484,2026-07-07 14:09:11.810951,2026-07-07 14:09:21.238195,0 days 00:00:09.427244,39.22036253418856,22,COMPLETE
2252,0.022834251035135422,0.46600184714723947,2026-07-07 14:09:11.976375,2026-07-07 14:09:20.716666,0 days 00:00:08.740291,83.28075311207542,22,COMPLETE
2253,0.01759818149067499,0.46697836286400196,2026-07-07 14:09:11.977975,2026-07-07 14:09:21.233438,0 days 00:00:09.255463,48.93629220620497,22,COMPLETE
2254,0.019493401386607323,0.46637785552004357,2026-07-07 14:09:11.983349,2026-07-07 14:09:21.627807,0 days 00:00:09.644458,74.98231473224581,22,COMPLETE
2255,0.014873636520560951,0.4671661292386937,2026-07-07 14:09:11.984603,2026-07-07 14:09:18.095025,0 days 00:00:06.110422,33.61406282622424,22,COMPLETE
2256,0.01459196982530725,0.467500046920695,2026-07-07 14:09:11.998380,2026-07-07 14:09:21.800624,0 days 00:00:09.802244,20.731678546449995,22,COMPLETE
2257,0.01623819925365866,0.46710193913805187,2026-07-07 14:09:12.669570,2026-07-07 14:09:17.915362,0 days 00:00:05.245792,23.43911955193245,22,COMPLETE
2258,0.014654997638061773,0.4672543366037336,2026-07-07 14:09:12.674787,2026-07-07 14:09:26.491702,0 days 00:00:13.816915,42.579276824733505,22,COMPLETE
2259,0.024225851394913345,0.465746069164548,2026-07-07 14:09:12.841067,2026-07-07 14:09:27.521024,0 days 00:00:14.679957,89.32380630122472,22,COMPLETE
2260,0.018736431529559505,0.4665315277728914,2026-07-07 14:09:12.847448,2026-07-07 14:09:26.098503,0 days 00:00:13.251055,57.20948388491168,22,COMPLETE
2261,0.016605753246192678,0.4669662837912741,2026-07-07 14:09:13.005799,2026-07-07 14:09:21.631901,0 days 00:00:08.626102,36.75707648752561,22,COMPLETE
2262,0.01856498141207058,0.4663598293163467,2026-07-07 14:09:13.502119,2026-07-07 14:09:24.750453,0 days 00:00:11.248334,2.9825016051498277,22,COMPLETE
2263,0.025137765673963086,0.46567514368964563,2026-07-07 14:09:13.502322,2026-07-07 14:09:20.718191,0 days 00:00:07.215869,93.81212388381996,22,COMPLETE
2264,0.01250235461650101,0.4677481633417936,2026-07-07 14:09:13.660547,2026-07-07 14:09:26.143468,0 days 00:00:12.482921,37.876157800481266,22,COMPLETE
2265,0.024945444786017568,0.4656976861114917,2026-07-07 14:09:13.662106,2026-07-07 14:09:24.392376,0 days 00:00:10.730270,97.96034691595942,22,COMPLETE
2266,0.018943072100990332,0.46668400170399127,2026-07-07 14:09:13.816730,2026-07-07 14:09:26.983751,0 days 00:00:13.167021,58.71397225822822,22,COMPLETE
2267,0.020741971622406596,0.4662630567852242,2026-07-07 14:09:13.820863,2026-07-07 14:09:22.136988,0 days 00:00:08.316125,76.86821864272049,22,COMPLETE
2268,0.017126951462998197,0.46709883247061623,2026-07-07 14:09:13.840435,2026-07-07 14:09:24.752499,0 days 00:00:10.912064,43.93016653505906,22,COMPLETE
2269,0.012085333018125255,0.46762903288688507,2026-07-07 14:09:14.013461,2026-07-07 14:09:26.983849,0 days 00:00:12.970388,16.783757896640015,22,COMPLETE
2270,0.02422705201744607,0.4657453734523095,2026-07-07 14:09:14.988969,2026-07-07 14:09:25.089161,0 days 00:00:10.100192,89.34655416617558,22,COMPLETE
2271,0.019768589748358212,0.46631250003431607,2026-07-07 14:09:14.996437,2026-07-07 14:09:25.928468,0 days 00:00:10.932031,75.46375904536414,22,COMPLETE
2272,0.016339429576642805,0.4670316046819861,2026-07-07 14:09:15.012923,2026-07-07 14:09:26.480416,0 days 00:00:11.467493,41.66253972949114,22,COMPLETE
2273,0.022155581786834577,0.46603345960808107,2026-07-07 14:09:15.013811,2026-07-07 14:09:18.594282,0 days 00:00:03.580471,65.38784418222232,22,COMPLETE
2274,0.012501897759623848,0.46771231600343843,2026-07-07 14:09:15.209837,2026-07-07 14:09:26.491853,0 days 00:00:11.282016,32.15835889851469,22,COMPLETE
2275,0.02156583175850968,0.46613528977061275,2026-07-07 14:09:16.030398,2026-07-07 14:09:28.056460,0 days 00:00:12.026062,68.38771093805454,22,COMPLETE
2276,0.021410272602326808,0.4661574640563196,2026-07-07 14:09:16.498296,2026-07-07 14:09:21.613543,0 days 00:00:05.115247,79.79169546966175,22,COMPLETE
2277,0.015435417512260463,0.4671948725809789,2026-07-07 14:09:16.503491,2026-07-07 14:09:27.323594,0 days 00:00:10.820103,52.53681705219581,22,COMPLETE
2278,0.023616972115242607,0.46587883675107566,2026-07-07 14:09:16.660591,2026-07-07 14:09:27.883094,0 days 00:00:11.222503,87.03203742050215,22,COMPLETE
2279,0.020852407054177513,0.46618982803649106,2026-07-07 14:09:16.844068,2026-07-07 14:09:21.435169,0 days 00:00:04.591101,72.38509292055214,22,COMPLETE
2280,-0.08438987818801369,0.47985449088375975,2026-07-07 14:09:16.847878,2026-07-07 14:09:25.266445,0 days 00:00:08.418567,1.2548038038506752,22,COMPLETE
2281,0.016451932386153112,0.46683617133475064,2026-07-07 14:09:16.857339,2026-07-07 14:09:25.078050,0 days 00:00:08.220711,34.57010979308749,22,COMPLETE
2282,0.02059476099766311,0.4663121183159783,2026-07-07 14:09:16.870386,2026-07-07 14:09:21.802548,0 days 00:00:04.932162,77.46148477958236,22,COMPLETE
2283,0.015265509096933583,0.46719401437458763,2026-07-07 14:09:16.877405,2026-07-07 14:09:27.335102,0 days 00:00:10.457697,28.236293113114982,22,COMPLETE
2284,0.014197829054754085,0.4673764113582557,2026-07-07 14:09:16.893079,2026-07-07 14:09:19.068759,0 days 00:00:02.175680,18.504540859529737,22,COMPLETE
2285,0.02105185758792799,0.4663932126496183,2026-07-07 14:09:17.210135,2026-07-07 14:09:22.151952,0 days 00:00:04.941817,63.54269903685788,22,COMPLETE
2286,0.012646722980902636,0.46764878123456877,2026-07-07 14:09:17.223015,2026-07-07 14:09:27.001462,0 days 00:00:09.778447,15.774721904303153,22,COMPLETE
2287,0.01747973447810175,0.46694977534646354,2026-07-07 14:09:17.537870,2026-07-07 14:09:26.989959,0 days 00:00:09.452089,50.45536042557605,22,COMPLETE
2288,0.02042030214572782,0.466502633643634,2026-07-07 14:09:17.551822,2026-07-07 14:09:27.321158,0 days 00:00:09.769336,62.72897886705317,22,COMPLETE
2289,0.011628474552556833,0.46789028718782955,2026-07-07 14:09:17.722084,2026-07-07 14:09:28.055749,0 days 00:00:10.333665,17.79914138562992,22,COMPLETE
2290,0.017020090661466758,0.46690682581296156,2026-07-07 14:09:17.900287,2026-07-07 14:09:26.480993,0 days 00:00:08.580706,47.80524677724609,22,COMPLETE
2291,0.023607734964821547,0.465882169171682,2026-07-07 14:09:18.080203,2026-07-07 14:09:30.385768,0 days 00:00:12.305565,86.97307869978134,22,COMPLETE
2292,0.018389295125690652,0.46682142013443023,2026-07-07 14:09:18.429770,2026-07-07 14:09:29.920775,0 days 00:00:11.491005,43.68878215953748,22,COMPLETE
2293,0.023306268298789012,0.46543440488719146,2026-07-07 14:09:18.591853,2026-07-07 14:09:29.744336,0 days 00:00:11.152483,2.018566679326586,22,COMPLETE
2294,0.016348966784208052,0.46703646051490366,2026-07-07 14:09:18.907017,2026-07-07 14:09:27.345098,0 days 00:00:08.438081,19.727525920169178,22,COMPLETE
2295,0.01691154120430055,0.46699979408567793,2026-07-07 14:09:18.909025,2026-07-07 14:09:25.261520,0 days 00:00:06.352495,49.19176043699539,22,COMPLETE
2296,0.012390555704330675,0.46756211867842123,2026-07-07 14:09:18.911765,2026-07-07 14:09:29.577780,0 days 00:00:10.666015,9.769049386218303,22,COMPLETE
2297,0.01298600086949725,0.46754110915470415,2026-07-07 14:09:19.065976,2026-07-07 14:09:26.470660,0 days 00:00:07.404684,17.545152381552363,22,COMPLETE
2298,0.014343819265249746,0.46723315534907084,2026-07-07 14:09:19.070135,2026-07-07 14:09:27.865471,0 days 00:00:08.795336,33.58646180050188,22,COMPLETE
2299,0.019772457629996132,0.46630971724383374,2026-07-07 14:09:19.225835,2026-07-07 14:09:26.991802,0 days 00:00:07.765967,75.54811271878069,22,COMPLETE
2300,0.017785674801835516,0.4670509634846195,2026-07-07 14:09:19.230468,2026-07-07 14:09:28.224546,0 days 00:00:08.994078,24.475289190840087,22,COMPLETE
2301,0.015131647432207518,0.46719692101699134,2026-07-07 14:09:19.234399,2026-07-07 14:09:31.014077,0 days 00:00:11.779678,21.36209090646109,22,COMPLETE
2302,0.01745024753258323,0.466880195963329,2026-07-07 14:09:19.417973,2026-07-07 14:09:29.563414,0 days 00:00:10.145441,48.64607302122716,22,COMPLETE
2303,0.02446322273236634,0.4657577463701478,2026-07-07 14:09:19.575102,2026-07-07 14:09:29.566118,0 days 00:00:09.991016,99.2946978310818,22,COMPLETE
2304,0.008993664600495943,0.46831836816263794,2026-07-07 14:09:19.889122,2026-07-07 14:09:27.865022,0 days 00:00:07.975900,14.118653419381571,22,COMPLETE
2305,0.024763141870992822,0.4657023619138728,2026-07-07 14:09:20.358580,2026-07-07 14:09:28.051257,0 days 00:00:07.692677,92.27925495750165,22,COMPLETE
2306,0.020694325371593547,0.4662840460277643,2026-07-07 14:09:20.527261,2026-07-07 14:09:32.082740,0 days 00:00:11.555479,67.66623809316673,22,COMPLETE
2307,0.021629469122323663,0.4661105081106271,2026-07-07 14:09:20.531407,2026-07-07 14:09:29.918693,0 days 00:00:09.387286,79.30443903935917,22,COMPLETE
2308,0.023742913494133155,0.4658509220665342,2026-07-07 14:09:21.199860,2026-07-07 14:09:32.437355,0 days 00:00:11.237495,87.4674309088687,22,COMPLETE
2309,0.021905410199665742,0.46609699423473716,2026-07-07 14:09:21.613689,2026-07-07 14:09:32.270942,0 days 00:00:10.657253,64.78699238735885,22,COMPLETE
2310,0.016962370211936584,0.4670288924009206,2026-07-07 14:09:21.623923,2026-07-07 14:09:32.932069,0 days 00:00:11.308146,45.69258051611236,22,COMPLETE
2311,0.01139149562572811,0.4674738791445402,2026-07-07 14:09:21.971276,2026-07-07 14:09:32.272915,0 days 00:00:10.301639,13.98676307573796,22,COMPLETE
2312,0.021300443714595885,0.46616921450151755,2026-07-07 14:09:21.974558,2026-07-07 14:09:29.914000,0 days 00:00:07.939442,68.10149214576131,22,COMPLETE
2313,0.014753965681709058,0.4672941050677043,2026-07-07 14:09:21.975969,2026-07-07 14:09:31.896810,0 days 00:00:09.920841,30.07357098301361,22,COMPLETE
2314,0.017931486958650933,0.46682961331842765,2026-07-07 14:09:21.978217,2026-07-07 14:09:32.069052,0 days 00:00:10.090835,50.27497349745218,22,COMPLETE
2315,0.013063722844803394,0.4672255817637071,2026-07-07 14:09:21.978446,2026-07-07 14:09:32.067481,0 days 00:00:10.089035,9.13214236029816,22,COMPLETE
2316,0.011964235423534142,0.4675911810845138,2026-07-07 14:09:22.137270,2026-07-07 14:09:33.279340,0 days 00:00:11.142070,14.314893671241208,22,COMPLETE
2317,0.02692205742413023,0.4642818361811733,2026-07-07 14:09:22.138137,2026-07-07 14:09:32.434425,0 days 00:00:10.296288,1.0157910473501897,22,COMPLETE
2318,0.018550359639563918,0.46658233483754036,2026-07-07 14:09:22.152214,2026-07-07 14:09:27.867582,0 days 00:00:05.715368,56.90135958112678,22,COMPLETE
2319,0.021193849584676072,0.4662121474712735,2026-07-07 14:09:22.154998,2026-07-07 14:09:26.497305,0 days 00:00:04.342307,77.6583528996936,22,COMPLETE
2320,0.01790896496068972,0.46676502916145546,2026-07-07 14:09:22.156541,2026-07-07 14:09:33.596051,0 days 00:00:11.439510,54.49333263532978,22,COMPLETE
2321,0.014790256842676763,0.4673027829509705,2026-07-07 14:09:22.469779,2026-07-07 14:09:32.434741,0 days 00:00:09.964962,41.6664083461837,22,COMPLETE
2322,0.024419528391145084,0.46576175484403515,2026-07-07 14:09:22.470532,2026-07-07 14:09:32.268024,0 days 00:00:09.797492,99.71253624165021,22,COMPLETE
2323,0.02538167706006411,0.4656466993329667,2026-07-07 14:09:22.789155,2026-07-07 14:09:28.047551,0 days 00:00:05.258396,96.03494946681312,22,COMPLETE
2324,0.014991015213029812,0.4672611259073036,2026-07-07 14:09:22.948576,2026-07-07 14:09:32.432090,0 days 00:00:09.483514,19.466935696162203,22,COMPLETE
2325,0.02011067165100977,0.4658046897296425,2026-07-07 14:09:22.950556,2026-07-07 14:09:33.908078,0 days 00:00:10.957522,2.1296629863281242,22,COMPLETE
2326,0.025373419605905723,0.46564934863448537,2026-07-07 14:09:23.261723,2026-07-07 14:09:29.914208,0 days 00:00:06.652485,94.91567168307274,22,COMPLETE
2327,0.013953619163553255,0.46742192704522345,2026-07-07 14:09:23.267494,2026-07-07 14:09:33.097617,0 days 00:00:09.830123,29.25604509353224,22,COMPLETE
2328,0.008099035514999076,0.4684487750757263,2026-07-07 14:09:23.271512,2026-07-07 14:09:32.440419,0 days 00:00:09.168907,10.271169232369157,22,COMPLETE
2329,0.02226777389922152,0.4660666438344812,2026-07-07 14:09:23.905146,2026-07-07 14:09:37.695292,0 days 00:00:13.790146,64.40974787205329,22,COMPLETE
2330,0.020687583483212757,0.46623434733386215,2026-07-07 14:09:26.099477,2026-07-07 14:09:31.887845,0 days 00:00:05.788368,71.50658381430038,22,COMPLETE
2331,0.020343383207706234,0.46633116287242893,2026-07-07 14:09:26.822138,2026-07-07 14:09:32.438199,0 days 00:00:05.616061,67.16328140713787,22,COMPLETE
2332,0.015549100723620202,0.467379523692867,2026-07-07 14:09:26.982794,2026-07-07 14:09:32.077451,0 days 00:00:05.094657,43.90243402478333,22,COMPLETE
2333,0.016614875575312327,0.4669891886190466,2026-07-07 14:09:26.984093,2026-07-07 14:09:38.274942,0 days 00:00:11.290849,45.11255286402517,22,COMPLETE
2334,0.020247354497827608,0.46627943543074046,2026-07-07 14:09:26.991957,2026-07-07 14:09:36.156792,0 days 00:00:09.164835,73.82411164350803,22,COMPLETE
2335,0.023291511183600844,0.46596367255243254,2026-07-07 14:09:26.999644,2026-07-07 14:09:37.905368,0 days 00:00:10.905724,85.8927303042915,22,COMPLETE
2336,0.02084837664973943,0.46623202345752685,2026-07-07 14:09:27.314685,2026-07-07 14:09:37.872565,0 days 00:00:10.557880,67.35674687676685,22,COMPLETE
2337,0.021458327977288083,0.4661475864766697,2026-07-07 14:09:27.345771,2026-07-07 14:09:37.672559,0 days 00:00:10.326788,66.03477637326817,23,COMPLETE
2338,0.02300652889236443,0.46600355095536267,2026-07-07 14:09:27.521194,2026-07-07 14:09:37.696982,0 days 00:00:10.175788,84.68391782965641,23,COMPLETE
2339,0.018716559629799012,0.4666654738359809,2026-07-07 14:09:27.544350,2026-07-07 14:09:38.262050,0 days 00:00:10.717700,23.646120859990596,23,COMPLETE
2340,0.02416633182655159,0.46576513263810015,2026-07-07 14:09:27.550427,2026-07-07 14:09:38.258580,0 days 00:00:10.708153,88.52100587544028,23,COMPLETE
2341,0.01618855547912057,0.466959310026396,2026-07-07 14:09:27.706472,2026-07-07 14:09:38.249037,0 days 00:00:10.542565,27.455058182142384,23,COMPLETE
2342,0.02476797272348652,0.46572131439487463,2026-07-07 14:09:27.864116,2026-07-07 14:09:38.247894,0 days 00:00:10.383778,98.30129006449287,23,COMPLETE
2343,0.01785467106872962,0.46680366367599435,2026-07-07 14:09:27.876213,2026-07-07 14:09:38.446503,0 days 00:00:10.570290,44.44547246971293,23,COMPLETE
2344,0.017992253650894574,0.4668726809344967,2026-07-07 14:09:28.038538,2026-07-07 14:09:39.649985,0 days 00:00:11.611447,34.94941682032759,23,COMPLETE
2345,0.02417927030279865,0.4657595431786917,2026-07-07 14:09:28.039560,2026-07-07 14:09:37.147323,0 days 00:00:09.107763,88.73320254284545,23,COMPLETE
2346,0.017513926882220587,0.46685147327821336,2026-07-07 14:09:28.040994,2026-07-07 14:09:37.925507,0 days 00:00:09.884513,24.29427911165182,23,COMPLETE
2347,0.02052697839251616,0.466228339932587,2026-07-07 14:09:28.042076,2026-07-07 14:09:37.915290,0 days 00:00:09.873214,73.31976313265224,23,COMPLETE
2348,0.013495730396666572,0.46754077187660575,2026-07-07 14:09:28.057867,2026-07-07 14:09:37.885071,0 days 00:00:09.827204,29.822463767954556,23,COMPLETE
2349,0.02408140848083473,0.465789332130745,2026-07-07 14:09:28.214270,2026-07-07 14:09:38.461026,0 days 00:00:10.246756,88.14073727731241,23,COMPLETE
2350,0.010312638271658237,0.46798294788125455,2026-07-07 14:09:28.214990,2026-07-07 14:09:39.160494,0 days 00:00:10.945504,11.975856109370241,23,COMPLETE
2351,0.019907570075048453,0.46625224853568437,2026-07-07 14:09:28.216993,2026-07-07 14:09:38.248489,0 days 00:00:10.031496,36.27284822966368,23,COMPLETE
2352,0.015526360491626978,0.46688288063760935,2026-07-07 14:09:28.218224,2026-07-07 14:09:39.660762,0 days 00:00:11.442538,4.297168872788956,23,COMPLETE
2353,0.01927126808069124,0.46654825269171796,2026-07-07 14:09:28.219008,2026-07-07 14:09:39.480697,0 days 00:00:11.261689,58.34662711626913,23,COMPLETE
2354,0.017778406778751754,0.46667261989141456,2026-07-07 14:09:28.220168,2026-07-07 14:09:38.458173,0 days 00:00:10.238005,57.52691198544405,23,COMPLETE
2355,0.020873239983595304,0.46623756738425054,2026-07-07 14:09:28.221499,2026-07-07 14:09:38.259971,0 days 00:00:10.038472,66.30146475173984,23,COMPLETE
2356,0.023594544428936437,0.46588629508402274,2026-07-07 14:09:28.849438,2026-07-07 14:09:38.474668,0 days 00:00:09.625230,86.91693586774561,23,COMPLETE
2357,0.02046892004385642,0.4662730783097841,2026-07-07 14:09:29.199964,2026-07-07 14:09:32.064003,0 days 00:00:02.864039,70.96426117290636,23,COMPLETE
2358,0.021471358317363576,0.46611232513670253,2026-07-07 14:09:29.205482,2026-07-07 14:09:38.267024,0 days 00:00:09.061542,78.67300039475184,23,COMPLETE
2359,0.015852639525750722,0.4669551483505783,2026-07-07 14:09:29.216071,2026-07-07 14:09:38.662513,0 days 00:00:09.446442,33.544448935620366,23,COMPLETE
2360,0.018840310497393098,0.4666824980938006,2026-07-07 14:09:29.228750,2026-07-07 14:09:38.267405,0 days 00:00:09.038655,51.185982982238905,23,COMPLETE
2361,0.015644374402997985,0.4671960534355972,2026-07-07 14:09:29.231602,2026-07-07 14:09:38.464915,0 days 00:00:09.233313,21.13490544647078,23,COMPLETE
2362,0.024440821534363277,0.4657588926934519,2026-07-07 14:09:29.233369,2026-07-07 14:09:34.078196,0 days 00:00:04.844827,99.56971288886452,23,COMPLETE
2363,0.025725101192081046,0.4645229811663978,2026-07-07 14:09:29.236319,2026-07-07 14:09:38.643881,0 days 00:00:09.407562,1.0578523443684182,23,COMPLETE
2364,0.024079087731722404,0.4657562889756406,2026-07-07 14:09:29.556499,2026-07-07 14:09:37.694830,0 days 00:00:08.138331,90.62525936654333,23,COMPLETE
2365,0.020442067150242493,0.4662467516932163,2026-07-07 14:09:30.542735,2026-07-07 14:09:41.601236,0 days 00:00:11.058501,73.49783686239414,23,COMPLETE
2366,0.01459913395979795,0.46734678971514887,2026-07-07 14:09:30.854339,2026-07-07 14:09:41.267401,0 days 00:00:10.413062,36.33650504112207,23,COMPLETE
2367,0.010299067395101724,0.46789653570656486,2026-07-07 14:09:31.010646,2026-07-07 14:09:38.840101,0 days 00:00:07.829455,18.573323679670647,23,COMPLETE
2368,0.01683647655140519,0.46688368449916334,2026-07-07 14:09:31.480849,2026-07-07 14:09:41.266737,0 days 00:00:09.785888,42.80071641052518,23,COMPLETE
2369,0.015004395264351933,0.4671685372368141,2026-07-07 14:09:31.640286,2026-07-07 14:09:40.786864,0 days 00:00:09.146578,34.14011282627228,23,COMPLETE
2370,0.019598573342968106,0.46597069952951264,2026-07-07 14:09:31.804779,2026-07-07 14:09:41.807067,0 days 00:00:10.002288,2.3780185315444418,23,COMPLETE
2371,0.022177844274337277,0.4654625205999812,2026-07-07 14:09:31.805770,2026-07-07 14:09:37.887102,0 days 00:00:06.081332,1.960752646826197,23,COMPLETE
2372,0.02417566353930717,0.4657617603325374,2026-07-07 14:09:31.850924,2026-07-07 14:09:44.339117,0 days 00:00:12.488193,88.62336125945822,23,COMPLETE
2373,0.0174702850551971,0.46691948734916244,2026-07-07 14:09:31.900238,2026-07-07 14:09:41.273965,0 days 00:00:09.373727,48.627711981991126,23,COMPLETE
2374,0.01700023551730301,0.46660128465390494,2026-07-07 14:09:32.428675,2026-07-07 14:09:42.174556,0 days 00:00:09.745881,2.4137046239347293,23,COMPLETE
2375,0.019971457896968192,0.46602075573808033,2026-07-07 14:09:32.595198,2026-07-07 14:09:38.459269,0 days 00:00:05.864071,2.19971795716717,23,COMPLETE
2376,0.02244587517397789,0.4660338611294725,2026-07-07 14:09:32.597224,2026-07-07 14:09:44.771927,0 days 00:00:12.174703,81.92063449671491,23,COMPLETE
2377,0.019401757304877032,0.46652998552122205,2026-07-07 14:09:32.599104,2026-07-07 14:09:44.435907,0 days 00:00:11.836803,49.63381085207025,23,COMPLETE
2378,0.018237283864848408,0.4667414763472948,2026-07-07 14:09:32.908766,2026-07-07 14:09:42.149762,0 days 00:00:09.240996,51.50426706450992,23,COMPLETE
2379,0.020764853711289333,0.4663034696392288,2026-07-07 14:09:32.910901,2026-07-07 14:09:42.182021,0 days 00:00:09.271120,61.461181499988385,23,COMPLETE
2380,0.013110421774480796,0.46761420397375497,2026-07-07 14:09:32.912034,2026-07-07 14:09:42.651523,0 days 00:00:09.739489,27.968655157077627,23,COMPLETE
2381,0.025404336395943306,0.4656453206519534,2026-07-07 14:09:32.912593,2026-07-07 14:09:38.454719,0 days 00:00:05.542126,95.15329626900134,23,COMPLETE
2382,0.021511819418576217,0.4661045244564722,2026-07-07 14:09:32.913640,2026-07-07 14:09:42.180117,0 days 00:00:09.266477,78.89550664472189,23,COMPLETE
2383,0.024727304469215117,0.46477211327066953,2026-07-07 14:09:32.915233,2026-07-07 14:09:42.165282,0 days 00:00:09.250049,1.8602647933079652,23,COMPLETE
2384,0.02462932079872371,0.46573988194563376,2026-07-07 14:09:32.916006,2026-07-07 14:09:42.167654,0 days 00:00:09.251648,98.6056587883074,23,COMPLETE
2385,0.0150856669526096,0.4671630883614184,2026-07-07 14:09:32.919329,2026-07-07 14:09:42.169865,0 days 00:00:09.250536,19.255856745036333,23,COMPLETE
2386,0.012229901276776922,0.4677923631792094,2026-07-07 14:09:32.920977,2026-07-07 14:09:41.776059,0 days 00:00:08.855082,4.396578200905412,23,COMPLETE
2387,0.017483869745856806,0.4669202650995339,2026-07-07 14:09:32.921931,2026-07-07 14:09:44.434501,0 days 00:00:11.512570,50.394507351493885,23,COMPLETE
2388,0.025363773537769307,0.4656485118015285,2026-07-07 14:09:32.932351,2026-07-07 14:09:43.761919,0 days 00:00:10.829568,96.14883445988417,23,COMPLETE
2389,0.02044711113115616,0.46632445288642965,2026-07-07 14:09:32.933433,2026-07-07 14:09:42.807918,0 days 00:00:09.874485,77.44207951697109,23,COMPLETE
2390,0.02530019605959094,0.46565550756862395,2026-07-07 14:09:33.090133,2026-07-07 14:09:44.437556,0 days 00:00:11.347423,96.45822223679119,23,COMPLETE
2391,0.008877038908058188,0.4686608084632636,2026-07-07 14:09:33.109059,2026-07-07 14:09:44.327191,0 days 00:00:11.218132,27.25260687275382,23,COMPLETE
2392,0.023307824988799408,0.4659592492796866,2026-07-07 14:09:33.441909,2026-07-07 14:09:44.436609,0 days 00:00:10.994700,85.97516436097604,23,COMPLETE
2393,0.024219638110454578,0.46574127298177104,2026-07-07 14:09:34.078064,2026-07-07 14:09:44.329873,0 days 00:00:10.251809,89.83011430589696,23,COMPLETE
2394,0.017105591465082337,0.4669163082600826,2026-07-07 14:09:35.480622,2026-07-07 14:09:44.392763,0 days 00:00:08.912141,46.7986575336008,23,COMPLETE
2395,0.015364600311621401,0.46709469012081845,2026-07-07 14:09:35.828004,2026-07-07 14:09:44.428376,0 days 00:00:08.600372,28.71443177407886,23,COMPLETE
2396,0.019499292957474434,0.46617368439859735,2026-07-07 14:09:35.829906,2026-07-07 14:09:44.397611,0 days 00:00:08.567705,1.9078091378813828,23,COMPLETE
2397,0.024134267128965214,0.4657748078784574,2026-07-07 14:09:37.872998,2026-07-07 14:09:47.588860,0 days 00:00:09.715862,88.32986368201105,23,COMPLETE
2398,0.017946255391408927,0.46667310197041834,2026-07-07 14:09:37.920650,2026-07-07 14:09:46.753448,0 days 00:00:08.832798,45.35011745046402,23,COMPLETE
2399,0.009471397899894707,0.4681052862135497,2026-07-07 14:09:38.446756,2026-07-07 14:09:46.742362,0 days 00:00:08.295606,11.942731569991116,23,COMPLETE
2400,0.019332234433809714,0.46641174738773666,2026-07-07 14:09:38.468407,2026-07-07 14:09:42.174313,0 days 00:00:03.705906,74.70063750110629,23,COMPLETE
2401,0.024415928439915024,0.4657622873895606,2026-07-07 14:09:38.469523,2026-07-07 14:09:50.036093,0 days 00:00:11.566570,99.73130507634141,23,COMPLETE
2402,0.01851766857263315,0.46669067561063227,2026-07-07 14:09:38.638047,2026-07-07 14:09:46.752840,0 days 00:00:08.114793,41.00816503010974,23,COMPLETE
2403,0.019642987533047607,0.4665134085043779,2026-07-07 14:09:38.662328,2026-07-07 14:09:50.036269,0 days 00:00:11.373941,49.6653937613381,23,COMPLETE
2404,0.017372350554171023,0.4667092063940351,2026-07-07 14:09:38.667179,2026-07-07 14:09:47.765614,0 days 00:00:09.098435,26.183879072660144,23,COMPLETE
2405,0.025357228024567524,0.46564920012712563,2026-07-07 14:09:38.668327,2026-07-07 14:09:50.242953,0 days 00:00:11.574626,96.18596719175811,23,COMPLETE
2406,0.022119513916664946,0.46605143313681485,2026-07-07 14:09:38.669954,2026-07-07 14:09:44.611279,0 days 00:00:05.941325,64.9273400654913,23,COMPLETE
2407,0.018548279435450676,0.46674793083009003,2026-07-07 14:09:38.671761,2026-07-07 14:09:52.017251,0 days 00:00:13.345490,49.60628326684242,23,COMPLETE
2408,0.020755088472729055,0.466231167183067,2026-07-07 14:09:38.995521,2026-07-07 14:09:51.603650,0 days 00:00:12.608129,41.987312281966545,23,COMPLETE
2409,0.019967873556838767,0.4662910296964033,2026-07-07 14:09:39.151656,2026-07-07 14:09:44.604489,0 days 00:00:05.452833,76.21561438040341,23,COMPLETE
2410,0.01604153934857938,0.46695935982120934,2026-07-07 14:09:39.152986,2026-07-07 14:09:46.403259,0 days 00:00:07.250273,27.533962516974253,23,COMPLETE
2411,0.012045942482766692,0.467698979491325,2026-07-07 14:09:39.153420,2026-07-07 14:09:50.305242,0 days 00:00:11.151822,18.152332602281234,23,COMPLETE
2412,0.018940224593516297,0.4665804388859832,2026-07-07 14:09:39.154492,2026-07-07 14:09:50.969626,0 days 00:00:11.815134,51.255132156083334,23,COMPLETE
2413,0.01756389492155469,0.46683222583572137,2026-07-07 14:09:39.156339,2026-07-07 14:09:46.747044,0 days 00:00:07.590705,26.447426269860927,23,COMPLETE
2414,0.018214875645580997,0.46673977108111886,2026-07-07 14:09:39.162157,2026-07-07 14:09:50.053956,0 days 00:00:10.891799,23.25190500650834,23,COMPLETE
2415,0.017500698018050653,0.4668017409115254,2026-07-07 14:09:39.318146,2026-07-07 14:09:47.230274,0 days 00:00:07.912128,54.82770421823754,23,COMPLETE
2416,0.01761526479716896,0.46683155608857624,2026-07-07 14:09:39.318941,2026-07-07 14:09:52.174972,0 days 00:00:12.856031,26.294176838646752,23,COMPLETE
2417,0.017457401432216302,0.466806350770302,2026-07-07 14:09:39.319357,2026-07-07 14:09:44.396944,0 days 00:00:05.077587,40.0890748167441,23,COMPLETE
2418,0.021783113414486466,0.4660878519708928,2026-07-07 14:09:39.321466,2026-07-07 14:09:50.973407,0 days 00:00:11.651941,65.88572238197824,23,COMPLETE
2419,0.017706388568186793,0.4668093411956885,2026-07-07 14:09:39.478992,2026-07-07 14:09:50.038706,0 days 00:00:10.559714,47.9751572642503,23,COMPLETE
2420,0.015384034087131904,0.467281637389487,2026-07-07 14:09:39.484855,2026-07-07 14:09:50.232821,0 days 00:00:10.747966,25.712492442148367,23,COMPLETE
2421,0.015326391102777837,0.46718200976753876,2026-07-07 14:09:39.648136,2026-07-07 14:09:47.767909,0 days 00:00:08.119773,27.181898165004583,23,COMPLETE
2422,0.01702465283577559,0.466931272059996,2026-07-07 14:09:39.652978,2026-07-07 14:09:51.997220,0 days 00:00:12.344242,48.382632539696935,23,COMPLETE
2423,0.020795174455903898,0.46625649754227017,2026-07-07 14:09:39.817684,2026-07-07 14:09:51.620599,0 days 00:00:11.802915,76.94082076153845,23,COMPLETE
2424,0.013995273447453549,0.4674004675408755,2026-07-07 14:09:40.441904,2026-07-07 14:09:53.364292,0 days 00:00:12.922388,32.4723453211232,23,COMPLETE
2425,0.014573272682010474,0.46739359539430386,2026-07-07 14:09:40.443655,2026-07-07 14:09:50.957678,0 days 00:00:10.514023,24.453128532406687,23,COMPLETE
2426,0.01807412741308917,0.4661044105457108,2026-07-07 14:09:40.444836,2026-07-07 14:09:48.708236,0 days 00:00:08.263400,2.9865828142563395,23,COMPLETE
2427,0.018024648125078147,0.46678038024965257,2026-07-07 14:09:40.447427,2026-07-07 14:09:50.294504,0 days 00:00:09.847077,49.327572498198194,23,COMPLETE
2428,0.016757036133075887,0.467163009140185,2026-07-07 14:09:40.448841,2026-07-07 14:09:50.313855,0 days 00:00:09.865014,43.59063291060587,23,COMPLETE
2429,0.011294207502430598,0.46783965879870937,2026-07-07 14:09:40.452666,2026-07-07 14:09:44.433978,0 days 00:00:03.981312,14.557919020880725,23,COMPLETE
2430,0.014276518092998569,0.46766805156708136,2026-07-07 14:09:41.254636,2026-07-07 14:09:46.397099,0 days 00:00:05.142463,25.15062755999988,23,COMPLETE
2431,0.01494374656092795,0.46724238018674813,2026-07-07 14:09:41.258228,2026-07-07 14:09:52.555052,0 days 00:00:11.296824,26.81473686406077,23,COMPLETE
2432,0.015375265266583338,0.4672695655972342,2026-07-07 14:09:41.974599,2026-07-07 14:09:52.186369,0 days 00:00:10.211770,28.897122905390624,23,COMPLETE
2433,0.014881911234000567,0.4673827375371041,2026-07-07 14:09:42.649726,2026-07-07 14:09:54.344153,0 days 00:00:11.694427,36.586724001243,23,COMPLETE
2434,0.0203433099999199,0.4663286348538382,2026-07-07 14:09:42.807643,2026-07-07 14:09:52.518027,0 days 00:00:09.710384,66.93802957421377,23,COMPLETE
2435,0.019113478987210886,0.46649312347008376,2026-07-07 14:09:42.810492,2026-07-07 14:09:52.200552,0 days 00:00:09.390060,56.397329574920526,23,COMPLETE
2436,0.024076245513860783,0.4657907132032624,2026-07-07 14:09:42.971656,2026-07-07 14:09:53.183555,0 days 00:00:10.211899,88.12608771931345,23,COMPLETE
2437,0.022201877351957444,0.46602868934871156,2026-07-07 14:09:43.595279,2026-07-07 14:09:47.232479,0 days 00:00:03.637200,65.22730077028248,23,COMPLETE
2438,0.01732808013946674,0.46696376766801306,2026-07-07 14:09:43.759438,2026-07-07 14:09:53.204857,0 days 00:00:09.445419,42.55709521317274,23,COMPLETE
2439,0.02540985238974036,0.46564434359396034,2026-07-07 14:09:43.769489,2026-07-07 14:09:53.366899,0 days 00:00:09.597410,95.76225390062805,24,COMPLETE
2440,0.02154777722100404,0.46568225214103276,2026-07-07 14:09:44.099474,2026-07-07 14:09:51.802813,0 days 00:00:07.703339,2.0171301337857663,24,COMPLETE
2441,0.024430504251766016,0.4657601905926611,2026-07-07 14:09:44.279061,2026-07-07 14:09:52.012014,0 days 00:00:07.732953,99.64818099870037,24,COMPLETE
2442,0.02306262980868462,0.4659957827195484,2026-07-07 14:09:44.286599,2026-07-07 14:09:55.900971,0 days 00:00:11.614372,84.86984958648034,24,COMPLETE
2443,-0.06045444412393319,0.4845847805871226,2026-07-07 14:09:44.294426,2026-07-07 14:09:48.232546,0 days 00:00:03.938120,4.518048721939549,24,COMPLETE
2444,0.011206016018987963,0.4676109968936163,2026-07-07 14:09:44.313652,2026-07-07 14:09:50.955354,0 days 00:00:06.641702,9.211398888725476,24,COMPLETE
2445,0.017310748560997125,0.46699761724168287,2026-07-07 14:09:44.367437,2026-07-07 14:09:55.380987,0 days 00:00:11.013550,46.001418645446336,24,COMPLETE
2446,0.020574963464906726,0.4663149908011817,2026-07-07 14:09:44.369466,2026-07-07 14:09:51.447088,0 days 00:00:07.077622,77.45906642483133,24,COMPLETE
2447,0.022775091261015845,0.46600910387285,2026-07-07 14:09:44.375808,2026-07-07 14:09:55.928481,0 days 00:00:11.552673,83.00430389904105,24,COMPLETE
2448,0.005386948010032311,0.46894559710339456,2026-07-07 14:09:44.380085,2026-07-07 14:09:52.540627,0 days 00:00:08.160542,13.400310675702999,24,COMPLETE
2449,0.017696706061022027,0.46675689055268443,2026-07-07 14:09:44.437985,2026-07-07 14:09:55.193429,0 days 00:00:10.755444,55.00658401713496,24,COMPLETE
2450,0.009387528502375564,0.4682035474231821,2026-07-07 14:09:44.440429,2026-07-07 14:09:55.928717,0 days 00:00:11.488288,14.227345417915402,24,COMPLETE
2451,0.015909104172498578,0.46708313011092295,2026-07-07 14:09:44.599612,2026-07-07 14:09:56.108338,0 days 00:00:11.508726,38.73135429588299,24,COMPLETE
2452,0.010698268578084646,0.46814423815707046,2026-07-07 14:09:44.605455,2026-07-07 14:09:50.228400,0 days 00:00:05.622945,26.583916298858654,24,COMPLETE
2453,0.021149024101948743,0.466219795924063,2026-07-07 14:09:44.607057,2026-07-07 14:09:50.265085,0 days 00:00:05.658028,77.55950791543665,24,COMPLETE
2454,0.019113751767367237,0.46674079888400716,2026-07-07 14:09:44.611485,2026-07-07 14:09:50.284431,0 days 00:00:05.672946,58.99171122492545,24,COMPLETE
2455,0.014859772081406153,0.46729883947367207,2026-07-07 14:09:44.771727,2026-07-07 14:09:55.910587,0 days 00:00:11.138860,32.668559574339135,24,COMPLETE
2456,0.019329137867281132,0.4665422300905461,2026-07-07 14:09:44.773623,2026-07-07 14:09:55.915039,0 days 00:00:11.141416,49.63279781487165,24,COMPLETE
2457,0.024725636134316054,0.4657270952182289,2026-07-07 14:09:44.774536,2026-07-07 14:09:55.547088,0 days 00:00:10.772552,98.3854476439605,24,COMPLETE
2458,0.017501529708346453,0.4669195888749357,2026-07-07 14:09:44.774741,2026-07-07 14:09:56.615796,0 days 00:00:11.841055,39.016320829947425,24,COMPLETE
2459,0.009430620326689454,0.46831517781973775,2026-07-07 14:09:44.776257,2026-07-07 14:09:56.291513,0 days 00:00:11.515256,35.272189076440746,24,COMPLETE
2460,0.0069918454892551885,0.468804251515346,2026-07-07 14:09:44.777054,2026-07-07 14:09:56.269201,0 days 00:00:11.492147,12.275970929767032,24,COMPLETE
2461,0.018118659235249857,0.46670315796607553,2026-07-07 14:09:44.778016,2026-07-07 14:09:52.201382,0 days 00:00:07.423366,54.297408117775426,24,COMPLETE
2462,0.025413817757245827,0.46564415523574876,2026-07-07 14:09:45.242715,2026-07-07 14:09:55.554530,0 days 00:00:10.311815,95.68718776512407,24,COMPLETE
2463,0.016706651530011052,0.4669418033207929,2026-07-07 14:09:45.246583,2026-07-07 14:09:57.114468,0 days 00:00:11.867885,37.76963977190722,24,COMPLETE
2464,0.009979157099896108,0.46810817489468437,2026-07-07 14:09:45.403252,2026-07-07 14:09:56.093502,0 days 00:00:10.690250,15.602346460867384,24,COMPLETE
2465,0.011798430781742475,0.46761422282560916,2026-07-07 14:09:45.714337,2026-07-07 14:10:01.945656,0 days 00:00:16.231319,9.30290713647446,24,COMPLETE
2466,0.01974548779677171,0.466318689845005,2026-07-07 14:09:47.413738,2026-07-07 14:09:56.615481,0 days 00:00:09.201743,75.38159271642698,24,COMPLETE
2467,0.021717606327974148,0.4661128034933047,2026-07-07 14:09:47.581564,2026-07-07 14:10:00.116750,0 days 00:00:12.535186,68.5520004596803,24,COMPLETE
2468,0.015132720147165823,0.4673928053645071,2026-07-07 14:09:48.707762,2026-07-07 14:09:56.953152,0 days 00:00:08.245390,24.74575559198765,24,COMPLETE
2469,0.0059903548157146935,0.4688291164351118,2026-07-07 14:09:48.710508,2026-07-07 14:09:59.277433,0 days 00:00:10.566925,5.25722109972864,24,COMPLETE
2470,0.16269560135761868,0.44546572229952724,2026-07-07 14:09:48.714288,2026-07-07 14:09:58.467942,0 days 00:00:09.753654,0.26110599619619274,24,COMPLETE
2471,0.020988273901831944,0.46623761622941867,2026-07-07 14:09:48.754005,2026-07-07 14:09:59.289820,0 days 00:00:10.535815,61.0027714109485,24,COMPLETE
2472,0.01238900888071559,0.4676840902307998,2026-07-07 14:09:48.756424,2026-07-07 14:10:00.602150,0 days 00:00:11.845726,6.1387212312609805,24,COMPLETE
2473,0.021050079160331747,0.4661920940075367,2026-07-07 14:09:49.236577,2026-07-07 14:09:59.790772,0 days 00:00:10.554195,60.24154178444088,24,COMPLETE
2474,0.01570700791601226,0.46682670634476975,2026-07-07 14:09:50.062369,2026-07-07 14:10:02.384994,0 days 00:00:12.322625,8.05319494923287,24,COMPLETE
2475,0.02457856429808447,0.4657097919502216,2026-07-07 14:09:50.248737,2026-07-07 14:10:02.959606,0 days 00:00:12.710869,91.44545368460008,24,COMPLETE
2476,0.01935540428369431,0.46642253387998506,2026-07-07 14:09:50.252833,2026-07-07 14:10:02.946759,0 days 00:00:12.693926,57.86093319606504,24,COMPLETE
2477,0.020785303850452408,0.46625724881378733,2026-07-07 14:09:50.278328,2026-07-07 14:10:01.954358,0 days 00:00:11.676030,76.91816297143072,24,COMPLETE
2478,0.015469352470932951,0.46736269152865045,2026-07-07 14:09:50.289829,2026-07-07 14:10:03.475629,0 days 00:00:13.185800,20.77180285424036,24,COMPLETE
2479,0.016990211971255942,0.4670075032996096,2026-07-07 14:09:51.605224,2026-07-07 14:10:02.388044,0 days 00:00:10.782820,51.65202102166618,24,COMPLETE
2480,0.020534493258430264,0.4662522554781785,2026-07-07 14:09:51.621495,2026-07-07 14:09:58.246371,0 days 00:00:06.624876,71.89815091950973,24,COMPLETE
2481,0.013295606200463939,0.467644222909946,2026-07-07 14:09:51.624856,2026-07-07 14:10:01.449305,0 days 00:00:09.824449,24.862033661634907,24,COMPLETE
2482,0.020592965736788982,0.466218156060317,2026-07-07 14:09:51.783912,2026-07-07 14:10:05.479713,0 days 00:00:13.695801,73.07425872380334,24,COMPLETE
2483,0.01839553989817755,0.4662729756593335,2026-07-07 14:09:51.972118,2026-07-07 14:10:02.194912,0 days 00:00:10.222794,3.3743776260777896,24,COMPLETE
2484,0.02008473862763377,0.46648884730085205,2026-07-07 14:09:51.997602,2026-07-07 14:09:58.961352,0 days 00:00:06.963750,60.90578676224756,24,COMPLETE
2485,0.025418346139724157,0.46564372182149527,2026-07-07 14:09:52.008596,2026-07-07 14:10:02.181972,0 days 00:00:10.173376,95.53409464554493,24,COMPLETE
2486,0.020454701668936592,0.46649909052516725,2026-07-07 14:09:52.180319,2026-07-07 14:10:02.584513,0 days 00:00:10.404194,62.78462931462021,24,COMPLETE
2487,0.00961962269716199,0.4685433356398406,2026-07-07 14:09:52.188222,2026-07-07 14:09:56.267286,0 days 00:00:04.079064,4.200871815211541,24,COMPLETE
2488,0.020421717741174072,0.4662586245815987,2026-07-07 14:09:52.189355,2026-07-07 14:10:02.127786,0 days 00:00:09.938431,55.874825416395446,24,COMPLETE
2489,0.016471015068496297,0.4670378266489235,2026-07-07 14:09:52.192044,2026-07-07 14:10:02.564420,0 days 00:00:10.372376,44.81345893011826,24,COMPLETE
2490,0.02296359426406208,0.46599646301027836,2026-07-07 14:09:52.193383,2026-07-07 14:10:02.194809,0 days 00:00:10.001426,84.17007742194563,24,COMPLETE
2491,0.013525578163555707,0.4672692221534825,2026-07-07 14:09:52.518618,2026-07-07 14:10:02.390432,0 days 00:00:09.871814,9.082109495295198,24,COMPLETE
2492,0.024079738910327775,0.46575588775712706,2026-07-07 14:09:52.519009,2026-07-07 14:10:03.461450,0 days 00:00:10.942441,90.62140956259186,24,COMPLETE
2493,0.025418371780828508,0.4656437156801202,2026-07-07 14:09:52.527100,2026-07-07 14:10:00.440160,0 days 00:00:07.913060,95.53281801136713,24,COMPLETE
2494,0.02510687273432255,0.46568031845480273,2026-07-07 14:09:52.528500,2026-07-07 14:09:59.285033,0 days 00:00:06.756533,97.29568630236265,24,COMPLETE
2495,0.01784710365585518,0.46679166341924827,2026-07-07 14:09:52.530694,2026-07-07 14:10:02.228370,0 days 00:00:09.697676,48.52625577132629,24,COMPLETE
2496,0.02478535645978397,0.4657189298384622,2026-07-07 14:09:52.532262,2026-07-07 14:09:55.917657,0 days 00:00:03.385395,98.26815193641404,24,COMPLETE
2497,0.016056652861280996,0.46723088790822287,2026-07-07 14:09:52.535594,2026-07-07 14:10:02.390762,0 days 00:00:09.855168,48.08566766815089,24,COMPLETE
2498,0.020023967728316605,0.4664302854738176,2026-07-07 14:09:52.540462,2026-07-07 14:10:03.139726,0 days 00:00:10.599264,55.63794561419653,24,COMPLETE
2499,0.008964245654379088,0.46839461530696813,2026-07-07 14:09:52.544658,2026-07-07 14:09:58.449462,0 days 00:00:05.904804,31.592810703005153,24,COMPLETE
2500,0.02328991203478581,0.4659640592209779,2026-07-07 14:09:52.549603,2026-07-07 14:09:56.616947,0 days 00:00:04.067344,85.88488856142791,24,COMPLETE
2501,0.01601202937203422,0.46708409714442223,2026-07-07 14:09:52.554369,2026-07-07 14:10:03.457157,0 days 00:00:10.902788,28.238100725657144,24,COMPLETE
2502,0.023103592821503427,0.46598999102757205,2026-07-07 14:09:52.555224,2026-07-07 14:10:03.479257,0 days 00:00:10.924033,85.0198430168329,24,COMPLETE
2503,0.02509292341591024,0.465682332913585,2026-07-07 14:09:52.871309,2026-07-07 14:10:03.831987,0 days 00:00:10.960678,97.39793777741642,24,COMPLETE
2504,0.013167032475005225,0.4673914619327484,2026-07-07 14:09:53.367259,2026-07-07 14:10:08.385414,0 days 00:00:15.018155,6.169148073058627,24,COMPLETE
2505,0.02011616505992636,0.46560983719993587,2026-07-07 14:09:53.528390,2026-07-07 14:09:58.801881,0 days 00:00:05.273491,3.790735613225646,24,COMPLETE
2506,0.014348363675812437,0.4670213195166697,2026-07-07 14:09:53.839997,2026-07-07 14:10:03.120882,0 days 00:00:09.280885,8.85370736960542,24,COMPLETE
2507,0.022978180858320374,0.4660017756011143,2026-07-07 14:09:54.337469,2026-07-07 14:10:03.990728,0 days 00:00:09.653259,84.4426173229338,24,COMPLETE
2508,0.013108775250150972,0.46752480767176186,2026-07-07 14:09:54.527558,2026-07-07 14:10:03.127914,0 days 00:00:08.600356,5.418128275877228,24,COMPLETE
2509,0.0235071991591439,0.4659084378332965,2026-07-07 14:09:54.534047,2026-07-07 14:10:00.770426,0 days 00:00:06.236379,86.67431961589719,24,COMPLETE
2510,0.013623027568390234,0.4674629804220158,2026-07-07 14:09:55.366538,2026-07-07 14:10:03.643828,0 days 00:00:08.277290,30.30836202247829,24,COMPLETE
2511,0.021431044264405397,0.4661520457323622,2026-07-07 14:09:55.567792,2026-07-07 14:09:58.460975,0 days 00:00:02.893183,79.61649826941286,24,COMPLETE
2512,0.016598842268493952,0.4666470575517925,2026-07-07 14:09:55.918522,2026-07-07 14:10:03.139479,0 days 00:00:07.220957,5.422403969094152,24,COMPLETE
2513,0.020585107746985076,0.4662191907908195,2026-07-07 14:09:56.086327,2026-07-07 14:10:02.957440,0 days 00:00:06.871113,73.0985727599983,24,COMPLETE
2514,0.015428277351040076,0.4671741563687019,2026-07-07 14:09:56.104195,2026-07-07 14:10:06.675265,0 days 00:00:10.571070,28.02860085841722,24,COMPLETE
2515,0.016965091133144983,0.4669255082402898,2026-07-07 14:09:56.282168,2026-07-07 14:10:06.135165,0 days 00:00:09.852997,53.03245515150516,24,COMPLETE
2516,0.017334926941863005,0.4669415743556235,2026-07-07 14:09:56.288762,2026-07-07 14:10:06.344103,0 days 00:00:10.055341,48.5083726964158,24,COMPLETE
2517,0.02113666174957629,0.4663715838650007,2026-07-07 14:09:56.290292,2026-07-07 14:10:05.488233,0 days 00:00:09.197941,63.6576888426261,24,COMPLETE
2518,0.017040234645668395,0.4670640199829593,2026-07-07 14:09:56.294296,2026-07-07 14:10:06.345724,0 days 00:00:10.051428,46.240834513406604,24,COMPLETE
2519,0.02140614137201674,0.46628610141093124,2026-07-07 14:09:56.615703,2026-07-07 14:10:05.822910,0 days 00:00:09.207207,63.93745961148499,24,COMPLETE
2520,0.016594526469932536,0.4669023692409763,2026-07-07 14:09:56.617866,2026-07-07 14:10:07.045457,0 days 00:00:10.427591,41.654512196271334,24,COMPLETE
2521,0.017266272566700658,0.4669283786866968,2026-07-07 14:09:56.620190,2026-07-07 14:10:08.389693,0 days 00:00:11.769503,47.264135393007955,24,COMPLETE
2522,0.014499865174009974,0.4673559931252726,2026-07-07 14:09:56.777482,2026-07-07 14:10:06.842567,0 days 00:00:10.065085,27.729889085524352,24,COMPLETE
2523,0.01814120632991445,0.4667002919688076,2026-07-07 14:09:56.783610,2026-07-07 14:10:04.786266,0 days 00:00:08.002656,45.39196571869974,24,COMPLETE
2524,0.023332518439643735,0.465952191454042,2026-07-07 14:09:56.796315,2026-07-07 14:10:11.099471,0 days 00:00:14.303156,86.08599044927723,24,COMPLETE
2525,0.00850016417975813,0.46845252063023446,2026-07-07 14:09:57.107971,2026-07-07 14:10:03.823202,0 days 00:00:06.715231,31.88653725540539,24,COMPLETE
2526,0.019500874253091605,0.4663355129340206,2026-07-07 14:09:57.112819,2026-07-07 14:10:05.313730,0 days 00:00:08.200911,35.68778977021751,24,COMPLETE
2527,0.020758923845331123,0.46628590839927614,2026-07-07 14:09:57.116160,2026-07-07 14:10:06.510640,0 days 00:00:09.394480,77.48191855658195,24,COMPLETE
2528,0.01601349756633924,0.46690956950474316,2026-07-07 14:09:57.743068,2026-07-07 14:10:07.023636,0 days 00:00:09.280568,25.547919215034494,24,COMPLETE
2529,0.009738415928160382,0.46804386669454356,2026-07-07 14:09:58.075007,2026-07-07 14:10:08.567788,0 days 00:00:10.492781,17.553615781147226,24,COMPLETE
2530,0.014179602149655524,0.46752963332208947,2026-07-07 14:09:58.076693,2026-07-07 14:10:07.540653,0 days 00:00:09.463960,21.92828618019078,24,COMPLETE
2531,0.01335534425792978,0.46743493993566837,2026-07-07 14:09:58.247128,2026-07-07 14:10:09.084890,0 days 00:00:10.837762,16.84716305462542,24,COMPLETE
2532,0.02061560335623147,0.46621515176337874,2026-07-07 14:09:58.472361,2026-07-07 14:10:09.416699,0 days 00:00:10.944338,72.95517518289603,24,COMPLETE
2533,0.022541387811852442,0.46602283679542306,2026-07-07 14:09:59.609826,2026-07-07 14:10:13.402152,0 days 00:00:13.792326,82.096218917107,24,COMPLETE
2534,0.009776556441444317,0.46808908044751124,2026-07-07 14:09:59.789366,2026-07-07 14:10:09.080821,0 days 00:00:09.291455,9.48525141130446,24,COMPLETE
2535,0.022343370496543058,0.46596567113065385,2026-07-07 14:10:00.114149,2026-07-07 14:10:08.733818,0 days 00:00:08.619669,69.80530307634876,24,COMPLETE
2536,0.020520894969881298,0.46627523761572687,2026-07-07 14:10:00.429667,2026-07-07 14:10:07.702355,0 days 00:00:07.272688,70.80997076511701,24,COMPLETE
2537,0.017170448180980014,0.46701141013181724,2026-07-07 14:10:00.436513,2026-07-07 14:10:09.085686,0 days 00:00:08.649173,47.323247864265284,24,COMPLETE
2538,0.02444899050175564,0.46575817212255666,2026-07-07 14:10:00.959721,2026-07-07 14:10:08.376582,0 days 00:00:07.416861,99.4814929075316,24,COMPLETE
2539,0.02444290773532448,0.4657586714576412,2026-07-07 14:10:01.281390,2026-07-07 14:10:09.061717,0 days 00:00:07.780327,99.55007022596278,24,COMPLETE
2540,0.021586300427684058,0.46612498122111584,2026-07-07 14:10:01.289373,2026-07-07 14:10:10.092295,0 days 00:00:08.802922,65.99068128724204,24,COMPLETE
2541,0.010328443094324902,0.46791969236757963,2026-07-07 14:10:01.293250,2026-07-07 14:10:09.770253,0 days 00:00:08.477003,2.9609538010783765,24,COMPLETE
2542,0.0059177451805143555,0.4687318363342999,2026-07-07 14:10:01.455505,2026-07-07 14:10:08.021331,0 days 00:00:06.565826,9.924166374050964,24,COMPLETE
2543,0.025100845231940394,0.4656786786448858,2026-07-07 14:10:02.129414,2026-07-07 14:10:11.586372,0 days 00:00:09.456958,93.63460607553569,24,COMPLETE
2544,0.015858248625316484,0.46731985598646403,2026-07-07 14:10:02.135865,2026-07-07 14:10:09.076967,0 days 00:00:06.941102,47.460727687912154,24,COMPLETE
2545,0.01667942296464664,0.46690925173990355,2026-07-07 14:10:02.165334,2026-07-07 14:10:12.558684,0 days 00:00:10.393350,38.698696450557215,24,COMPLETE
2546,0.012468507886473634,0.46784268548700103,2026-07-07 14:10:02.176041,2026-07-07 14:10:10.901965,0 days 00:00:08.725924,3.7023943280405613,24,COMPLETE
2547,0.02418117179446677,0.4657438920187206,2026-07-07 14:10:02.199034,2026-07-07 14:10:13.233159,0 days 00:00:11.034125,90.18467129514252,25,COMPLETE
2548,0.018601712327514175,0.466641918956114,2026-07-07 14:10:02.216274,2026-07-07 14:10:10.734219,0 days 00:00:08.517945,45.746613250823664,25,COMPLETE
2549,0.0215672107939594,0.466139999044272,2026-07-07 14:10:02.632882,2026-07-07 14:10:08.030277,0 days 00:00:05.397395,80.23534517367445,25,COMPLETE
2550,0.021040134352415973,0.46619499408192466,2026-07-07 14:10:03.119289,2026-07-07 14:10:07.542523,0 days 00:00:04.423234,70.53501613237349,25,COMPLETE
2551,0.013256718422166025,0.4674814754049014,2026-07-07 14:10:03.453427,2026-07-07 14:10:11.272783,0 days 00:00:07.819356,17.760691537715704,25,COMPLETE
2552,0.007143750176769548,0.46887540824406615,2026-07-07 14:10:03.457900,2026-07-07 14:10:14.293078,0 days 00:00:10.835178,7.431783135654999,25,COMPLETE
2553,0.019076705346729894,0.4667164743475749,2026-07-07 14:10:03.461667,2026-07-07 14:10:13.618720,0 days 00:00:10.157053,45.637065804625394,25,COMPLETE
2554,0.024565954089922903,0.4657477759017541,2026-07-07 14:10:03.476605,2026-07-07 14:10:09.764257,0 days 00:00:06.287652,98.7861704906528,25,COMPLETE
2555,0.020483903817791416,0.4662933373348065,2026-07-07 14:10:03.484012,2026-07-07 14:10:13.609939,0 days 00:00:10.125927,76.66204934909784,25,COMPLETE
2556,0.01930973682515963,0.4664150370619984,2026-07-07 14:10:03.639808,2026-07-07 14:10:10.922230,0 days 00:00:07.282422,74.63218488278807,25,COMPLETE
2557,0.01659148097016644,0.46712912599025475,2026-07-07 14:10:03.640044,2026-07-07 14:10:12.554698,0 days 00:00:08.914654,35.32207686907443,25,COMPLETE
2558,0.022135737413500278,0.4660012899053504,2026-07-07 14:10:03.644008,2026-07-07 14:10:12.571705,0 days 00:00:08.927697,70.02948582293621,25,COMPLETE
2559,0.01532664877051687,0.46720180194883815,2026-07-07 14:10:03.645522,2026-07-07 14:10:16.345026,0 days 00:00:12.699504,52.573809102974586,25,COMPLETE
2560,0.01736549021774958,0.46703226771728623,2026-07-07 14:10:03.646781,2026-07-07 14:10:13.581422,0 days 00:00:09.934641,48.981614279941425,25,COMPLETE
2561,0.023388502107872522,0.4659376231166311,2026-07-07 14:10:03.649092,2026-07-07 14:10:14.475399,0 days 00:00:10.826307,86.27133093742911,25,COMPLETE
2562,0.01837554812263842,0.4666543849908011,2026-07-07 14:10:03.815684,2026-07-07 14:10:13.232448,0 days 00:00:09.416764,55.251442323536935,25,COMPLETE
2563,0.01796270637561298,0.4667527074841738,2026-07-07 14:10:03.823544,2026-07-07 14:10:13.790682,0 days 00:00:09.967138,25.616392584961368,25,COMPLETE
2564,0.021908521225761257,0.46606776812504935,2026-07-07 14:10:03.827053,2026-07-07 14:10:16.169964,0 days 00:00:12.342911,65.79501854559615,25,COMPLETE
2565,0.012967915892852955,0.46742774341549226,2026-07-07 14:10:03.832492,2026-07-07 14:10:13.969253,0 days 00:00:10.136761,18.976552255594058,25,COMPLETE
2566,0.01916231141584107,0.4665231132723695,2026-07-07 14:10:03.992061,2026-07-07 14:10:13.961157,0 days 00:00:09.969096,55.32886776165395,25,COMPLETE
2567,0.0029155411145264654,0.4686403984987055,2026-07-07 14:10:04.457106,2026-07-07 14:10:14.954669,0 days 00:00:10.497563,6.850155286871582,25,COMPLETE
2568,0.021766546325500957,0.4660660661754428,2026-07-07 14:10:04.611661,2026-07-07 14:10:09.085141,0 days 00:00:04.473480,70.2234847139467,25,COMPLETE
2569,0.013832762663338272,0.46719713796331935,2026-07-07 14:10:04.768774,2026-07-07 14:10:13.599339,0 days 00:00:08.830565,9.145590217659011,25,COMPLETE
2570,0.020616118131290107,0.4662272748507952,2026-07-07 14:10:04.773615,2026-07-07 14:10:19.420584,0 days 00:00:14.646969,72.88272370087297,25,COMPLETE
2571,0.020613328555233623,0.4662153674433822,2026-07-07 14:10:04.789380,2026-07-07 14:10:14.292450,0 days 00:00:09.503070,72.95781215421559,25,COMPLETE
2572,0.022820601637788318,0.46600370474068276,2026-07-07 14:10:04.949559,2026-07-07 14:10:17.498810,0 days 00:00:12.549251,83.20480176797444,25,COMPLETE
2573,0.020693771314229947,0.4662840474866456,2026-07-07 14:10:05.297242,2026-07-07 14:10:10.260619,0 days 00:00:04.963377,67.66340579065161,25,COMPLETE
2574,0.022088598830573847,0.466044190762463,2026-07-07 14:10:05.316866,2026-07-07 14:10:15.981781,0 days 00:00:10.664915,68.95985490435636,25,COMPLETE
2575,0.008426382897426421,0.46836561969339857,2026-07-07 14:10:05.480266,2026-07-07 14:10:15.977421,0 days 00:00:10.497155,16.277280793635995,25,COMPLETE
2576,0.02215161267470611,0.4660364815342189,2026-07-07 14:10:05.805771,2026-07-07 14:10:17.010540,0 days 00:00:11.204769,65.12787794272505,25,COMPLETE
2577,0.025302807332728494,0.4656552103804367,2026-07-07 14:10:06.831820,2026-07-07 14:10:15.592738,0 days 00:00:08.760918,96.44704127631607,25,COMPLETE
2578,0.018799897821832667,0.46662056331317314,2026-07-07 14:10:06.836700,2026-07-07 14:10:15.997872,0 days 00:00:09.161172,53.55957348888577,25,COMPLETE
2579,0.025294777739044094,0.46565612616479213,2026-07-07 14:10:07.002122,2026-07-07 14:10:17.677486,0 days 00:00:10.675364,96.48116747352292,25,COMPLETE
2580,0.0178785672149967,0.46665642902281756,2026-07-07 14:10:07.035726,2026-07-07 14:10:19.063625,0 days 00:00:12.027899,57.633379499500606,25,COMPLETE
2581,0.01971304114755784,0.4664754019572296,2026-07-07 14:10:07.044396,2026-07-07 14:10:16.365129,0 days 00:00:09.320733,53.64548713188731,25,COMPLETE
2582,0.025169911199484363,0.46567210910826395,2026-07-07 14:10:07.209956,2026-07-07 14:10:18.323612,0 days 00:00:11.113656,93.96159833525303,25,COMPLETE
2583,0.0208471413116898,0.46643609733314434,2026-07-07 14:10:07.543018,2026-07-07 14:10:16.686399,0 days 00:00:09.143381,63.25288320967405,25,COMPLETE
2584,0.007289960331555934,0.46861335576936236,2026-07-07 14:10:07.860199,2026-07-07 14:10:19.239158,0 days 00:00:11.378959,12.704843182925787,25,COMPLETE
2585,0.018086405441195108,0.4667814185857955,2026-07-07 14:10:08.558138,2026-07-07 14:10:22.074465,0 days 00:00:13.516327,50.95226119672552,25,COMPLETE
2586,0.020286283786605963,0.46631110168876566,2026-07-07 14:10:08.559018,2026-07-07 14:10:16.344277,0 days 00:00:07.785259,77.33891993429145,25,COMPLETE
2587,0.02089930174598975,0.4662338078519173,2026-07-07 14:10:09.062089,2026-07-07 14:10:22.604460,0 days 00:00:13.542371,66.28997973574869,25,COMPLETE
2588,0.023185456932484194,0.465979172066841,2026-07-07 14:10:09.416432,2026-07-07 14:10:22.607247,0 days 00:00:13.190815,85.42032036698049,25,COMPLETE
2589,0.010276905723088148,0.4681586157358411,2026-07-07 14:10:09.418386,2026-07-07 14:10:19.071267,0 days 00:00:09.652881,17.961529037461514,25,COMPLETE
2590,0.014942318710189195,0.4672908185979474,2026-07-07 14:10:09.420118,2026-07-07 14:10:19.417024,0 days 00:00:09.996906,21.946481633943534,25,COMPLETE
2591,0.018506546880978525,0.4665834183628361,2026-07-07 14:10:09.422691,2026-07-07 14:10:13.790187,0 days 00:00:04.367496,56.92330226400019,25,COMPLETE
2592,0.010440747809933593,0.4679436146580497,2026-07-07 14:10:09.424621,2026-07-07 14:10:19.416344,0 days 00:00:09.991723,16.054288163376036,25,COMPLETE
2593,0.019344492169902416,0.46652556098215403,2026-07-07 14:10:09.425597,2026-07-07 14:10:14.311419,0 days 00:00:04.885822,58.30160261085862,25,COMPLETE
2594,0.01666122767133943,0.4669063200373839,2026-07-07 14:10:09.428082,2026-07-07 14:10:19.754479,0 days 00:00:10.326397,39.32963059110784,25,COMPLETE
2595,0.1474118436024895,0.4475290477085549,2026-07-07 14:10:09.431594,2026-07-07 14:10:19.758672,0 days 00:00:10.327078,0.32008761972711786,25,COMPLETE
2596,0.01682089074976606,0.46678981078021414,2026-07-07 14:10:09.432984,2026-07-07 14:10:19.062034,0 days 00:00:09.629050,34.669192364679304,25,COMPLETE
2597,0.015729395683078295,0.4665657291664557,2026-07-07 14:10:09.746551,2026-07-07 14:10:19.007316,0 days 00:00:09.260765,3.2357877108121746,25,COMPLETE
2598,0.023667675128666354,0.4658614653184555,2026-07-07 14:10:09.748547,2026-07-07 14:10:19.745059,0 days 00:00:09.996512,87.25092375730136,25,COMPLETE
2599,0.015751657630187932,0.46683243247045014,2026-07-07 14:10:09.750765,2026-07-07 14:10:19.583042,0 days 00:00:09.832277,6.638638836442284,25,COMPLETE
2600,0.014933336480246695,0.46746597469777884,2026-07-07 14:10:09.752583,2026-07-07 14:10:22.955934,0 days 00:00:13.203351,40.97240607882108,25,COMPLETE
2601,0.01573694522680863,0.46718583080172216,2026-07-07 14:10:09.753827,2026-07-07 14:10:21.723480,0 days 00:00:11.969653,52.19786980913523,25,COMPLETE
2602,0.020449908988301957,0.46628225340806884,2026-07-07 14:10:09.754546,2026-07-07 14:10:20.286367,0 days 00:00:10.531821,70.87258105325263,25,COMPLETE
2603,0.02066726928332585,0.46621906108584105,2026-07-07 14:10:09.762825,2026-07-07 14:10:20.107228,0 days 00:00:10.344403,72.80920610227182,25,COMPLETE
2604,0.02046457989369066,0.46624270830349374,2026-07-07 14:10:09.764572,2026-07-07 14:10:17.338122,0 days 00:00:07.573550,73.41385462667725,25,COMPLETE
2605,0.017811653006698236,0.4667461519720966,2026-07-07 14:10:09.770427,2026-07-07 14:10:13.584249,0 days 00:00:03.813822,45.33238414819009,25,COMPLETE
2606,0.010950516214157935,0.4681264592132278,2026-07-07 14:10:09.776412,2026-07-07 14:10:19.036896,0 days 00:00:09.260484,21.012739138345037,25,COMPLETE
2607,0.01902857925035384,0.4665136172360063,2026-07-07 14:10:11.097351,2026-07-07 14:10:19.417707,0 days 00:00:08.320356,56.12074985130766,25,COMPLETE
2608,0.014207044529955914,0.46729644559910377,2026-07-07 14:10:11.264563,2026-07-07 14:10:22.257105,0 days 00:00:10.992542,19.119237943388935,25,COMPLETE
2609,0.006239044035612928,0.46876775268869353,2026-07-07 14:10:11.586070,2026-07-07 14:10:22.605901,0 days 00:00:11.019831,6.598045695756968,25,COMPLETE
2610,0.018688744791049428,0.4668204464405088,2026-07-07 14:10:11.588786,2026-07-07 14:10:22.430363,0 days 00:00:10.841577,59.0818337528047,25,COMPLETE
2611,0.022978616842738886,0.46600196960282736,2026-07-07 14:10:11.747729,2026-07-07 14:10:18.325790,0 days 00:00:06.578061,84.45123049554978,25,COMPLETE
2612,0.0142016821081008,0.4673198815932042,2026-07-07 14:10:11.759295,2026-07-07 14:10:22.607971,0 days 00:00:10.848676,33.519699991088864,25,COMPLETE
2613,0.05444607445232175,0.4598436659248804,2026-07-07 14:10:13.211347,2026-07-07 14:10:19.053206,0 days 00:00:05.841859,0.9673998632753175,25,COMPLETE
2614,0.02533221277870612,0.4656544907314896,2026-07-07 14:10:13.405495,2026-07-07 14:10:19.230374,0 days 00:00:05.824879,94.69247276720763,25,COMPLETE
2615,0.021252278409986558,0.46618358080023475,2026-07-07 14:10:13.618330,2026-07-07 14:10:23.786450,0 days 00:00:10.168120,41.986558616687056,25,COMPLETE
2616,0.02415858211413996,0.4657452392779191,2026-07-07 14:10:13.786951,2026-07-07 14:10:22.945989,0 days 00:00:09.159038,90.3325670092373,25,COMPLETE
2617,0.01642074224138168,0.46681491220247634,2026-07-07 14:10:13.956818,2026-07-07 14:10:19.247939,0 days 00:00:05.291121,26.399202317785686,25,COMPLETE
2618,0.01120392041105256,0.46777919304361826,2026-07-07 14:10:13.973368,2026-07-07 14:10:22.948880,0 days 00:00:08.975512,13.952482836626963,25,COMPLETE
2619,0.021528795777739862,0.46610311978138286,2026-07-07 14:10:14.136368,2026-07-07 14:10:22.613505,0 days 00:00:08.477137,78.9369169944586,25,COMPLETE
2620,0.021405699247988852,0.4661320466813693,2026-07-07 14:10:14.292846,2026-07-07 14:10:19.063775,0 days 00:00:04.770929,78.49876666120248,25,COMPLETE
2621,0.017830713290635236,0.46673933463922573,2026-07-07 14:10:14.296972,2026-07-07 14:10:24.587123,0 days 00:00:10.290151,54.48174934359269,25,COMPLETE
2622,0.014328097900966341,0.46747592667099713,2026-07-07 14:10:14.302626,2026-07-07 14:10:23.787966,0 days 00:00:09.485340,4.3794709536870196,25,COMPLETE
2623,0.010406043692614886,0.46800456614225844,2026-07-07 14:10:14.635527,2026-07-07 14:10:25.316152,0 days 00:00:10.680625,14.07847095496163,25,COMPLETE
2624,0.013591968944661525,0.46757710419991083,2026-07-07 14:10:14.638801,2026-07-07 14:10:25.108981,0 days 00:00:10.470180,21.25806552013137,25,COMPLETE
2625,0.0202218106622834,0.4665150756249433,2026-07-07 14:10:14.798307,2026-07-07 14:10:24.597544,0 days 00:00:09.799237,62.37145729747819,25,COMPLETE
2626,0.014931774254834052,0.46715170476713497,2026-07-07 14:10:15.279160,2026-07-07 14:10:22.978089,0 days 00:00:07.698929,28.48576761879761,25,COMPLETE
2627,0.018468889040368308,0.46681303332517543,2026-07-07 14:10:15.748987,2026-07-07 14:10:23.777475,0 days 00:00:08.028488,43.68499847756068,25,COMPLETE
2628,0.01943899215265016,0.46639140948790925,2026-07-07 14:10:15.753221,2026-07-07 14:10:25.312757,0 days 00:00:09.559536,74.88638866286577,25,COMPLETE
2629,0.02498464945591189,0.4656904565930236,2026-07-07 14:10:15.952316,2026-07-07 14:10:25.650371,0 days 00:00:09.698055,93.10160063597813,25,COMPLETE
2630,0.01831512937224744,0.46678266885697073,2026-07-07 14:10:15.955563,2026-07-07 14:10:25.306639,0 days 00:00:09.351076,42.899390644877386,25,COMPLETE
2631,0.01936246581248685,0.4665185990437364,2026-07-07 14:10:15.981350,2026-07-07 14:10:26.152546,0 days 00:00:10.171196,58.28881532340973,25,COMPLETE
2632,0.009682852938610487,0.46821890992460846,2026-07-07 14:10:16.001328,2026-07-07 14:10:25.819084,0 days 00:00:09.817756,14.023500845405573,25,COMPLETE
2633,0.014824748330035442,0.46702414914441265,2026-07-07 14:10:16.350214,2026-07-07 14:10:21.558952,0 days 00:00:05.208738,19.177327643628512,25,COMPLETE
2634,0.017840393631462947,0.4668159493875105,2026-07-07 14:10:16.361594,2026-07-07 14:10:25.827647,0 days 00:00:09.466053,51.54553490607241,25,COMPLETE
2635,0.02229052383986968,0.4660019373852797,2026-07-07 14:10:16.686704,2026-07-07 14:10:25.833187,0 days 00:00:09.146483,69.44830394314275,25,COMPLETE
2636,0.010902142115081448,0.46798404317672687,2026-07-07 14:10:17.171408,2026-07-07 14:10:31.096130,0 days 00:00:13.924722,33.88846356522174,25,COMPLETE
2637,0.011755799285708857,0.46769292913080257,2026-07-07 14:10:17.655047,2026-07-07 14:10:27.340630,0 days 00:00:09.685583,6.220820399758044,25,COMPLETE
2638,0.017467652610230866,0.46684580395770037,2026-07-07 14:10:17.688334,2026-07-07 14:10:27.340530,0 days 00:00:09.652196,47.23342425581027,25,COMPLETE
2639,0.017860810923807813,0.4668406033208821,2026-07-07 14:10:17.849366,2026-07-07 14:10:25.823043,0 days 00:00:07.973677,51.08540239238694,25,COMPLETE
2640,0.016480680514217583,0.46700468149770813,2026-07-07 14:10:18.315301,2026-07-07 14:10:27.542034,0 days 00:00:09.226733,44.12611022796358,25,COMPLETE
2641,0.017284293103434212,0.4669560491960214,2026-07-07 14:10:18.325058,2026-07-07 14:10:29.945074,0 days 00:00:11.620016,44.61325837800543,25,COMPLETE
2642,0.023475442690504555,0.4659165369298395,2026-07-07 14:10:18.483241,2026-07-07 14:10:25.650955,0 days 00:00:07.167714,86.56908292040073,25,COMPLETE
2643,0.02050074312497102,0.4662816927690713,2026-07-07 14:10:19.023642,2026-07-07 14:10:27.548214,0 days 00:00:08.524572,78.00032524139087,25,COMPLETE
2644,0.020640709430550186,0.46628440189229653,2026-07-07 14:10:19.071673,2026-07-07 14:10:30.594401,0 days 00:00:11.522728,60.45362668161943,25,COMPLETE
2645,0.009624104283873391,0.4680318693631383,2026-07-07 14:10:19.073329,2026-07-07 14:10:25.989299,0 days 00:00:06.915970,17.80505265688711,25,COMPLETE
2646,0.01806918836275928,0.46673257531499596,2026-07-07 14:10:19.239430,2026-07-07 14:10:22.961875,0 days 00:00:03.722445,54.388133960799486,26,COMPLETE
2647,0.0137634567369182,0.46748844274559015,2026-07-07 14:10:19.250159,2026-07-07 14:10:29.558379,0 days 00:00:10.308220,43.35821533655828,26,COMPLETE
2648,0.021734416851641347,0.46611910008696456,2026-07-07 14:10:19.417571,2026-07-07 14:10:28.645372,0 days 00:00:09.227801,80.54985816631931,26,COMPLETE
2649,0.01684391063545504,0.46711831075673194,2026-07-07 14:10:19.575902,2026-07-07 14:10:29.076479,0 days 00:00:09.500577,46.1340414757364,26,COMPLETE
2650,0.022351664062539356,0.4659736405115911,2026-07-07 14:10:19.583328,2026-07-07 14:10:31.095593,0 days 00:00:11.512265,69.66739888629216,26,COMPLETE
2651,0.020745437590987792,0.46622382582552546,2026-07-07 14:10:19.746946,2026-07-07 14:10:29.034229,0 days 00:00:09.287283,71.46444858592196,26,COMPLETE
2652,0.024237470821816487,0.46574558079718587,2026-07-07 14:10:19.760063,2026-07-07 14:10:29.759822,0 days 00:00:09.999759,90.72273248028291,26,COMPLETE
2653,0.014081118553785577,0.46730317518891473,2026-07-07 14:10:19.920784,2026-07-07 14:10:27.528252,0 days 00:00:07.607468,28.791889632164626,26,COMPLETE
2654,0.0211823684689868,0.46616281400799664,2026-07-07 14:10:19.924350,2026-07-07 14:10:29.928328,0 days 00:00:10.003978,60.18800805620997,26,COMPLETE
2655,0.025314380747484655,0.46565665909326925,2026-07-07 14:10:20.087007,2026-07-07 14:10:29.742656,0 days 00:00:09.655649,94.6074427580638,26,COMPLETE
2656,0.02501841603630839,0.4656897886341091,2026-07-07 14:10:20.087644,2026-07-07 14:10:29.941990,0 days 00:00:09.854346,97.75701551311498,26,COMPLETE
2657,0.017711508891943784,0.4669442153231471,2026-07-07 14:10:20.089528,2026-07-07 14:10:29.738263,0 days 00:00:09.648735,46.55040669185619,26,COMPLETE
2658,0.02065979615149277,0.46628366455677656,2026-07-07 14:10:20.091122,2026-07-07 14:10:28.664768,0 days 00:00:08.573646,60.46624122970221,26,COMPLETE
2659,0.0175011950973753,0.4669135409891028,2026-07-07 14:10:20.094559,2026-07-07 14:10:27.519284,0 days 00:00:07.424725,50.37444882257275,26,COMPLETE
2660,0.024620976698008057,0.46574095194274184,2026-07-07 14:10:20.096621,2026-07-07 14:10:29.759129,0 days 00:00:09.662508,98.62736270770743,26,COMPLETE
2661,0.01665401163954805,0.4669584807048486,2026-07-07 14:10:20.097003,2026-07-07 14:10:32.133948,0 days 00:00:12.036945,45.25206308650386,26,COMPLETE
2662,0.024051759917073923,0.465797254988928,2026-07-07 14:10:20.098745,2026-07-07 14:10:29.949040,0 days 00:00:09.850295,88.0639615090333,26,COMPLETE
2663,0.015223021373969692,0.4674446388674595,2026-07-07 14:10:20.111886,2026-07-07 14:10:25.656490,0 days 00:00:05.544604,21.281122609194465,26,COMPLETE
2664,0.01868781998035829,0.46653374709336204,2026-07-07 14:10:20.276006,2026-07-07 14:10:24.942157,0 days 00:00:04.666151,57.14636666301458,26,COMPLETE
2665,0.010361721582190564,0.4679093182364946,2026-07-07 14:10:20.443122,2026-07-07 14:10:30.615467,0 days 00:00:10.172345,9.93934014967209,26,COMPLETE
2666,0.012332214003437425,0.4673277415410233,2026-07-07 14:10:20.445346,2026-07-07 14:10:33.555545,0 days 00:00:13.110199,8.404346064796485,26,COMPLETE
2667,0.014917029881828359,0.4670152530072582,2026-07-07 14:10:20.445656,2026-07-07 14:10:32.109567,0 days 00:00:11.663911,28.416568434728788,26,COMPLETE
2668,0.020411590066020224,0.4662994953264799,2026-07-07 14:10:20.447299,2026-07-07 14:10:27.535795,0 days 00:00:07.088496,66.66336392230372,26,COMPLETE
2669,0.0226914970269545,0.4660101830840646,2026-07-07 14:10:20.449912,2026-07-07 14:10:32.148639,0 days 00:00:11.698727,82.52026228399625,26,COMPLETE
2670,0.019914564661913492,0.46630039886973174,2026-07-07 14:10:20.769615,2026-07-07 14:10:27.554588,0 days 00:00:06.784973,76.16647097074154,26,COMPLETE
2671,0.01251946862913611,0.46779067687140036,2026-07-07 14:10:21.399033,2026-07-07 14:10:32.134611,0 days 00:00:10.735578,27.90667189659632,26,COMPLETE
2672,0.017460528688481247,0.46686886395617955,2026-07-07 14:10:22.775100,2026-07-07 14:10:32.964951,0 days 00:00:10.189851,40.934210313751734,26,COMPLETE
2673,0.020939192036530052,0.46622108385972266,2026-07-07 14:10:22.956993,2026-07-07 14:10:30.608167,0 days 00:00:07.651174,60.568884266631706,26,COMPLETE
2674,0.012740352584557246,0.4676878468181612,2026-07-07 14:10:22.978408,2026-07-07 14:10:32.112231,0 days 00:00:09.133823,20.93226838788837,26,COMPLETE
2675,0.021874542507217154,0.46608319871327114,2026-07-07 14:10:22.981944,2026-07-07 14:10:33.545475,0 days 00:00:10.563531,68.69702570746956,26,COMPLETE
2676,0.014879031550995958,0.46716319469619805,2026-07-07 14:10:23.296309,2026-07-07 14:10:33.344407,0 days 00:00:10.048098,33.614006637183635,26,COMPLETE
2677,0.017005993152864385,0.46687279541896676,2026-07-07 14:10:23.763899,2026-07-07 14:10:34.876437,0 days 00:00:11.112538,52.96302925750899,26,COMPLETE
2678,0.0251258135514712,0.4656762739584774,2026-07-07 14:10:23.767987,2026-07-07 14:10:32.310585,0 days 00:00:08.542598,93.75534219759857,26,COMPLETE
2679,0.021603697848012304,0.46622950267206054,2026-07-07 14:10:23.770924,2026-07-07 14:10:26.817898,0 days 00:00:03.046974,64.04483737757968,26,COMPLETE
2680,0.025399763860308844,0.4656450560646041,2026-07-07 14:10:23.772883,2026-07-07 14:10:37.774602,0 days 00:00:14.001719,95.88587064953106,26,COMPLETE
2681,0.014524284716284086,0.46719704689206193,2026-07-07 14:10:23.783407,2026-07-07 14:10:32.150666,0 days 00:00:08.367259,33.58818697927275,26,COMPLETE
2682,0.021516914845741475,0.4661420053255402,2026-07-07 14:10:23.947621,2026-07-07 14:10:35.084955,0 days 00:00:11.137334,68.3370418574833,26,COMPLETE
2683,0.015280735359561481,0.4672823702937692,2026-07-07 14:10:24.616673,2026-07-07 14:10:33.368418,0 days 00:00:08.751745,27.714221583463313,26,COMPLETE
2684,0.02150331131030936,0.4661052726283604,2026-07-07 14:10:24.619787,2026-07-07 14:10:33.545055,0 days 00:00:08.925268,78.86945344674037,26,COMPLETE
2685,0.015375225835780382,0.4669510534170921,2026-07-07 14:10:24.624442,2026-07-07 14:10:33.539584,0 days 00:00:08.915142,7.922785014685613,26,COMPLETE
2686,0.020516366939812403,0.46625832808961815,2026-07-07 14:10:25.124393,2026-07-07 14:10:37.771831,0 days 00:00:12.647438,71.77152953707758,26,COMPLETE
2687,0.024207355175038414,0.46574191817710914,2026-07-07 14:10:25.127482,2026-07-07 14:10:33.889803,0 days 00:00:08.762321,89.97018232523462,26,COMPLETE
2688,0.02054413163012564,0.4662244887462992,2026-07-07 14:10:25.288666,2026-07-07 14:10:33.379057,0 days 00:00:08.090391,73.2963579816999,26,COMPLETE
2689,0.02502502024335662,0.46568917200350635,2026-07-07 14:10:25.312585,2026-07-07 14:10:35.591094,0 days 00:00:10.278509,97.73318374183755,26,COMPLETE
2690,0.025415071380813725,0.4656438381719491,2026-07-07 14:10:25.486514,2026-07-07 14:10:36.289160,0 days 00:00:10.802646,95.29416584247957,26,COMPLETE
2691,0.014260514060936369,0.4672660405865188,2026-07-07 14:10:25.652712,2026-07-07 14:10:35.777716,0 days 00:00:10.125004,19.180654671704872,26,COMPLETE
2692,0.015898249527100672,0.46704496467989287,2026-07-07 14:10:25.989709,2026-07-07 14:10:36.934602,0 days 00:00:10.944893,29.83528567553582,26,COMPLETE
2693,0.019493096154208356,0.46639961045634504,2026-07-07 14:10:26.308487,2026-07-07 14:10:32.125560,0 days 00:00:05.817073,57.89866217857709,26,COMPLETE
2694,0.01562587127987991,0.4671060264761665,2026-07-07 14:10:26.312365,2026-07-07 14:10:38.984215,0 days 00:00:12.671850,30.458482652194093,26,COMPLETE
2695,0.01347552310736816,0.4674269669671593,2026-07-07 14:10:26.482473,2026-07-07 14:10:35.420013,0 days 00:00:08.937540,15.656376571585422,26,COMPLETE
2696,0.019853256715388845,0.46635466606534554,2026-07-07 14:10:26.483472,2026-07-07 14:10:35.781582,0 days 00:00:09.298110,74.17558390700052,26,COMPLETE
2697,0.015386103842619514,0.4671497686227548,2026-07-07 14:10:26.988646,2026-07-07 14:10:35.579952,0 days 00:00:08.591306,32.902515282640834,26,COMPLETE
2698,0.014151822566153549,0.4676218946200916,2026-07-07 14:10:27.004037,2026-07-07 14:10:34.687344,0 days 00:00:07.683307,21.00541037321693,26,COMPLETE
2699,0.013970256270523673,0.4669916687464203,2026-07-07 14:10:27.165590,2026-07-07 14:10:37.764884,0 days 00:00:10.599294,5.255229960000811,26,COMPLETE
2700,0.01687875708945924,0.4671249492528686,2026-07-07 14:10:27.166542,2026-07-07 14:10:33.551675,0 days 00:00:06.385133,46.20960823364096,26,COMPLETE
2701,0.015210337897954285,0.4669046504828322,2026-07-07 14:10:27.167728,2026-07-07 14:10:38.977977,0 days 00:00:11.810249,3.4349400047860272,26,COMPLETE
2702,0.01880881507715293,0.46656211372620937,2026-07-07 14:10:27.335022,2026-07-07 14:10:35.256680,0 days 00:00:07.921658,49.43117847583557,26,COMPLETE
2703,0.011633459344730535,0.46771298032032826,2026-07-07 14:10:27.355586,2026-07-07 14:10:35.078650,0 days 00:00:07.723064,15.049985026230281,26,COMPLETE
2704,0.01602709765504834,0.4670313040294939,2026-07-07 14:10:27.358411,2026-07-07 14:10:38.817039,0 days 00:00:11.458628,43.464912461313766,26,COMPLETE
2705,0.014013150354127701,0.4674002970588783,2026-07-07 14:10:27.534423,2026-07-07 14:10:38.785781,0 days 00:00:11.251358,31.086929756580073,26,COMPLETE
2706,0.016526428849374886,0.46708913230825577,2026-07-07 14:10:28.645831,2026-07-07 14:10:33.373025,0 days 00:00:04.727194,38.83761552118721,26,COMPLETE
2707,0.020728961698933346,0.4662285587361006,2026-07-07 14:10:28.669562,2026-07-07 14:10:35.081971,0 days 00:00:06.412409,71.17247236849883,26,COMPLETE
2708,0.015711550332617563,0.4671449718192182,2026-07-07 14:10:28.844193,2026-07-07 14:10:38.996456,0 days 00:00:10.152263,52.47412507290521,26,COMPLETE
2709,0.1770828636782365,0.4435157137288963,2026-07-07 14:10:28.845776,2026-07-07 14:10:34.867340,0 days 00:00:06.021564,0.20607680971245648,26,COMPLETE
2710,0.021264155793480954,0.4663325335100315,2026-07-07 14:10:28.849006,2026-07-07 14:10:40.780080,0 days 00:00:11.931074,63.81370193302627,26,COMPLETE
2711,0.009618764448927342,0.4681834394081984,2026-07-07 14:10:29.021113,2026-07-07 14:10:40.775705,0 days 00:00:11.754592,9.619841704436027,26,COMPLETE
2712,0.022227687480577074,0.46607938406861005,2026-07-07 14:10:29.025189,2026-07-07 14:10:41.542830,0 days 00:00:12.517641,64.36346849591294,26,COMPLETE
2713,0.014696776635148456,0.4674765450787357,2026-07-07 14:10:29.391274,2026-07-07 14:10:40.273384,0 days 00:00:10.882110,37.11114771445756,26,COMPLETE
2714,0.008097307054801328,0.46840563514045064,2026-07-07 14:10:29.581232,2026-07-07 14:10:38.455527,0 days 00:00:08.874295,12.865229728533212,26,COMPLETE
2715,0.01897355038452836,0.4665065204704492,2026-07-07 14:10:29.764351,2026-07-07 14:10:42.369160,0 days 00:00:12.604809,56.707145747596584,26,COMPLETE
2716,0.02002895931461457,0.46629187815096135,2026-07-07 14:10:29.943672,2026-07-07 14:10:40.606664,0 days 00:00:10.662992,76.31138661112956,26,COMPLETE
2717,0.020682889797660642,0.4663161283965216,2026-07-07 14:10:30.104123,2026-07-07 14:10:41.482722,0 days 00:00:11.378599,61.481450992226904,26,COMPLETE
2718,0.016210249153529754,0.4670216724953607,2026-07-07 14:10:30.588923,2026-07-07 14:10:42.188312,0 days 00:00:11.599389,37.09852532557872,26,COMPLETE
2719,0.0197795963219094,0.46631323869715385,2026-07-07 14:10:30.594750,2026-07-07 14:10:42.205323,0 days 00:00:11.610573,75.84440969224433,26,COMPLETE
2720,0.020857448479711438,0.4661945112278217,2026-07-07 14:10:30.611799,2026-07-07 14:10:38.777190,0 days 00:00:08.165391,72.19383706034317,26,COMPLETE
2721,0.014967938485206389,0.46732247001130156,2026-07-07 14:10:30.612429,2026-07-07 14:10:42.373572,0 days 00:00:11.761143,27.597665380615524,26,COMPLETE
2722,0.02439926452476454,0.4657075314909881,2026-07-07 14:10:30.615875,2026-07-07 14:10:41.315078,0 days 00:00:10.699203,90.93374255463414,26,COMPLETE
2723,0.018313201483269204,0.46664804293150614,2026-07-07 14:10:30.617724,2026-07-07 14:10:42.713664,0 days 00:00:12.095940,50.872181144041456,26,COMPLETE
2724,0.02508588559707059,0.4656801659722538,2026-07-07 14:10:31.098239,2026-07-07 14:10:41.520720,0 days 00:00:10.422481,93.56106075296012,26,COMPLETE
2725,0.020801209714422453,0.4662672349479206,2026-07-07 14:10:31.268064,2026-07-07 14:10:41.534196,0 days 00:00:10.266132,67.79492525811177,26,COMPLETE
2726,0.02161774597332672,0.4660959892801737,2026-07-07 14:10:31.275353,2026-07-07 14:10:41.301833,0 days 00:00:10.026480,79.10874505324988,26,COMPLETE
2727,0.021410707574132826,0.4661574377958067,2026-07-07 14:10:31.275680,2026-07-07 14:10:41.128620,0 days 00:00:09.852940,79.79553411003927,26,COMPLETE
2728,0.014502774153914877,0.46739544694332297,2026-07-07 14:10:32.144669,2026-07-07 14:10:38.798849,0 days 00:00:06.654180,22.767237048394044,26,COMPLETE
2729,0.01922787580533053,0.4659919432652795,2026-07-07 14:10:32.309395,2026-07-07 14:10:37.446514,0 days 00:00:05.137119,2.700109332425609,26,COMPLETE
2730,0.024461464538523103,0.46575780155428803,2026-07-07 14:10:32.321546,2026-07-07 14:10:40.778097,0 days 00:00:08.456551,99.31446172550241,26,COMPLETE
2731,0.02020061665068712,0.46628181215127734,2026-07-07 14:10:32.323126,2026-07-07 14:10:41.521241,0 days 00:00:09.198115,41.44016704419996,26,COMPLETE
2732,0.011948802256276814,0.4678586769722025,2026-07-07 14:10:32.975299,2026-07-07 14:10:43.692528,0 days 00:00:10.717229,17.957039084771857,26,COMPLETE
2733,0.02340544285550522,0.4659337102683174,2026-07-07 14:10:32.979919,2026-07-07 14:10:41.311459,0 days 00:00:08.331540,86.32364156221304,26,COMPLETE
2734,0.008020400407878159,0.46837116285383523,2026-07-07 14:10:33.313839,2026-07-07 14:10:42.698632,0 days 00:00:09.384793,17.660157881995023,26,COMPLETE
2735,0.02305042080328268,0.46599762095013625,2026-07-07 14:10:33.355601,2026-07-07 14:10:46.568987,0 days 00:00:13.213386,84.83123337752066,26,COMPLETE
2736,0.008087510728932712,0.46873796082626007,2026-07-07 14:10:33.368937,2026-07-07 14:10:44.402849,0 days 00:00:11.033912,28.210907456896802,26,COMPLETE
2737,0.020864477318047026,0.4661888421446496,2026-07-07 14:10:33.370254,2026-07-07 14:10:42.721332,0 days 00:00:09.351078,72.34721829172668,26,COMPLETE
2738,0.02143020077873603,0.46612285695624084,2026-07-07 14:10:33.545850,2026-07-07 14:10:46.045325,0 days 00:00:12.499475,70.36496145205591,26,COMPLETE
2739,0.02297127776621455,0.4659986181036421,2026-07-07 14:10:33.546777,2026-07-07 14:10:38.778682,0 days 00:00:05.231905,84.29818222640291,26,COMPLETE
2740,0.01232234544677735,0.4675840507265552,2026-07-07 14:10:34.202025,2026-07-07 14:10:47.618808,0 days 00:00:13.416783,14.791086288517691,26,COMPLETE
2741,0.014876237650131796,0.46720072070237384,2026-07-07 14:10:34.216834,2026-07-07 14:10:44.205391,0 days 00:00:09.988557,9.319584067032771,26,COMPLETE
2742,0.02445327951091708,0.4657579866109405,2026-07-07 14:10:34.693614,2026-07-07 14:10:42.014732,0 days 00:00:07.321118,99.4229889352213,26,COMPLETE
2743,0.018320644727703117,0.4668252627405528,2026-07-07 14:10:34.852424,2026-07-07 14:10:44.217947,0 days 00:00:09.365523,59.404834317749796,26,COMPLETE
2744,0.020217819249760627,0.46640579371979196,2026-07-07 14:10:34.855391,2026-07-07 14:10:45.077537,0 days 00:00:10.222146,61.642538819526756,26,COMPLETE
2745,0.011358138652151295,0.4679958761006795,2026-07-07 14:10:34.855989,2026-07-07 14:10:44.715446,0 days 00:00:09.859457,17.29015834251896,26,COMPLETE
2746,0.01260662444366184,0.46766373089079627,2026-07-07 14:10:34.859231,2026-07-07 14:10:40.801215,0 days 00:00:05.941984,20.332365898651453,26,COMPLETE
2747,0.018609672369916397,0.46657554283006514,2026-07-07 14:10:34.884097,2026-07-07 14:10:51.594493,0 days 00:00:16.710396,56.85335241322059,26,COMPLETE
2748,0.02164363438223943,0.46609556790061296,2026-07-07 14:10:34.887013,2026-07-07 14:10:43.709745,0 days 00:00:08.822732,79.15690522107931,26,COMPLETE
2749,0.008073287321599343,0.46846109808525993,2026-07-07 14:10:34.891202,2026-07-07 14:10:44.732990,0 days 00:00:09.841788,13.27643009734948,26,COMPLETE
2750,0.01658828681886887,0.4669543128997738,2026-07-07 14:10:34.894505,2026-07-07 14:10:42.027214,0 days 00:00:07.132709,38.23594424799817,26,COMPLETE
2751,0.007746467169330917,0.468480483990806,2026-07-07 14:10:35.088345,2026-07-07 14:10:45.076770,0 days 00:00:09.988425,12.18999621444671,26,COMPLETE
2752,0.012548034879178382,0.46741945199825574,2026-07-07 14:10:36.120461,2026-07-07 14:10:49.460220,0 days 00:00:13.339759,6.158721788890686,27,COMPLETE
2753,0.012995135507146038,0.46729460203944767,2026-07-07 14:10:36.121559,2026-07-07 14:10:42.383374,0 days 00:00:06.261815,8.496560537584237,27,COMPLETE
2754,0.017798972444130312,0.46666314867664116,2026-07-07 14:10:36.126092,2026-07-07 14:10:47.800415,0 days 00:00:11.674323,57.519900105585506,27,COMPLETE
2755,0.020081665000425075,0.4663332063091451,2026-07-07 14:10:36.128444,2026-07-07 14:10:46.536210,0 days 00:00:10.407766,41.978757070998974,27,COMPLETE
2756,0.022022107849718253,0.46607313654937926,2026-07-07 14:10:36.289671,2026-07-07 14:10:48.303765,0 days 00:00:12.014094,64.74892964565149,27,COMPLETE
2757,0.015904262452650086,0.4669573110319586,2026-07-07 14:10:36.459157,2026-07-07 14:10:47.820032,0 days 00:00:11.360875,34.16283152743411,27,COMPLETE
2758,0.018720867312551348,0.46622546838975054,2026-07-07 14:10:36.460660,2026-07-07 14:10:47.621709,0 days 00:00:11.161049,2.544452840878017,27,COMPLETE
2759,0.01670851221491998,0.46699891575834496,2026-07-07 14:10:36.928953,2026-07-07 14:10:45.078034,0 days 00:00:08.149081,36.439641424630196,27,COMPLETE
2760,0.019329178852095397,0.4664116200309494,2026-07-07 14:10:36.931182,2026-07-07 14:10:47.624195,0 days 00:00:10.693013,74.71715895435516,27,COMPLETE
2761,0.022297379996131406,0.46597398069413215,2026-07-07 14:10:36.933668,2026-07-07 14:10:43.363357,0 days 00:00:06.429689,69.87718081030317,27,COMPLETE
2762,0.023155448874607243,0.4659835247935049,2026-07-07 14:10:36.936369,2026-07-07 14:10:47.622548,0 days 00:00:10.686179,85.26848296889064,27,COMPLETE
2763,0.018112324717773465,0.4664966887307284,2026-07-07 14:10:37.431355,2026-07-07 14:10:47.590824,0 days 00:00:10.159469,28.427598491205906,27,COMPLETE
2764,0.020820871502273963,0.46626379443623805,2026-07-07 14:10:37.779393,2026-07-07 14:10:44.038250,0 days 00:00:06.258857,67.80950868093777,27,COMPLETE
2765,0.011264028252680525,0.4676279325935604,2026-07-07 14:10:37.802457,2026-07-07 14:10:47.984512,0 days 00:00:10.182055,6.020267326640456,27,COMPLETE
2766,0.013726383261236264,0.46731280386516816,2026-07-07 14:10:38.812488,2026-07-07 14:10:47.623428,0 days 00:00:08.810940,7.636303801823151,27,COMPLETE
2767,0.024369991059203677,0.46570892368746475,2026-07-07 14:10:38.978333,2026-07-07 14:10:47.805954,0 days 00:00:08.827621,90.80304693421863,27,COMPLETE
2768,0.014293192454541526,0.4675487177382341,2026-07-07 14:10:38.980913,2026-07-07 14:10:45.394616,0 days 00:00:06.413703,35.70243789960768,27,COMPLETE
2769,0.022862705796795002,0.4659988526810432,2026-07-07 14:10:38.983893,2026-07-07 14:10:50.144092,0 days 00:00:11.160199,83.47179976361468,27,COMPLETE
2770,0.01945839699797769,0.46639654749176773,2026-07-07 14:10:39.784153,2026-07-07 14:10:49.662637,0 days 00:00:09.878484,74.43153928888509,27,COMPLETE
2771,0.021168675847293095,0.4662163980325711,2026-07-07 14:10:40.275148,2026-07-07 14:10:49.143333,0 days 00:00:08.868185,77.56751335601916,27,COMPLETE
2772,0.021129615378663258,0.46620086130861754,2026-07-07 14:10:40.436919,2026-07-07 14:10:47.246559,0 days 00:00:06.809640,67.9936541604829,27,COMPLETE
2773,0.025309587459603156,0.46565723473652043,2026-07-07 14:10:40.613720,2026-07-07 14:10:50.154751,0 days 00:00:09.541031,94.58520745600224,27,COMPLETE
2774,0.02009502140678998,0.46628887394698704,2026-07-07 14:10:40.776245,2026-07-07 14:10:47.808577,0 days 00:00:07.032332,76.39855697154357,27,COMPLETE
2775,0.017465439887832557,0.4668204441759185,2026-07-07 14:10:40.777968,2026-07-07 14:10:51.597528,0 days 00:00:10.819560,22.66129320236699,27,COMPLETE
2776,0.01626963641241208,0.4670409332314037,2026-07-07 14:10:40.809959,2026-07-07 14:10:47.988559,0 days 00:00:07.178600,52.34492255017851,27,COMPLETE
2777,0.016820586962889073,0.46714500353349037,2026-07-07 14:10:41.127280,2026-07-07 14:10:50.155574,0 days 00:00:09.028294,46.17244607473984,27,COMPLETE
2778,0.019514594123177298,0.46644995487585467,2026-07-07 14:10:41.496194,2026-07-07 14:10:52.895283,0 days 00:00:11.399089,55.41130668973899,27,COMPLETE
2779,0.02187894019037323,0.46606444593794183,2026-07-07 14:10:41.502400,2026-07-07 14:10:50.503294,0 days 00:00:09.000894,60.01390521360364,27,COMPLETE
2780,0.02523118035103833,0.46566604192919175,2026-07-07 14:10:41.505044,2026-07-07 14:10:50.158250,0 days 00:00:08.653206,94.23613856894336,27,COMPLETE
2781,0.0218462712474069,0.46607438136727036,2026-07-07 14:10:41.522524,2026-07-07 14:10:47.627633,0 days 00:00:06.105109,65.84665118539256,27,COMPLETE
2782,0.016819239453343682,0.46707777030230946,2026-07-07 14:10:41.534383,2026-07-07 14:10:47.609726,0 days 00:00:06.075343,46.669890283417345,27,COMPLETE
2783,0.021743972472225426,0.46611794835441844,2026-07-07 14:10:41.855257,2026-07-07 14:10:52.850764,0 days 00:00:10.995507,80.56791351434356,27,COMPLETE
2784,0.01565027582720968,0.4667959080566472,2026-07-07 14:10:42.014988,2026-07-07 14:10:52.836837,0 days 00:00:10.821849,4.261055854021951,27,COMPLETE
2785,0.01646089660409933,0.46704776989485725,2026-07-07 14:10:42.028407,2026-07-07 14:10:46.539856,0 days 00:00:04.511449,38.332273542947775,27,COMPLETE
2786,0.012806301641007045,0.4673494976369177,2026-07-07 14:10:42.187721,2026-07-07 14:10:52.862221,0 days 00:00:10.674500,14.624636628109416,27,COMPLETE
2787,0.024119071339108455,0.46574810208070283,2026-07-07 14:10:42.196336,2026-07-07 14:10:52.856478,0 days 00:00:10.660142,90.52004623025849,27,COMPLETE
2788,0.010814437204313132,0.46774381459097175,2026-07-07 14:10:42.369341,2026-07-07 14:10:50.346460,0 days 00:00:07.977119,7.532265610540604,27,COMPLETE
2789,0.01602135151709183,0.46670750319430915,2026-07-07 14:10:42.374544,2026-07-07 14:10:52.828947,0 days 00:00:10.454403,8.42591512765429,27,COMPLETE
2790,0.02084996249474108,0.46643546552755333,2026-07-07 14:10:42.374816,2026-07-07 14:10:50.345192,0 days 00:00:07.970376,63.25831349530711,27,COMPLETE
2791,0.017795189327562966,0.4666752129754028,2026-07-07 14:10:42.540204,2026-07-07 14:10:55.590710,0 days 00:00:13.050506,36.41447106281314,27,COMPLETE
2792,0.01529882007705441,0.4671169516888907,2026-07-07 14:10:42.699100,2026-07-07 14:10:54.024354,0 days 00:00:11.325254,7.118391580619634,27,COMPLETE
2793,0.01539698618362284,0.46724797179764094,2026-07-07 14:10:42.725499,2026-07-07 14:10:53.853398,0 days 00:00:11.127899,25.03866626469477,27,COMPLETE
2794,0.012946537650530443,0.4678212718668254,2026-07-07 14:10:43.039508,2026-07-07 14:10:52.881583,0 days 00:00:09.842075,24.87076253033491,27,COMPLETE
2795,0.016501581153641087,0.4670018464026901,2026-07-07 14:10:43.356895,2026-07-07 14:10:55.582255,0 days 00:00:12.225360,39.88438496929255,27,COMPLETE
2796,0.010760932098167197,0.4680815444078515,2026-07-07 14:10:43.363893,2026-07-07 14:10:52.897477,0 days 00:00:09.533584,14.081574637422928,27,COMPLETE
2797,0.01840376005070654,0.4667122161981626,2026-07-07 14:10:43.678615,2026-07-07 14:10:58.365450,0 days 00:00:14.686835,50.98819843757286,27,COMPLETE
2798,0.020655104122316137,0.4662391953658707,2026-07-07 14:10:43.681115,2026-07-07 14:10:52.834812,0 days 00:00:09.153697,71.53500946978862,27,COMPLETE
2799,0.013492520793067286,0.4674592676207459,2026-07-07 14:10:43.692926,2026-07-07 14:10:55.057438,0 days 00:00:11.364512,19.9645479125656,27,COMPLETE
2800,0.019291749500741806,0.46603508371851143,2026-07-07 14:10:43.873338,2026-07-07 14:10:52.854919,0 days 00:00:08.981581,2.2337069216559944,27,COMPLETE
2801,0.023475303921121016,0.4659165722260441,2026-07-07 14:10:44.032071,2026-07-07 14:10:52.898810,0 days 00:00:08.866739,86.56861287870717,27,COMPLETE
2802,0.020317648900742225,0.46628909141022307,2026-07-07 14:10:44.032760,2026-07-07 14:10:52.810246,0 days 00:00:08.777486,76.54791073336249,27,COMPLETE
2803,0.010999914434042135,0.46789583498889353,2026-07-07 14:10:44.197520,2026-07-07 14:10:56.104343,0 days 00:00:11.906823,15.96622803438197,27,COMPLETE
2804,0.013280398100597168,0.4673942078253096,2026-07-07 14:10:44.398682,2026-07-07 14:10:56.450270,0 days 00:00:12.051588,6.930497979878888,27,COMPLETE
2805,0.02533457272359052,0.4656542009392153,2026-07-07 14:10:44.739563,2026-07-07 14:10:55.225457,0 days 00:00:10.485894,94.70406893461825,27,COMPLETE
2806,0.01790797535787192,0.46684237777774384,2026-07-07 14:10:44.744957,2026-07-07 14:10:55.252310,0 days 00:00:10.507353,49.371167753841945,27,COMPLETE
2807,0.019885710714892757,0.46652888354248023,2026-07-07 14:10:45.391263,2026-07-07 14:10:53.380704,0 days 00:00:07.989441,61.953065526841684,27,COMPLETE
2808,0.022364860032804357,0.466042837052713,2026-07-07 14:10:45.705387,2026-07-07 14:10:52.821376,0 days 00:00:07.115989,81.77286128209329,27,COMPLETE
2809,0.011832230067616578,0.4678362424084678,2026-07-07 14:10:45.708040,2026-07-07 14:10:57.396911,0 days 00:00:11.688871,19.31184436888621,27,COMPLETE
2810,0.024653609007298072,0.4657011907963451,2026-07-07 14:10:46.038213,2026-07-07 14:10:55.593080,0 days 00:00:09.554867,91.63260953954092,27,COMPLETE
2811,0.016481608778142864,0.4670720765036982,2026-07-07 14:10:46.038974,2026-07-07 14:10:55.249970,0 days 00:00:09.210996,47.36782186116631,27,COMPLETE
2812,0.024924480984406583,0.46569664019695317,2026-07-07 14:10:46.201286,2026-07-07 14:10:54.348576,0 days 00:00:08.147290,92.90791228523659,27,COMPLETE
2813,0.015423750263417635,0.467216214696822,2026-07-07 14:10:46.545384,2026-07-07 14:10:56.098868,0 days 00:00:09.553484,27.161055381880768,27,COMPLETE
2814,0.009344933648045617,0.4682173087948407,2026-07-07 14:10:46.549314,2026-07-07 14:10:58.736612,0 days 00:00:12.187298,16.245873724506946,27,COMPLETE
2815,0.010557734468593372,0.46810468580048437,2026-07-07 14:10:46.553970,2026-07-07 14:10:58.535699,0 days 00:00:11.981729,9.374710587608002,27,COMPLETE
2816,0.02494860331937354,0.4656942472457656,2026-07-07 14:10:46.748800,2026-07-07 14:10:52.598143,0 days 00:00:05.849343,92.97974492634388,27,COMPLETE
2817,0.020646276355275717,0.4662784782363253,2026-07-07 14:10:47.242514,2026-07-07 14:10:58.719859,0 days 00:00:11.477345,60.42636335347801,27,COMPLETE
2818,0.021910749834172683,0.4660796462169615,2026-07-07 14:10:47.607032,2026-07-07 14:10:55.261496,0 days 00:00:07.654464,65.6047198236354,27,COMPLETE
2819,0.015004835662747129,0.46712098375388994,2026-07-07 14:10:47.611714,2026-07-07 14:10:58.763991,0 days 00:00:11.152277,33.20481743233347,27,COMPLETE
2820,0.02084233683739195,0.46625992289832185,2026-07-07 14:10:47.635832,2026-07-07 14:10:58.033133,0 days 00:00:10.397301,67.82415593236162,27,COMPLETE
2821,0.010134496933638715,0.46828462952563266,2026-07-07 14:10:48.146511,2026-07-07 14:10:56.108233,0 days 00:00:07.961722,4.4182493758205705,27,COMPLETE
2822,0.02040907319916274,0.46625103675690277,2026-07-07 14:10:48.305092,2026-07-07 14:11:00.111881,0 days 00:00:11.806789,73.54697473061255,27,COMPLETE
2823,0.018171643646964664,0.46689057431862474,2026-07-07 14:10:48.312342,2026-07-07 14:10:58.809008,0 days 00:00:10.496666,45.02856752867253,27,COMPLETE
2824,0.02528501177719672,0.46566012722663885,2026-07-07 14:10:48.468882,2026-07-07 14:10:58.731935,0 days 00:00:10.263053,94.47384245994623,27,COMPLETE
2825,0.008704791589505656,0.4681645886142932,2026-07-07 14:10:48.471174,2026-07-07 14:10:58.741793,0 days 00:00:10.270619,10.38774160820184,27,COMPLETE
2826,0.011577502297902553,0.46795486689924415,2026-07-07 14:10:48.472600,2026-07-07 14:10:58.749570,0 days 00:00:10.276970,16.850814358504365,27,COMPLETE
2827,0.0158960217520161,0.4670907225890586,2026-07-07 14:10:48.474656,2026-07-07 14:10:59.606995,0 days 00:00:11.132339,35.05244567328765,27,COMPLETE
2828,0.018242113087981293,0.4666144005646243,2026-07-07 14:10:48.475827,2026-07-07 14:10:58.747001,0 days 00:00:10.271174,26.938797130844787,27,COMPLETE
2829,0.02073248602874528,0.46620670134558645,2026-07-07 14:10:48.477230,2026-07-07 14:10:52.889335,0 days 00:00:04.412105,72.71562084658643,27,COMPLETE
2830,0.017139625139267922,0.46689905752602884,2026-07-07 14:10:48.792239,2026-07-07 14:10:58.793149,0 days 00:00:10.000910,36.40221626879447,27,COMPLETE
2831,0.01740902385939397,0.4668506436114412,2026-07-07 14:10:48.794569,2026-07-07 14:10:58.727452,0 days 00:00:09.932883,41.7443365180732,27,COMPLETE
2832,0.020755589506435135,0.46622192481921554,2026-07-07 14:10:48.954649,2026-07-07 14:10:54.017272,0 days 00:00:05.062623,71.45537049820508,27,COMPLETE
2833,0.0141053624328899,0.46738421189507934,2026-07-07 14:10:49.300421,2026-07-07 14:11:01.470979,0 days 00:00:12.170558,30.81981583744754,27,COMPLETE
2834,0.019885920528557588,0.46634959337584936,2026-07-07 14:10:49.300728,2026-07-07 14:10:55.759206,0 days 00:00:06.458478,74.1512070280517,27,COMPLETE
2835,0.02113086746826004,0.4663734257995007,2026-07-07 14:10:49.461093,2026-07-07 14:11:01.462471,0 days 00:00:12.001378,63.64488376236866,27,COMPLETE
2836,0.016347523821120924,0.46701213693917565,2026-07-07 14:10:50.170746,2026-07-07 14:10:55.575595,0 days 00:00:05.404849,36.533745942856314,27,COMPLETE
2837,0.014323946029529466,0.4673043971923959,2026-07-07 14:10:50.187565,2026-07-07 14:11:01.673983,0 days 00:00:11.486418,32.968358202446076,27,COMPLETE
2838,0.020285113837960944,0.4662717576402417,2026-07-07 14:10:51.440040,2026-07-07 14:11:01.657556,0 days 00:00:10.217516,73.78537030183247,27,COMPLETE
2839,0.008916808951301203,0.46840538253082026,2026-07-07 14:10:51.607095,2026-07-07 14:11:04.115449,0 days 00:00:12.508354,31.592116505456318,27,COMPLETE
2840,0.014156631576088596,0.4675153224286751,2026-07-07 14:10:51.611501,2026-07-07 14:11:01.845055,0 days 00:00:10.233554,19.395830123702996,27,COMPLETE
2841,0.013657730263475776,0.46732995889186985,2026-07-07 14:10:51.776979,2026-07-07 14:10:58.970728,0 days 00:00:07.193749,7.604551521753951,27,COMPLETE
2842,0.01106341943342598,0.46779550551704485,2026-07-07 14:10:51.778096,2026-07-07 14:11:01.669904,0 days 00:00:09.891808,6.643861588393352,27,COMPLETE
2843,0.016146941080581234,0.4668445398848101,2026-07-07 14:10:52.585738,2026-07-07 14:11:01.480200,0 days 00:00:08.894462,5.50564025683743,27,COMPLETE
2844,0.024371947799833538,0.4651323867125832,2026-07-07 14:10:52.791899,2026-07-07 14:11:01.654148,0 days 00:00:08.862249,1.8571796352194188,27,COMPLETE
2845,0.021407513489475116,0.46615739981691573,2026-07-07 14:10:52.889553,2026-07-07 14:11:01.472235,0 days 00:00:08.582682,79.74572089662837,27,COMPLETE
2846,0.0184405090616917,0.4667960510477439,2026-07-07 14:10:52.898622,2026-07-07 14:11:00.271280,0 days 00:00:07.372658,59.418260466130135,27,COMPLETE
2847,0.016029374383342454,0.4670328783350186,2026-07-07 14:10:52.906974,2026-07-07 14:11:01.677881,0 days 00:00:08.770907,37.60908619269929,27,COMPLETE
2848,0.01912698471394686,0.4667422934207599,2026-07-07 14:10:54.017426,2026-07-07 14:11:01.667880,0 days 00:00:07.650454,59.03515220748147,28,COMPLETE
2849,0.0241877748487066,0.46575686808507305,2026-07-07 14:10:54.180362,2026-07-07 14:11:04.100943,0 days 00:00:09.920581,89.05635935603448,28,COMPLETE
2850,0.015094066206935597,0.46723505633927065,2026-07-07 14:10:54.182674,2026-07-07 14:11:04.648838,0 days 00:00:10.466164,37.751298658147455,28,COMPLETE
2851,0.017214919682323138,0.4669012410501726,2026-07-07 14:10:54.184323,2026-07-07 14:11:02.318672,0 days 00:00:08.134349,45.66906896133442,28,COMPLETE
2852,0.021675932838597867,0.466126223894575,2026-07-07 14:10:54.184646,2026-07-07 14:11:01.661866,0 days 00:00:07.477220,80.4401920835855,28,COMPLETE
2853,0.02527640416551591,0.4656582422970201,2026-07-07 14:10:54.187195,2026-07-07 14:10:58.808562,0 days 00:00:04.621367,96.55677910820454,28,COMPLETE
2854,0.01532588103005128,0.46720184987512914,2026-07-07 14:10:54.343934,2026-07-07 14:11:04.826706,0 days 00:00:10.482772,52.57407759073903,28,COMPLETE
2855,0.017217594969587524,0.4668970525620361,2026-07-07 14:10:54.346520,2026-07-07 14:11:04.616029,0 days 00:00:10.269509,47.573627749229594,28,COMPLETE
2856,0.008557990362932089,0.4685760617799908,2026-07-07 14:10:54.348828,2026-07-07 14:11:01.665731,0 days 00:00:07.316903,4.675597757047106,28,COMPLETE
2857,0.01568494305354362,0.4668984644972898,2026-07-07 14:10:54.349287,2026-07-07 14:11:04.646695,0 days 00:00:10.297408,3.6928010815217562,28,COMPLETE
2858,0.025085694666073688,0.46568018523541627,2026-07-07 14:10:54.508427,2026-07-07 14:11:06.122877,0 days 00:00:11.614450,93.56011755044021,28,COMPLETE
2859,0.020053019291362384,0.46652211629265583,2026-07-07 14:10:54.511351,2026-07-07 14:11:06.985971,0 days 00:00:12.474620,62.08162462842046,28,COMPLETE
2860,0.017964637312443188,0.46686479372696255,2026-07-07 14:10:54.513489,2026-07-07 14:11:04.653936,0 days 00:00:10.140447,35.03262461409754,28,COMPLETE
2861,0.007099303717477745,0.4685503772651991,2026-07-07 14:10:54.515838,2026-07-07 14:10:58.760343,0 days 00:00:04.244505,11.098172913311615,28,COMPLETE
2862,0.01928531705794373,0.4664668152746385,2026-07-07 14:10:54.516771,2026-07-07 14:11:05.149716,0 days 00:00:10.632945,55.65923646657234,28,COMPLETE
2863,0.020692877465730786,0.46627457047194937,2026-07-07 14:10:54.833024,2026-07-07 14:11:04.130542,0 days 00:00:09.297518,67.42859127491259,28,COMPLETE
2864,0.03506039202013822,0.4628925682164408,2026-07-07 14:10:55.014946,2026-07-07 14:11:07.702817,0 days 00:00:12.687871,1.0916182152870808,28,COMPLETE
2865,0.013372319279874811,0.4676574627144475,2026-07-07 14:10:55.033708,2026-07-07 14:11:04.649761,0 days 00:00:09.616053,24.646019786124647,28,COMPLETE
2866,0.013981813011011313,0.4677804985613483,2026-07-07 14:10:55.590880,2026-07-07 14:11:05.317087,0 days 00:00:09.726207,20.754612638174727,28,COMPLETE
2867,0.008910352082155903,0.4680022776858095,2026-07-07 14:10:55.753617,2026-07-07 14:11:07.144263,0 days 00:00:11.390646,13.935640978818785,28,COMPLETE
2868,0.021752398325366185,0.46609373596159087,2026-07-07 14:10:56.098724,2026-07-07 14:11:06.795554,0 days 00:00:10.696830,65.90420096828596,28,COMPLETE
2869,0.012026610516199687,0.46778563591432604,2026-07-07 14:10:56.104675,2026-07-07 14:11:07.711498,0 days 00:00:11.606823,27.25290378277552,28,COMPLETE
2870,0.02329987398999378,0.46596150182151386,2026-07-07 14:10:56.106638,2026-07-07 14:11:00.109490,0 days 00:00:04.002852,85.9348280430636,28,COMPLETE
2871,0.022016721619989077,0.4660734286575646,2026-07-07 14:10:56.108859,2026-07-07 14:11:07.161531,0 days 00:00:11.052672,64.7662252065982,28,COMPLETE
2872,0.01364513871555234,0.4674977063215152,2026-07-07 14:10:56.116134,2026-07-07 14:11:04.822706,0 days 00:00:08.706572,21.259933969236194,28,COMPLETE
2873,0.013245334174121992,0.4673136907319017,2026-07-07 14:10:56.117840,2026-07-07 14:11:01.456164,0 days 00:00:05.338324,8.686623142296718,28,COMPLETE
2874,0.013097038501185931,0.4673357775689415,2026-07-07 14:10:56.126738,2026-07-07 14:11:06.988362,0 days 00:00:10.861624,18.0702286948429,28,COMPLETE
2875,0.014231055565721129,0.4673885767911789,2026-07-07 14:10:56.128932,2026-07-07 14:11:04.825146,0 days 00:00:08.696214,22.43325745648239,28,COMPLETE
2876,0.012295484273008306,0.46747083076045337,2026-07-07 14:10:56.132520,2026-07-07 14:11:07.713728,0 days 00:00:11.581208,14.519167976359535,28,COMPLETE
2877,0.024119014096665947,0.46574810918801196,2026-07-07 14:10:56.138567,2026-07-07 14:11:01.655508,0 days 00:00:05.516941,90.52020818648008,28,COMPLETE
2878,0.025415798857310934,0.46564406212969844,2026-07-07 14:10:57.073849,2026-07-07 14:11:04.824711,0 days 00:00:07.750862,95.63360183849768,28,COMPLETE
2879,0.0223397090395126,0.466045618909015,2026-07-07 14:10:57.082849,2026-07-07 14:11:08.185721,0 days 00:00:11.102872,81.72558245096937,28,COMPLETE
2880,0.017029672001320384,0.4668659465975962,2026-07-07 14:10:57.395207,2026-07-07 14:11:07.166840,0 days 00:00:09.771633,27.284162747369884,28,COMPLETE
2881,0.02043335692391579,0.4662946833482773,2026-07-07 14:10:58.038568,2026-07-07 14:11:07.703255,0 days 00:00:09.664687,78.08246314063936,28,COMPLETE
2882,0.015708359931911497,0.46709218831081223,2026-07-07 14:10:58.535504,2026-07-07 14:11:08.425457,0 days 00:00:09.889953,40.78841882953556,28,COMPLETE
2883,0.02037688837034113,0.4663100898235294,2026-07-07 14:10:58.720211,2026-07-07 14:11:10.865351,0 days 00:00:12.145140,66.83704139430998,28,COMPLETE
2884,0.0250468647104512,0.46568717829310946,2026-07-07 14:10:58.809162,2026-07-07 14:11:08.244888,0 days 00:00:09.435726,97.64603689259128,28,COMPLETE
2885,0.02538235889446494,0.4656466330038673,2026-07-07 14:10:59.286540,2026-07-07 14:11:08.214036,0 days 00:00:08.927496,96.03013206232993,28,COMPLETE
2886,0.015827140165094344,0.4671173489888874,2026-07-07 14:10:59.786454,2026-07-07 14:11:11.515965,0 days 00:00:11.729511,27.454379603897532,28,COMPLETE
2887,0.019858527239867085,0.46637531464257664,2026-07-07 14:11:00.105284,2026-07-07 14:11:08.583680,0 days 00:00:08.478396,55.56337120281304,28,COMPLETE
2888,0.024824078203761035,0.46571362231584695,2026-07-07 14:11:00.108815,2026-07-07 14:11:11.859804,0 days 00:00:11.750989,98.19617593761896,28,COMPLETE
2889,0.011479707532683403,0.4677295511467822,2026-07-07 14:11:00.109360,2026-07-07 14:11:10.854330,0 days 00:00:10.744970,4.0662372980067785,28,COMPLETE
2890,0.022767089343502078,0.46600986993447246,2026-07-07 14:11:00.112808,2026-07-07 14:11:12.424854,0 days 00:00:12.312046,82.96857052477148,28,COMPLETE
2891,0.024525360027772947,0.4656971168918097,2026-07-07 14:11:00.904356,2026-07-07 14:11:11.865422,0 days 00:00:10.961066,91.18807767167284,28,COMPLETE
2892,0.020287343823819526,0.46631124409406954,2026-07-07 14:11:01.219196,2026-07-07 14:11:11.520447,0 days 00:00:10.301251,77.33713098300805,28,COMPLETE
2893,0.013488185502613714,0.467614834771962,2026-07-07 14:11:01.221514,2026-07-07 14:11:12.817580,0 days 00:00:11.596066,20.340142517447582,28,COMPLETE
2894,0.019064593824275555,0.4664933320356892,2026-07-07 14:11:01.222696,2026-07-07 14:11:10.850660,0 days 00:00:09.627964,56.664367430835675,28,COMPLETE
2895,0.017915413058955054,0.46672123527410425,2026-07-07 14:11:01.227521,2026-07-07 14:11:12.817285,0 days 00:00:11.589764,47.103765467615105,28,COMPLETE
2896,0.01657254456062951,0.46703054957330575,2026-07-07 14:11:01.255470,2026-07-07 14:11:10.506921,0 days 00:00:09.251451,47.851560456885046,28,COMPLETE
2897,0.018735405031143515,0.4667979602022986,2026-07-07 14:11:01.421143,2026-07-07 14:11:11.520535,0 days 00:00:10.099392,45.65013448081692,28,COMPLETE
2898,0.024230395983805275,0.4657436674649739,2026-07-07 14:11:01.427434,2026-07-07 14:11:08.424763,0 days 00:00:06.997329,89.45766274161886,28,COMPLETE
2899,0.02250178738713776,0.4660274264030489,2026-07-07 14:11:01.472496,2026-07-07 14:11:05.310900,0 days 00:00:03.838404,82.0216245771233,28,COMPLETE
2900,0.012235459255948378,0.4674724158933752,2026-07-07 14:11:01.635981,2026-07-07 14:11:10.861225,0 days 00:00:09.225244,3.6570305782146915,28,COMPLETE
2901,0.01963667466460528,0.46604114172694644,2026-07-07 14:11:01.668063,2026-07-07 14:11:07.875463,0 days 00:00:06.207400,2.1233364401636874,28,COMPLETE
2902,0.022218486555266592,0.46602664388837695,2026-07-07 14:11:01.678052,2026-07-07 14:11:07.526957,0 days 00:00:05.848905,65.19311034781757,28,COMPLETE
2903,0.012411910534800175,0.4676549098560193,2026-07-07 14:11:01.837803,2026-07-07 14:11:11.529731,0 days 00:00:09.691928,32.65412860028234,28,COMPLETE
2904,0.02192441470992762,0.46607904621181745,2026-07-07 14:11:01.999623,2026-07-07 14:11:11.867805,0 days 00:00:09.868182,65.55614908808752,28,COMPLETE
2905,0.01566720773372876,0.46707948278784867,2026-07-07 14:11:02.001345,2026-07-07 14:11:07.536924,0 days 00:00:05.535579,45.25969544744104,28,COMPLETE
2906,0.011597498589570432,0.4676148991626825,2026-07-07 14:11:02.003009,2026-07-07 14:11:12.207515,0 days 00:00:10.204506,9.244833496893856,28,COMPLETE
2907,0.021054630126241758,0.4661881491510993,2026-07-07 14:11:02.314109,2026-07-07 14:11:12.596937,0 days 00:00:10.282828,60.21359971469017,28,COMPLETE
2908,0.010805873476296746,0.4678548731631903,2026-07-07 14:11:02.314345,2026-07-07 14:11:15.427529,0 days 00:00:13.113184,15.785726939606516,28,COMPLETE
2909,0.014418940671775404,0.4673916769115527,2026-07-07 14:11:02.317003,2026-07-07 14:11:11.861758,0 days 00:00:09.544755,36.3564605509523,28,COMPLETE
2910,0.022791144637098748,0.46600737266129244,2026-07-07 14:11:02.319592,2026-07-07 14:11:08.219816,0 days 00:00:05.900224,83.07373427569445,28,COMPLETE
2911,0.01812252942163467,0.4667824725824474,2026-07-07 14:11:02.321514,2026-07-07 14:11:12.824475,0 days 00:00:10.502961,50.15227512878146,28,COMPLETE
2912,0.023979995604952842,0.4658163602376674,2026-07-07 14:11:02.477711,2026-07-07 14:11:12.208955,0 days 00:00:09.731244,87.92005567484883,28,COMPLETE
2913,0.01806309225502495,0.4666751439229817,2026-07-07 14:11:02.478959,2026-07-07 14:11:09.693610,0 days 00:00:07.214651,54.45326586907017,28,COMPLETE
2914,0.020522010533909785,0.46625608115905265,2026-07-07 14:11:02.480704,2026-07-07 14:11:12.981122,0 days 00:00:10.500418,71.81645182446647,28,COMPLETE
2915,0.011551502016787396,0.4677210453799202,2026-07-07 14:11:02.482745,2026-07-07 14:11:12.795323,0 days 00:00:10.312578,18.211465033689276,28,COMPLETE
2916,0.020852619354835178,0.4662561176898926,2026-07-07 14:11:02.485868,2026-07-07 14:11:12.981437,0 days 00:00:10.495569,77.04691996040403,28,COMPLETE
2917,0.022070582485883172,0.4660621901370099,2026-07-07 14:11:02.488666,2026-07-07 14:11:07.162328,0 days 00:00:04.673662,64.88254574789119,28,COMPLETE
2918,0.022284168229394608,0.46605907361309445,2026-07-07 14:11:03.115532,2026-07-07 14:11:15.438934,0 days 00:00:12.323402,64.44210978122214,28,COMPLETE
2919,0.025130531201480455,0.46567582686637365,2026-07-07 14:11:03.588762,2026-07-07 14:11:12.606663,0 days 00:00:09.017901,93.77783463294116,28,COMPLETE
2920,0.014417038691462214,0.46720828890460614,2026-07-07 14:11:05.318272,2026-07-07 14:11:18.082800,0 days 00:00:12.764528,6.772292003100952,28,COMPLETE
2921,0.02483238967115947,0.4657032753787005,2026-07-07 14:11:05.324569,2026-07-07 14:11:15.434464,0 days 00:00:10.109895,92.62743302190775,28,COMPLETE
2922,0.013338459390688617,0.46752568409059175,2026-07-07 14:11:05.636172,2026-07-07 14:11:08.227202,0 days 00:00:02.591030,16.845626396716902,28,COMPLETE
2923,0.024207398889369958,0.46574191514962343,2026-07-07 14:11:05.645905,2026-07-07 14:11:16.415384,0 days 00:00:10.769479,89.96975341339032,28,COMPLETE
2924,0.02274878459554619,0.4660112779549596,2026-07-07 14:11:06.123671,2026-07-07 14:11:15.917798,0 days 00:00:09.794127,82.88119344802082,28,COMPLETE
2925,0.012947781268642045,0.4675051804503328,2026-07-07 14:11:06.127961,2026-07-07 14:11:15.257765,0 days 00:00:09.129804,15.370701752406232,28,COMPLETE
2926,0.025355652600655476,0.465649367367075,2026-07-07 14:11:06.143133,2026-07-07 14:11:16.421762,0 days 00:00:10.278629,96.19463473741158,28,COMPLETE
2927,0.023911114095635344,0.46583342382744974,2026-07-07 14:11:06.153726,2026-07-07 14:11:15.936683,0 days 00:00:09.782957,87.78303480892423,28,COMPLETE
2928,0.020867600094197858,0.4661886517111944,2026-07-07 14:11:06.786807,2026-07-07 14:11:16.422673,0 days 00:00:09.635866,72.33619140305078,28,COMPLETE
2929,0.02388718190099648,0.46583914539919047,2026-07-07 14:11:06.797068,2026-07-07 14:11:15.435354,0 days 00:00:08.638286,87.74167553660196,28,COMPLETE
2930,0.02016305044703498,0.4662973611196117,2026-07-07 14:11:06.801699,2026-07-07 14:11:16.419992,0 days 00:00:09.618293,73.90132769107133,28,COMPLETE
2931,0.017187585204502198,0.46653248944840103,2026-07-07 14:11:06.819775,2026-07-07 14:11:17.069563,0 days 00:00:10.249788,2.855620757353141,28,COMPLETE
2932,0.015925623839557423,0.4672744064384857,2026-07-07 14:11:06.826262,2026-07-07 14:11:12.373100,0 days 00:00:05.546838,24.285332422895777,28,COMPLETE
2933,0.019786353778707466,0.4659046371142509,2026-07-07 14:11:07.167053,2026-07-07 14:11:17.740341,0 days 00:00:10.573288,2.603153633025202,28,COMPLETE
2934,0.012631957859874254,0.4675061084189295,2026-07-07 14:11:07.174398,2026-07-07 14:11:12.633700,0 days 00:00:05.459302,15.217938700432306,28,COMPLETE
2935,0.02474648144012509,0.46569987285424186,2026-07-07 14:11:07.350295,2026-07-07 14:11:20.348376,0 days 00:00:12.998081,92.12421178854137,28,COMPLETE
2936,0.019510416280722642,0.4664676238707159,2026-07-07 14:11:08.187608,2026-07-07 14:11:19.484486,0 days 00:00:11.296878,58.20749346464001,28,COMPLETE
2937,0.02287270902655869,0.4659979752304735,2026-07-07 14:11:08.191291,2026-07-07 14:11:19.666013,0 days 00:00:11.474722,83.51583037924411,28,COMPLETE
2938,0.017756354353243742,0.4668874245024093,2026-07-07 14:11:08.192591,2026-07-07 14:11:20.563893,0 days 00:00:12.371302,50.670225841456,28,COMPLETE
2939,0.01744666527988059,0.46618855812868487,2026-07-07 14:11:08.197175,2026-07-07 14:11:18.080624,0 days 00:00:09.883449,3.251326648182991,28,COMPLETE
2940,0.018606011378502818,0.4668085624714849,2026-07-07 14:11:08.207789,2026-07-07 14:11:18.121117,0 days 00:00:09.913328,45.05833429051196,28,COMPLETE
2941,0.012418183566058949,0.46765203391656024,2026-07-07 14:11:08.249780,2026-07-07 14:11:18.090404,0 days 00:00:09.840624,38.05402597985219,28,COMPLETE
2942,0.024787268784854877,0.46571866740551127,2026-07-07 14:11:08.422752,2026-07-07 14:11:18.152708,0 days 00:00:09.729956,98.26454532539502,28,COMPLETE
2943,0.018666413229560308,0.466796896207052,2026-07-07 14:11:08.739112,2026-07-07 14:11:12.792032,0 days 00:00:04.052920,45.05195290363903,28,COMPLETE
2944,0.025100833245318033,0.46568122697144443,2026-07-07 14:11:08.895740,2026-07-07 14:11:20.362935,0 days 00:00:11.467195,97.34044387616767,28,COMPLETE
2945,0.024122788334660306,0.46574765498302273,2026-07-07 14:11:09.052431,2026-07-07 14:11:20.173298,0 days 00:00:11.120867,90.50922378296323,28,COMPLETE
2946,0.025076091353390395,0.46568433416521454,2026-07-07 14:11:09.055109,2026-07-07 14:11:18.078894,0 days 00:00:09.023785,97.50370019878389,28,COMPLETE
2947,0.02541598843045567,0.46564371106621616,2026-07-07 14:11:09.368913,2026-07-07 14:11:19.470371,0 days 00:00:10.101458,95.31199129335582,28,COMPLETE
2948,0.021855502630114154,0.46607312107593923,2026-07-07 14:11:09.369439,2026-07-07 14:11:17.230132,0 days 00:00:07.860693,65.84110887235325,28,COMPLETE
2949,0.016860201596555602,0.46698009758479,2026-07-07 14:11:09.526894,2026-07-07 14:11:20.541101,0 days 00:00:11.014207,22.8246366525365,28,COMPLETE
2950,0.01989969136294034,0.46648724225109794,2026-07-07 14:11:09.686630,2026-07-07 14:11:18.963327,0 days 00:00:09.276697,61.77654665693884,28,COMPLETE
2951,0.01993501695688077,0.4662963504199074,2026-07-07 14:11:09.693850,2026-07-07 14:11:20.356785,0 days 00:00:10.662935,76.18342547030915,28,COMPLETE
2952,0.02423901760858016,0.46574668794429247,2026-07-07 14:11:09.697339,2026-07-07 14:11:19.450275,0 days 00:00:09.752936,89.25417620023786,28,COMPLETE
2953,0.01666295817210267,0.4670405040235509,2026-07-07 14:11:09.697711,2026-07-07 14:11:19.487846,0 days 00:00:09.790135,40.17759321090874,28,COMPLETE
2954,0.025415447653226786,0.4656437858552978,2026-07-07 14:11:10.011156,2026-07-07 14:11:23.611721,0 days 00:00:13.600565,95.30123650482935,28,COMPLETE
2955,0.013909285353982448,0.4673160116571154,2026-07-07 14:11:10.017919,2026-07-07 14:11:23.586484,0 days 00:00:13.568565,18.28791260507943,28,COMPLETE
2956,0.014495738685782023,0.4672898744549622,2026-07-07 14:11:10.020482,2026-07-07 14:11:20.359168,0 days 00:00:10.338686,19.516504134304355,28,COMPLETE
2957,0.020615998591216766,0.46627961397934625,2026-07-07 14:11:10.179112,2026-07-07 14:11:20.169240,0 days 00:00:09.990128,41.64314550173587,28,COMPLETE
2958,0.024850601635441727,0.46570246259490705,2026-07-07 14:11:11.520840,2026-07-07 14:11:21.378454,0 days 00:00:09.857614,92.69134086892282,29,COMPLETE
2959,0.014049734875885733,0.4675383499965073,2026-07-07 14:11:12.401343,2026-07-07 14:11:22.724770,0 days 00:00:10.323427,20.862037452846543,29,COMPLETE
2960,0.025238664308824266,0.4656652562884802,2026-07-07 14:11:12.410212,2026-07-07 14:11:19.441465,0 days 00:00:07.031253,94.26912061681044,29,COMPLETE
2961,0.013649790238465243,0.46756201106371964,2026-07-07 14:11:12.412496,2026-07-07 14:11:24.114997,0 days 00:00:11.702501,20.04032156982793,29,COMPLETE
2962,0.03005916766581873,0.4636924398413887,2026-07-07 14:11:12.416818,2026-07-07 14:11:15.934526,0 days 00:00:03.517708,1.07096499069026,29,COMPLETE
2963,0.02284141345539792,0.4660009028134032,2026-07-07 14:11:12.419699,2026-07-07 14:11:18.131014,0 days 00:00:05.711315,83.33455001253603,29,COMPLETE
2964,0.022026483366162974,0.4660546637220522,2026-07-07 14:11:12.597391,2026-07-07 14:11:23.541465,0 days 00:00:10.944074,68.8475799415917,29,COMPLETE
2965,0.02226677540276878,0.46605407601165894,2026-07-07 14:11:12.610770,2026-07-07 14:11:21.555746,0 days 00:00:08.944976,81.58561816329161,29,COMPLETE
2966,0.011848922723836863,0.4682987315855652,2026-07-07 14:11:12.618421,2026-07-07 14:11:21.555983,0 days 00:00:08.937562,15.308035210256485,29,COMPLETE
2967,0.010313937375808324,0.46792678347107414,2026-07-07 14:11:12.621738,2026-07-07 14:11:22.714311,0 days 00:00:10.092573,18.045143324836896,29,COMPLETE
2968,0.019422676391431637,0.46639544818634093,2026-07-07 14:11:12.623664,2026-07-07 14:11:23.601870,0 days 00:00:10.978206,74.8541244391168,29,COMPLETE
2969,0.016868836871703263,0.46694311129583094,2026-07-07 14:11:12.626436,2026-07-07 14:11:17.571990,0 days 00:00:04.945554,38.31156827507146,29,COMPLETE
2970,0.011639214758332073,0.46781786761917094,2026-07-07 14:11:12.629358,2026-07-07 14:11:22.716459,0 days 00:00:10.087101,38.8012959909726,29,COMPLETE
2971,0.01597549341929555,0.46703214842342805,2026-07-07 14:11:12.794148,2026-07-07 14:11:23.575395,0 days 00:00:10.781247,42.43312367162541,29,COMPLETE
2972,0.024781273819600214,0.4657032971183243,2026-07-07 14:11:12.802428,2026-07-07 14:11:18.150689,0 days 00:00:05.348261,92.39052622426188,29,COMPLETE
2973,0.02104667097163393,0.4661709330126964,2026-07-07 14:11:12.806613,2026-07-07 14:11:20.535430,0 days 00:00:07.728817,41.483246466418194,29,COMPLETE
2974,0.01812016934938071,0.4667301397129565,2026-07-07 14:11:12.814608,2026-07-07 14:11:23.945533,0 days 00:00:11.130925,54.411526303058004,29,COMPLETE
2975,0.010828025967588029,0.4678499239486491,2026-07-07 14:11:12.815986,2026-07-07 14:11:24.113777,0 days 00:00:11.297791,16.437276898458045,29,COMPLETE
2976,0.01819053813778576,0.4668482903833406,2026-07-07 14:11:12.818840,2026-07-07 14:11:23.949701,0 days 00:00:11.130861,59.47056202635697,29,COMPLETE
2977,0.016786508839452652,0.4670283766052771,2026-07-07 14:11:12.825026,2026-07-07 14:11:20.733345,0 days 00:00:07.908319,48.24302730542463,29,COMPLETE
2978,0.016771380169123662,0.4669416614600107,2026-07-07 14:11:12.982767,2026-07-07 14:11:23.619543,0 days 00:00:10.636776,41.21147355818428,29,COMPLETE
2979,0.02075432826357898,0.4662522804585618,2026-07-07 14:11:13.138801,2026-07-07 14:11:19.449009,0 days 00:00:06.310208,60.37980493005218,29,COMPLETE
2980,0.015584642653153624,0.46716687718233885,2026-07-07 14:11:13.294796,2026-07-07 14:11:23.608495,0 days 00:00:10.313699,27.17580079167098,29,COMPLETE
2981,0.02374679722229872,0.4658589557033649,2026-07-07 14:11:13.451641,2026-07-07 14:11:23.609269,0 days 00:00:10.157628,87.53581815842662,29,COMPLETE
2982,0.02506860973107089,0.46568511191449646,2026-07-07 14:11:13.453293,2026-07-07 14:11:23.790964,0 days 00:00:10.337671,97.54394662150625,29,COMPLETE
2983,0.02277107295412556,0.46600949792967133,2026-07-07 14:11:13.455036,2026-07-07 14:11:18.087698,0 days 00:00:04.632662,82.98649595159361,29,COMPLETE
2984,0.023326137739526687,0.46595398115555514,2026-07-07 14:11:13.457078,2026-07-07 14:11:23.590985,0 days 00:00:10.133907,86.05960967661038,29,COMPLETE
2985,0.008222864735068447,0.46831158384927707,2026-07-07 14:11:13.766994,2026-07-07 14:11:27.869588,0 days 00:00:14.102594,10.148050358872792,29,COMPLETE
2986,0.02125075998743836,0.4661839392535524,2026-07-07 14:11:16.408659,2026-07-07 14:11:28.729952,0 days 00:00:12.321293,66.11442840650119,29,COMPLETE
2987,0.024504807477459256,0.4656976931232861,2026-07-07 14:11:17.229841,2026-07-07 14:11:28.913864,0 days 00:00:11.684023,91.1422876877955,29,COMPLETE
2988,0.018256747629833425,0.4666517971305102,2026-07-07 14:11:17.233848,2026-07-07 14:11:25.723620,0 days 00:00:08.489772,25.67744723866202,29,COMPLETE
2989,0.01559846923055902,0.46715348893937103,2026-07-07 14:11:17.570268,2026-07-07 14:11:29.783659,0 days 00:00:12.213391,36.4050135141189,29,COMPLETE
2990,0.005373725818585806,0.4690415455551929,2026-07-07 14:11:17.577728,2026-07-07 14:11:25.092421,0 days 00:00:07.514693,13.038953163206276,29,COMPLETE
2991,0.0176782998144287,0.46679130694357557,2026-07-07 14:11:17.738586,2026-07-07 14:11:28.734023,0 days 00:00:10.995437,48.53448948192066,29,COMPLETE
2992,0.013905284016648978,0.4669960132072655,2026-07-07 14:11:18.098556,2026-07-07 14:11:28.726990,0 days 00:00:10.628434,8.676340132904349,29,COMPLETE
2993,0.015938898542558366,0.46713107720566827,2026-07-07 14:11:18.331968,2026-07-07 14:11:33.039607,0 days 00:00:14.707639,24.93670274685277,29,COMPLETE
2994,0.02306494138219134,0.4659954368367568,2026-07-07 14:11:18.332724,2026-07-07 14:11:29.262851,0 days 00:00:10.930127,84.87735654993884,29,COMPLETE
2995,0.013802735659387555,0.4674846412130987,2026-07-07 14:11:18.490957,2026-07-07 14:11:28.532389,0 days 00:00:10.041432,43.15889389411349,29,COMPLETE
2996,0.012631953003438334,0.46768218554752206,2026-07-07 14:11:18.647359,2026-07-07 14:11:30.584368,0 days 00:00:11.937009,19.948525224454265,29,COMPLETE
2997,0.02458079862792001,0.4657459807686548,2026-07-07 14:11:18.804385,2026-07-07 14:11:29.771980,0 days 00:00:10.967595,98.74020374629133,29,COMPLETE
2998,0.014917481431348745,0.4673567485304275,2026-07-07 14:11:18.971987,2026-07-07 14:11:30.653937,0 days 00:00:11.681950,23.53104151101642,29,COMPLETE
2999,0.01782506312214538,0.4668171071074577,2026-07-07 14:11:19.464513,2026-07-07 14:11:30.577879,0 days 00:00:11.113366,44.51376883694808,29,COMPLETE
3000,0.008956792098233357,0.46828678125143586,2026-07-07 14:11:19.473933,2026-07-07 14:11:28.724725,0 days 00:00:09.250792,9.50830250032024,29,COMPLETE
3001,0.025121557603257516,0.4656766787723701,2026-07-07 14:11:19.477440,2026-07-07 14:11:31.192923,0 days 00:00:11.715483,93.73496173506119,29,COMPLETE
3002,0.014869673436538833,0.4673905996886964,2026-07-07 14:11:19.486161,2026-07-07 14:11:28.529772,0 days 00:00:09.043611,28.142730097788668,29,COMPLETE
3003,0.01684892504141733,0.4670408905011575,2026-07-07 14:11:19.488023,2026-07-07 14:11:30.844588,0 days 00:00:11.356565,34.65795279910013,29,COMPLETE
3004,0.009977415029742143,0.468026308333925,2026-07-07 14:11:19.492224,2026-07-07 14:11:30.621771,0 days 00:00:11.129547,13.773078215614474,29,COMPLETE
3005,0.02176122366205918,0.4661056097227663,2026-07-07 14:11:19.493728,2026-07-07 14:11:29.752004,0 days 00:00:10.258276,68.59944607237924,29,COMPLETE
3006,0.01239066602279476,0.4674552471407922,2026-07-07 14:11:19.499042,2026-07-07 14:11:28.696747,0 days 00:00:09.197705,8.136120206991986,29,COMPLETE
3007,0.011744974540647657,0.4676319098328713,2026-07-07 14:11:19.981145,2026-07-07 14:11:30.866144,0 days 00:00:10.884999,3.489428595004545,29,COMPLETE
3008,0.010343107519215577,0.4677667021613358,2026-07-07 14:11:20.174557,2026-07-07 14:11:28.735223,0 days 00:00:08.560666,14.434646429278489,29,COMPLETE
3009,0.020684113048615282,0.46625050794726675,2026-07-07 14:11:20.359354,2026-07-07 14:11:30.576822,0 days 00:00:10.217468,70.73294745318141,29,COMPLETE
3010,0.020631600030499464,0.466343584228634,2026-07-07 14:11:20.359591,2026-07-07 14:11:23.626702,0 days 00:00:03.267111,60.93655386650748,29,COMPLETE
3011,0.01572846944700723,0.4672400619909787,2026-07-07 14:11:20.374845,2026-07-07 14:11:30.643197,0 days 00:00:10.268352,46.94692149762974,29,COMPLETE
3012,0.020786488189346253,0.4662571344534117,2026-07-07 14:11:20.533457,2026-07-07 14:11:25.074313,0 days 00:00:04.540856,76.9203714896164,29,COMPLETE
3013,0.019927282553991454,0.466596384976184,2026-07-07 14:11:20.546350,2026-07-07 14:11:30.588668,0 days 00:00:10.042318,62.60841403894524,29,COMPLETE
3014,0.01520155906169679,0.4670591138619561,2026-07-07 14:11:20.547347,2026-07-07 14:11:29.770914,0 days 00:00:09.223567,8.427022113630578,29,COMPLETE
3015,0.01941006523850841,0.46639843901012507,2026-07-07 14:11:20.558798,2026-07-07 14:11:29.267432,0 days 00:00:08.708634,74.82905386831,29,COMPLETE
3016,0.023114916372621197,0.46598854867260564,2026-07-07 14:11:20.569342,2026-07-07 14:11:30.595371,0 days 00:00:10.026029,85.06924956161552,29,COMPLETE
3017,0.012611462092010362,0.46751726927972725,2026-07-07 14:11:20.571536,2026-07-07 14:11:30.591988,0 days 00:00:10.020452,8.406875972802185,29,COMPLETE
3018,0.01995788840883389,0.46629362865651847,2026-07-07 14:11:20.572829,2026-07-07 14:11:30.859412,0 days 00:00:10.286583,41.506793584948895,29,COMPLETE
3019,0.017937667365692744,0.46681432901210007,2026-07-07 14:11:20.729517,2026-07-07 14:11:28.908700,0 days 00:00:08.179183,41.51892228150946,29,COMPLETE
3020,0.0049003538682033665,0.4691756609923211,2026-07-07 14:11:20.730681,2026-07-07 14:11:33.703649,0 days 00:00:12.972968,11.195860318382522,29,COMPLETE
3021,0.014051784734299355,0.467353247323487,2026-07-07 14:11:21.368770,2026-07-07 14:11:28.526610,0 days 00:00:07.157840,33.64955035534159,29,COMPLETE
3022,0.0025326091988029376,0.46965137831025555,2026-07-07 14:11:21.369031,2026-07-07 14:11:27.692844,0 days 00:00:06.323813,5.126074434182447,29,COMPLETE
3023,0.014882745625175997,0.46724071396559397,2026-07-07 14:11:21.370339,2026-07-07 14:11:30.851472,0 days 00:00:09.481133,37.76256507187571,29,COMPLETE
3024,0.02442623761247692,0.46570542448117314,2026-07-07 14:11:21.385337,2026-07-07 14:11:33.711079,0 days 00:00:12.325742,90.9876144884833,29,COMPLETE
3025,0.013677832347500918,0.4671597208831537,2026-07-07 14:11:21.386828,2026-07-07 14:11:31.551966,0 days 00:00:10.165138,8.88293855679096,29,COMPLETE
3026,0.011208407355913386,0.46816933798790916,2026-07-07 14:11:21.550059,2026-07-07 14:11:28.900641,0 days 00:00:07.350582,21.562204930836955,29,COMPLETE
3027,0.02444611242278022,0.46575837680299187,2026-07-07 14:11:21.556258,2026-07-07 14:11:29.241817,0 days 00:00:07.685559,99.51623232515992,29,COMPLETE
3028,0.021495059833411934,0.4661061764834279,2026-07-07 14:11:22.036979,2026-07-07 14:11:28.728831,0 days 00:00:06.691852,78.83920332944588,29,COMPLETE
3029,0.006942154757343444,0.46870440643172817,2026-07-07 14:11:22.728330,2026-07-07 14:11:30.832521,0 days 00:00:08.104191,4.7288547313480045,29,COMPLETE
3030,0.019702348862792207,0.4663287205999933,2026-07-07 14:11:23.039002,2026-07-07 14:11:30.840223,0 days 00:00:07.801221,75.29350009655795,29,COMPLETE
3031,0.014859909588864073,0.4674256703091557,2026-07-07 14:11:23.527541,2026-07-07 14:11:33.036254,0 days 00:00:09.508713,40.293868507123165,29,COMPLETE
3032,0.02484091201381211,0.46570293835954585,2026-07-07 14:11:23.544007,2026-07-07 14:11:33.068193,0 days 00:00:09.524186,92.65835652243531,29,COMPLETE
3033,0.01922304909145267,0.46646561425533833,2026-07-07 14:11:23.579544,2026-07-07 14:11:33.067283,0 days 00:00:09.487739,56.5057237655204,29,COMPLETE
3034,0.020652705800928872,0.466259758583633,2026-07-07 14:11:23.946114,2026-07-07 14:11:33.707561,0 days 00:00:09.761447,77.89151935416862,29,COMPLETE
3035,0.011218028320009843,0.46796148981917274,2026-07-07 14:11:23.948204,2026-07-07 14:11:33.871246,0 days 00:00:09.923042,17.485510245682786,29,COMPLETE
3036,0.020609968194575723,0.46624665105572816,2026-07-07 14:11:23.951477,2026-07-07 14:11:33.877505,0 days 00:00:09.926028,71.59643735608292,29,COMPLETE
3037,0.01393552409912363,0.4673977656765151,2026-07-07 14:11:23.951838,2026-07-07 14:11:34.898758,0 days 00:00:10.946920,31.805068510555063,29,COMPLETE
3038,0.022367717914296703,0.4659610474696143,2026-07-07 14:11:23.955126,2026-07-07 14:11:31.200763,0 days 00:00:07.245637,69.7544940501362,29,COMPLETE
3039,0.022284174373050414,0.46600411891472077,2026-07-07 14:11:24.113064,2026-07-07 14:11:34.205840,0 days 00:00:10.092776,69.43458503576136,29,COMPLETE
3040,0.025384086311973864,0.4656464661036461,2026-07-07 14:11:24.116336,2026-07-07 14:11:39.252332,0 days 00:00:15.135996,96.01772113874333,29,COMPLETE
3041,0.01618445690768644,0.46670857612101746,2026-07-07 14:11:24.283364,2026-07-07 14:11:35.080160,0 days 00:00:10.796796,3.3019361193318555,29,COMPLETE
3042,0.017020157798749103,0.4670283666967056,2026-07-07 14:11:24.607877,2026-07-07 14:11:39.592330,0 days 00:00:14.984453,44.87883026448557,29,COMPLETE
3043,0.020060147968604836,0.46639218926530607,2026-07-07 14:11:25.076826,2026-07-07 14:11:30.660064,0 days 00:00:05.583238,53.776271232175596,29,COMPLETE
3044,0.01997979002811312,0.4665376977536,2026-07-07 14:11:25.078501,2026-07-07 14:11:34.897723,0 days 00:00:09.819222,62.150100410230074,29,COMPLETE
3045,0.021761770271338243,0.4661158117688534,2026-07-07 14:11:25.079699,2026-07-07 14:11:34.388680,0 days 00:00:09.308981,80.60168019014606,29,COMPLETE
3046,0.020646364291852348,0.4662891369072904,2026-07-07 14:11:25.403451,2026-07-07 14:11:35.083975,0 days 00:00:09.680524,67.5304467472516,29,COMPLETE
3047,0.02492918462231203,0.4656961855939129,2026-07-07 14:11:25.405164,2026-07-07 14:11:35.088394,0 days 00:00:09.683230,92.92153426897691,29,COMPLETE
3048,0.012911004854193275,0.4677272826419079,2026-07-07 14:11:25.564718,2026-07-07 14:11:35.907868,0 days 00:00:10.343150,20.19502804312151,29,COMPLETE
3049,0.0207853868987673,0.46619798628431186,2026-07-07 14:11:25.724416,2026-07-07 14:11:31.198677,0 days 00:00:05.474261,72.60308034334749,29,COMPLETE
3050,0.019461119456839926,0.46638581894778175,2026-07-07 14:11:26.662486,2026-07-07 14:11:39.578712,0 days 00:00:12.916226,74.92788659937327,29,COMPLETE
3051,0.019029526216026438,0.4666440499034058,2026-07-07 14:11:27.861398,2026-07-07 14:11:40.797561,0 days 00:00:12.936163,58.53207949131838,29,COMPLETE
3052,0.020752354579061327,0.4662040635005681,2026-07-07 14:11:29.077252,2026-07-07 14:11:40.265385,0 days 00:00:11.188133,72.6653696668535,29,COMPLETE
3053,0.011357865965711533,0.46781265917135717,2026-07-07 14:11:29.080490,2026-07-07 14:11:35.265781,0 days 00:00:06.185291,20.727167068996366,29,COMPLETE
3054,0.018385683874881542,0.46682645828412866,2026-07-07 14:11:29.775659,2026-07-07 14:11:40.794201,0 days 00:00:11.018542,43.68342758363047,30,COMPLETE
3055,0.024916685453282073,0.4656973785502352,2026-07-07 14:11:29.785342,2026-07-07 14:11:38.908720,0 days 00:00:09.123378,92.88560953859816,30,COMPLETE
3056,0.01821558496311526,0.46675828585835033,2026-07-07 14:11:30.099886,2026-07-07 14:11:39.586637,0 days 00:00:09.486751,50.9443077697322,30,COMPLETE
3057,0.017214442939262997,0.46687567659937595,2026-07-07 14:11:30.568460,2026-07-07 14:11:38.745255,0 days 00:00:08.176795,38.58476451548199,30,COMPLETE
3058,0.01742958239836767,0.4669660280376924,2026-07-07 14:11:30.612967,2026-07-07 14:11:41.139758,0 days 00:00:10.526791,50.552026038491036,30,COMPLETE
3059,0.01857327642652684,0.46675917737254313,2026-07-07 14:11:30.615201,2026-07-07 14:11:39.566542,0 days 00:00:08.951341,41.613532196505965,30,COMPLETE
3060,0.019360273408671025,0.46647485904844216,2026-07-07 14:11:30.632092,2026-07-07 14:11:38.910608,0 days 00:00:08.278516,55.39034492463323,30,COMPLETE
3061,0.017291484518596856,0.46673394488221354,2026-07-07 14:11:30.638024,2026-07-07 14:11:43.368954,0 days 00:00:12.730930,3.8106734048876048,30,COMPLETE
3062,0.008464326230884944,0.4684066818696406,2026-07-07 14:11:30.640315,2026-07-07 14:11:38.357066,0 days 00:00:07.716751,11.479896803174107,30,COMPLETE
3063,0.021595465490696242,0.4661311051329667,2026-07-07 14:11:30.654213,2026-07-07 14:11:40.791461,0 days 00:00:10.137248,68.41918013709615,30,COMPLETE
3064,0.017572439759543534,0.466783575432277,2026-07-07 14:11:30.654396,2026-07-07 14:11:40.262165,0 days 00:00:09.607769,54.896165870770226,30,COMPLETE
3065,0.022794815060495077,0.4660069469077309,2026-07-07 14:11:30.840500,2026-07-07 14:11:40.966938,0 days 00:00:10.126438,83.08945452133699,30,COMPLETE
3066,0.02761698875990498,0.4635466457306786,2026-07-07 14:11:30.843933,2026-07-07 14:11:42.520577,0 days 00:00:11.676644,1.324241330208476,30,COMPLETE
3067,0.0245847730472325,0.4657454936936417,2026-07-07 14:11:30.844768,2026-07-07 14:11:37.662970,0 days 00:00:06.818202,98.72833829426062,30,COMPLETE
3068,0.02082867768633756,0.466439691721279,2026-07-07 14:11:30.846509,2026-07-07 14:11:39.072018,0 days 00:00:08.225509,63.220784762458614,30,COMPLETE
3069,0.024730785802687116,0.4656974465679391,2026-07-07 14:11:30.851657,2026-07-07 14:11:41.167072,0 days 00:00:10.315415,91.97572888342216,30,COMPLETE
3070,0.013501319409209955,0.46748458170842955,2026-07-07 14:11:30.863346,2026-07-07 14:11:40.974854,0 days 00:00:10.111508,20.456558984523344,30,COMPLETE
3071,0.0168783277861162,0.46697784488245203,2026-07-07 14:11:31.026126,2026-07-07 14:11:40.962905,0 days 00:00:09.936779,48.15212869483281,30,COMPLETE
3072,0.007523920882975432,0.4684897735653128,2026-07-07 14:11:31.026712,2026-07-07 14:11:39.565870,0 days 00:00:08.539158,9.437103910063662,30,COMPLETE
3073,0.016590273505940556,0.46700647050371497,2026-07-07 14:11:31.182800,2026-07-07 14:11:39.606413,0 days 00:00:08.423613,40.58047218538666,30,COMPLETE
3074,0.017510167781676578,0.466805977491433,2026-07-07 14:11:31.184340,2026-07-07 14:11:35.593957,0 days 00:00:04.409617,54.066539399331354,30,COMPLETE
3075,0.010044122373293218,0.4681735663231545,2026-07-07 14:11:31.185433,2026-07-07 14:11:40.601825,0 days 00:00:09.416392,31.70357999768207,30,COMPLETE
3076,0.02275954055490048,0.46601051665759996,2026-07-07 14:11:31.186743,2026-07-07 14:11:41.347582,0 days 00:00:10.160839,82.93367189184853,30,COMPLETE
3077,0.014472630172651824,0.46717264751726606,2026-07-07 14:11:31.201050,2026-07-07 14:11:40.269593,0 days 00:00:09.068543,33.219307401865976,30,COMPLETE
3078,0.021824539904658158,0.46610835477468704,2026-07-07 14:11:31.202140,2026-07-07 14:11:42.350476,0 days 00:00:11.148336,80.72232727364526,30,COMPLETE
3079,0.018426982463596975,0.4668518425656296,2026-07-07 14:11:31.539825,2026-07-07 14:11:40.265716,0 days 00:00:08.725891,45.07445619873619,30,COMPLETE
3080,0.020906796563075536,0.466262060204377,2026-07-07 14:11:31.541606,2026-07-07 14:11:38.705267,0 days 00:00:07.163661,59.97291626785736,30,COMPLETE
3081,0.020654158134589207,0.46623911727141565,2026-07-07 14:11:31.543535,2026-07-07 14:11:35.590263,0 days 00:00:04.046728,71.54196137275355,30,COMPLETE
3082,0.019778436661091525,0.4663130455963205,2026-07-07 14:11:31.546436,2026-07-07 14:11:33.888284,0 days 00:00:02.341848,75.83474059242828,30,COMPLETE
3083,0.022798790546809666,0.4660064748428062,2026-07-07 14:11:31.546639,2026-07-07 14:11:41.525712,0 days 00:00:09.979073,83.10652295706865,30,COMPLETE
3084,0.022943665610222985,0.4659946003168888,2026-07-07 14:11:31.553360,2026-07-07 14:11:43.340396,0 days 00:00:11.787036,83.94395911373431,30,COMPLETE
3085,0.023614966004518456,0.465879635107273,2026-07-07 14:11:31.555186,2026-07-07 14:11:41.684931,0 days 00:00:10.129745,87.01329752554749,30,COMPLETE
3086,0.012794767295523812,0.4675876771249083,2026-07-07 14:11:31.864132,2026-07-07 14:11:38.369220,0 days 00:00:06.505088,33.836661473289205,30,COMPLETE
3087,0.019769255696743482,0.46652362268706427,2026-07-07 14:11:31.865489,2026-07-07 14:11:41.156013,0 days 00:00:09.290524,24.057860944987027,30,COMPLETE
3088,0.021219583700870348,0.46619578342138773,2026-07-07 14:11:31.865628,2026-07-07 14:11:42.518807,0 days 00:00:10.653179,61.147603719872734,30,COMPLETE
3089,0.020005664116304722,0.46658569299415675,2026-07-07 14:11:32.024503,2026-07-07 14:11:38.735302,0 days 00:00:06.710799,62.67393350328664,30,COMPLETE
3090,0.013371524750041996,0.46802771865794923,2026-07-07 14:11:32.024835,2026-07-07 14:11:41.140367,0 days 00:00:09.115532,20.814726696442573,30,COMPLETE
3091,0.006145049059370411,0.46871307194629963,2026-07-07 14:11:32.026862,2026-07-07 14:11:41.364331,0 days 00:00:09.337469,13.202010747504842,30,COMPLETE
3092,0.010207851104234611,0.4680317289691351,2026-07-07 14:11:32.028386,2026-07-07 14:11:45.509815,0 days 00:00:13.481429,31.004842544342445,30,COMPLETE
3093,0.016604607816182615,0.46703610612237895,2026-07-07 14:11:32.194426,2026-07-07 14:11:45.501914,0 days 00:00:13.307488,48.19728487524369,30,COMPLETE
3094,0.008827966361688477,0.4684616247177441,2026-07-07 14:11:32.351879,2026-07-07 14:11:41.688529,0 days 00:00:09.336650,17.587091429040658,30,COMPLETE
3095,0.0162849484740763,0.46720240930193224,2026-07-07 14:11:34.554587,2026-07-07 14:11:45.519800,0 days 00:00:10.965213,42.980819185145634,30,COMPLETE
3096,0.020000190242352944,0.4665259261754997,2026-07-07 14:11:34.557159,2026-07-07 14:11:43.353334,0 days 00:00:08.796175,62.04096281491607,30,COMPLETE
3097,0.02130832503528568,0.46631826518729613,2026-07-07 14:11:34.716298,2026-07-07 14:11:45.154707,0 days 00:00:10.438409,63.85568023631746,30,COMPLETE
3098,0.008722265011891661,0.46821948661810026,2026-07-07 14:11:34.875779,2026-07-07 14:11:45.707838,0 days 00:00:10.832059,11.05236201111372,30,COMPLETE
3099,0.022857493677073237,0.4659993153426575,2026-07-07 14:11:34.886266,2026-07-07 14:11:46.555142,0 days 00:00:11.668876,83.44652522130669,30,COMPLETE
3100,0.017572302166168063,0.4669385498655451,2026-07-07 14:11:34.888481,2026-07-07 14:11:45.524015,0 days 00:00:10.635534,42.00413558446141,30,COMPLETE
3101,0.019291683365428025,0.4659092972430295,2026-07-07 14:11:34.898420,2026-07-07 14:11:46.624653,0 days 00:00:11.726233,5.26115750383649,30,COMPLETE
3102,0.010760685411497994,0.4677498631496282,2026-07-07 14:11:34.908310,2026-07-07 14:11:41.165499,0 days 00:00:06.257189,4.912667539379396,30,COMPLETE
3103,0.02417918483985937,0.4657593760911978,2026-07-07 14:11:34.911887,2026-07-07 14:11:46.617563,0 days 00:00:11.705676,88.74688231962101,30,COMPLETE
3104,0.010244988973290126,0.4680126522648078,2026-07-07 14:11:35.096332,2026-07-07 14:11:44.652924,0 days 00:00:09.556592,19.4906923034026,30,COMPLETE
3105,0.018666873220060276,0.4665258058655066,2026-07-07 14:11:35.433375,2026-07-07 14:11:41.852532,0 days 00:00:06.419157,57.00284049058777,30,COMPLETE
3106,0.024171182587134243,0.46576347063348505,2026-07-07 14:11:35.592318,2026-07-07 14:11:45.886475,0 days 00:00:10.294157,88.56682219339876,30,COMPLETE
3107,0.02192365026585691,0.46607748989614106,2026-07-07 14:11:35.594153,2026-07-07 14:11:45.524565,0 days 00:00:09.930412,65.57702704750055,30,COMPLETE
3108,0.024395040737648643,0.4657069319927616,2026-07-07 14:11:36.063413,2026-07-07 14:11:45.341722,0 days 00:00:09.278309,90.9185146027804,30,COMPLETE
3109,0.019958975418470526,0.4662920436476657,2026-07-07 14:11:36.073948,2026-07-07 14:11:45.331935,0 days 00:00:09.257987,76.20252761335064,30,COMPLETE
3110,0.0167544283567978,0.46699732432433927,2026-07-07 14:11:36.076022,2026-07-07 14:11:48.950724,0 days 00:00:12.874702,44.79871002248436,30,COMPLETE
3111,0.024091343601188364,0.4657525217805641,2026-07-07 14:11:36.236265,2026-07-07 14:11:46.826358,0 days 00:00:10.590093,90.58771918085633,30,COMPLETE
3112,0.020854580279435875,0.466189632066005,2026-07-07 14:11:36.570852,2026-07-07 14:11:46.811549,0 days 00:00:10.240697,72.37849671777482,30,COMPLETE
3113,0.021834459799885075,0.466107184762582,2026-07-07 14:11:37.673076,2026-07-07 14:11:46.621302,0 days 00:00:08.948226,80.74160708982362,30,COMPLETE
3114,0.024518100912682528,0.4657532122948554,2026-07-07 14:11:38.000715,2026-07-07 14:11:49.765285,0 days 00:00:11.764570,98.95898515325194,30,COMPLETE
3115,0.018818900409646344,0.4665311359451263,2026-07-07 14:11:38.369575,2026-07-07 14:11:45.505083,0 days 00:00:07.135508,53.899706733936746,30,COMPLETE
3116,0.02145295455435481,0.4661532681798756,2026-07-07 14:11:39.091237,2026-07-07 14:11:44.984853,0 days 00:00:05.893616,79.96745744055973,30,COMPLETE
3117,0.008937282961331894,0.46830751396617554,2026-07-07 14:11:39.587170,2026-07-07 14:11:47.451783,0 days 00:00:07.864613,33.857772413796624,30,COMPLETE
3118,0.022144656816368125,0.4660402752639232,2026-07-07 14:11:39.607187,2026-07-07 14:11:50.455668,0 days 00:00:10.848481,65.08703968842244,30,COMPLETE
3119,0.02383135360746802,0.46585141207547015,2026-07-07 14:11:39.619004,2026-07-07 14:11:45.334297,0 days 00:00:05.715293,87.65556997953725,30,COMPLETE
3120,0.01492779936714489,0.46722729794090057,2026-07-07 14:11:39.941421,2026-07-07 14:11:49.286536,0 days 00:00:09.345115,38.798558444567384,30,COMPLETE
3121,0.019248590627767292,0.46655721016354973,2026-07-07 14:11:39.943427,2026-07-07 14:11:49.605338,0 days 00:00:09.661911,58.36544833783011,30,COMPLETE
3122,0.017541337342841135,0.4670133967729503,2026-07-07 14:11:40.254489,2026-07-07 14:11:49.604608,0 days 00:00:09.350119,45.85865449107548,30,COMPLETE
3123,0.015412237828270059,0.4668892307074922,2026-07-07 14:11:40.260997,2026-07-07 14:11:48.952585,0 days 00:00:08.691588,3.2541870793006047,30,COMPLETE
3124,0.018575641066784387,0.4666217346951933,2026-07-07 14:11:40.431722,2026-07-07 14:11:49.767990,0 days 00:00:09.336268,53.49830618018589,30,COMPLETE
3125,0.014692953284642263,0.46715140460705096,2026-07-07 14:11:40.605668,2026-07-07 14:11:50.628833,0 days 00:00:10.023165,5.484270934878149,30,COMPLETE
3126,0.0204562006939335,0.4664977671129079,2026-07-07 14:11:40.616801,2026-07-07 14:11:49.770068,0 days 00:00:09.153267,62.7724689785154,30,COMPLETE
3127,0.018110173391209128,0.4667659718507748,2026-07-07 14:11:40.787131,2026-07-07 14:11:46.389897,0 days 00:00:05.602766,44.5236359314023,30,COMPLETE
3128,0.018248691866051936,0.46646284038575875,2026-07-07 14:11:40.797765,2026-07-07 14:11:48.922891,0 days 00:00:08.125126,3.6350210621025782,30,COMPLETE
3129,0.01687606598010566,0.4668785201003993,2026-07-07 14:11:40.801162,2026-07-07 14:11:45.896324,0 days 00:00:05.095162,39.17515158877061,30,COMPLETE
3130,0.018836501351708723,0.46661187491908823,2026-07-07 14:11:40.967902,2026-07-07 14:11:49.130547,0 days 00:00:08.162645,44.544493379527054,30,COMPLETE
3131,0.019769958477310112,0.466311547471828,2026-07-07 14:11:41.349155,2026-07-07 14:11:46.822704,0 days 00:00:05.473549,75.7281240337898,30,COMPLETE
3132,0.022911486847946527,0.4659951324652551,2026-07-07 14:11:41.355749,2026-07-07 14:11:52.621288,0 days 00:00:11.265539,83.70330504236935,30,COMPLETE
3133,0.006216967643876636,0.4688530440754928,2026-07-07 14:11:41.362667,2026-07-07 14:11:51.120657,0 days 00:00:09.757990,12.414732989063003,30,COMPLETE
3134,0.01397916912971453,0.4676391008190714,2026-07-07 14:11:41.364741,2026-07-07 14:11:49.768527,0 days 00:00:08.403786,37.09117830366324,30,COMPLETE
3135,0.015494393156623154,0.46700053486392423,2026-07-07 14:11:41.526824,2026-07-07 14:11:49.129585,0 days 00:00:07.602761,5.934357197673789,30,COMPLETE
3136,0.010235914515350164,0.46790052443064234,2026-07-07 14:11:41.529195,2026-07-07 14:11:54.175253,0 days 00:00:12.646058,7.204270917060077,30,COMPLETE
3137,0.010591541690199768,0.46790952537464975,2026-07-07 14:11:41.687108,2026-07-07 14:11:51.592938,0 days 00:00:09.905830,18.594914756468828,30,COMPLETE
3138,0.018932089421523357,0.46667620827244,2026-07-07 14:11:41.688704,2026-07-07 14:11:52.255159,0 days 00:00:10.566455,58.62662177720291,30,COMPLETE
3139,0.01535963215589592,0.4673936046228137,2026-07-07 14:11:41.691568,2026-07-07 14:11:46.562696,0 days 00:00:04.871128,34.80177344747168,30,COMPLETE
3140,0.014097614664286051,0.467191936776412,2026-07-07 14:11:41.693504,2026-07-07 14:11:52.424816,0 days 00:00:10.731312,6.271414573126442,30,COMPLETE
3141,0.017198256387002953,0.46708968359621017,2026-07-07 14:11:41.695408,2026-07-07 14:11:54.128922,0 days 00:00:12.433514,45.8956327366503,30,COMPLETE
3142,0.022470697071888424,0.4660310261629115,2026-07-07 14:11:41.852414,2026-07-07 14:11:46.556798,0 days 00:00:04.704384,81.96520972995171,30,COMPLETE
3143,0.019646065537990143,0.4664137672405477,2026-07-07 14:11:42.163320,2026-07-07 14:11:49.123564,0 days 00:00:06.960244,26.122759145753406,30,COMPLETE
3144,0.0030521661825143043,0.46954841631162325,2026-07-07 14:11:42.165855,2026-07-07 14:11:46.822107,0 days 00:00:04.656252,4.951067522120136,30,COMPLETE
3145,0.012647236448816768,0.46734883491233387,2026-07-07 14:11:42.173942,2026-07-07 14:11:50.792696,0 days 00:00:08.618754,9.260236697245094,30,COMPLETE
3146,0.01088616506295026,0.4678051966178803,2026-07-07 14:11:42.176486,2026-07-07 14:11:54.989290,0 days 00:00:12.812804,16.91471512220255,30,COMPLETE
3147,0.017775949478937014,0.46686091011117803,2026-07-07 14:11:42.335475,2026-07-07 14:11:54.117544,0 days 00:00:11.782069,42.901891653109175,30,COMPLETE
3148,0.01618656673759883,0.46697660768076465,2026-07-07 14:11:42.337811,2026-07-07 14:11:54.184796,0 days 00:00:11.846985,26.219935680586136,30,COMPLETE
3149,0.02410857753333051,0.465781983261541,2026-07-07 14:11:42.513159,2026-07-07 14:11:50.464332,0 days 00:00:07.951173,88.22722429288635,30,COMPLETE
3150,0.015640053981121338,0.46705654596685175,2026-07-07 14:11:42.515470,2026-07-07 14:11:52.602852,0 days 00:00:10.087382,26.235944251742314,30,COMPLETE
3151,0.024745015236862733,0.46569953491457927,2026-07-07 14:11:42.526148,2026-07-07 14:11:53.254356,0 days 00:00:10.728208,92.10697036766847,30,COMPLETE
3152,0.0200055749308794,0.46653219799744117,2026-07-07 14:11:43.319092,2026-07-07 14:11:55.659834,0 days 00:00:12.340742,62.13072246272844,30,COMPLETE
3153,0.011488172467131463,0.4678046590728957,2026-07-07 14:11:43.995846,2026-07-07 14:11:54.184941,0 days 00:00:10.189095,5.213501320456454,30,COMPLETE
3154,0.022947469926017816,0.4659947471530587,2026-07-07 14:11:44.312975,2026-07-07 14:11:54.161967,0 days 00:00:09.848992,83.98066579410089,30,COMPLETE
3155,0.01398246979018769,0.467252593025414,2026-07-07 14:11:44.313454,2026-07-07 14:11:54.164670,0 days 00:00:09.851216,5.435700582358185,30,COMPLETE
3156,0.017119032112429933,0.46705844911002703,2026-07-07 14:11:44.319362,2026-07-07 14:11:54.671393,0 days 00:00:10.352031,49.13820206673574,30,COMPLETE
3157,0.020278311933404847,0.46630755631467596,2026-07-07 14:11:44.986921,2026-07-07 14:11:54.189307,0 days 00:00:09.202386,77.41280223866481,30,COMPLETE
3158,0.019011353360666172,0.46669433304189534,2026-07-07 14:11:44.989348,2026-07-07 14:11:54.173408,0 days 00:00:09.184060,58.801993163609765,30,COMPLETE
3159,0.017940061064129542,0.46662923893955954,2026-07-07 14:11:45.535757,2026-07-07 14:11:54.995619,0 days 00:00:09.459862,2.738065869016963,31,COMPLETE
3160,0.015671732217194312,0.4668844113987062,2026-07-07 14:11:45.907226,2026-07-07 14:11:54.177254,0 days 00:00:08.270028,3.2282369438051384,31,COMPLETE
3161,0.017879742739945137,0.4667234812351865,2026-07-07 14:11:46.233928,2026-07-07 14:11:56.549128,0 days 00:00:10.315200,55.105251171655546,31,COMPLETE
3162,0.01777648792531511,0.46676554413631777,2026-07-07 14:11:46.392241,2026-07-07 14:11:57.513064,0 days 00:00:11.120823,54.5292326442494,31,COMPLETE
3163,0.01031720617659626,0.4679261177291592,2026-07-07 14:11:46.394098,2026-07-07 14:11:56.524316,0 days 00:00:10.130218,17.69498262849822,31,COMPLETE
3164,0.020832725772416905,0.46619976591445944,2026-07-07 14:11:46.578298,2026-07-07 14:11:52.423395,0 days 00:00:05.845097,72.16374028676519,31,COMPLETE
3165,0.01636344049045657,0.46694218442027213,2026-07-07 14:11:46.581043,2026-07-07 14:11:59.542278,0 days 00:00:12.961235,37.46209602451633,31,COMPLETE
3166,0.022037578103711042,0.4660828570811789,2026-07-07 14:11:46.581373,2026-07-07 14:11:58.557053,0 days 00:00:11.975680,81.13987062628077,31,COMPLETE
3167,0.017521115501970663,0.4667994882370392,2026-07-07 14:11:46.585153,2026-07-07 14:11:58.203613,0 days 00:00:11.618460,54.799601374341776,31,COMPLETE
3168,0.013176650210171115,0.46787707019965696,2026-07-07 14:11:46.585410,2026-07-07 14:11:56.547579,0 days 00:00:09.962169,19.21564797041163,31,COMPLETE
3169,0.020572051790572365,0.4663376951058151,2026-07-07 14:11:46.585730,2026-07-07 14:11:54.154635,0 days 00:00:07.568905,61.54138580259714,31,COMPLETE
3170,0.020669244210041016,0.4662374759444946,2026-07-07 14:11:46.590688,2026-07-07 14:11:55.835101,0 days 00:00:09.244413,71.51873189160614,31,COMPLETE
3171,0.010246916011975582,0.46763743879646696,2026-07-07 14:11:46.602291,2026-07-07 14:11:57.026707,0 days 00:00:10.424416,15.230652127400484,31,COMPLETE
3172,0.016371972025133463,0.46698056007374456,2026-07-07 14:11:46.620201,2026-07-07 14:11:57.670119,0 days 00:00:11.049918,26.955751087124163,31,COMPLETE
3173,0.013645927703812899,0.4677584656442206,2026-07-07 14:11:46.621893,2026-07-07 14:11:58.382935,0 days 00:00:11.761042,35.25366159225595,31,COMPLETE
3174,0.009880075139354794,0.468011309317681,2026-07-07 14:11:46.628279,2026-07-07 14:11:53.733461,0 days 00:00:07.105182,18.314398155777358,31,COMPLETE
3175,0.018861782661655224,0.4663061371789078,2026-07-07 14:11:46.798461,2026-07-07 14:11:57.017931,0 days 00:00:10.219470,2.6047485533038057,31,COMPLETE
3176,0.02477585862723608,0.4657030808893995,2026-07-07 14:11:46.819117,2026-07-07 14:11:55.660204,0 days 00:00:08.841087,92.35946792026601,31,COMPLETE
3177,0.017632202516709217,0.4668812419518458,2026-07-07 14:11:46.826607,2026-07-07 14:11:56.036717,0 days 00:00:09.210110,40.16404721310113,31,COMPLETE
3178,0.01601791032538169,0.46701714200006195,2026-07-07 14:11:46.828936,2026-07-07 14:11:58.384795,0 days 00:00:11.555859,29.998972985140103,31,COMPLETE
3179,0.01666274646987831,0.4670274344007177,2026-07-07 14:11:47.296135,2026-07-07 14:11:58.205407,0 days 00:00:10.909272,45.21478055060968,31,COMPLETE
3180,0.014547823871451537,0.467092799961778,2026-07-07 14:11:47.452154,2026-07-07 14:12:00.770849,0 days 00:00:13.318695,27.506127203177673,31,COMPLETE
3181,-0.10276686963999881,0.47995685636633706,2026-07-07 14:11:47.453642,2026-07-07 14:12:01.014715,0 days 00:00:13.561073,1.2560909064138117,31,COMPLETE
3182,0.015609138054627936,0.4668216217861432,2026-07-07 14:11:47.921196,2026-07-07 14:11:58.892130,0 days 00:00:10.970934,8.556028446091224,31,COMPLETE
3183,0.02416169203203472,0.4657666335778425,2026-07-07 14:11:47.923153,2026-07-07 14:11:58.894256,0 days 00:00:10.971103,88.48451374589257,31,COMPLETE
3184,0.014008314523679788,0.4673317601036765,2026-07-07 14:11:47.925124,2026-07-07 14:11:58.220132,0 days 00:00:10.295008,19.221380849435793,31,COMPLETE
3185,0.017907402731754896,0.466711229266242,2026-07-07 14:11:47.926237,2026-07-07 14:11:54.114922,0 days 00:00:06.188685,23.641550201461566,31,COMPLETE
3186,0.022845918766962514,0.4660003934275655,2026-07-07 14:11:48.874364,2026-07-07 14:11:55.838793,0 days 00:00:06.964429,83.37238436766852,31,COMPLETE
3187,0.017916759022147566,0.4668968084973763,2026-07-07 14:11:50.420330,2026-07-07 14:12:01.017275,0 days 00:00:10.596945,43.70752590448479,31,COMPLETE
3188,0.01533293671805147,0.4671338125788489,2026-07-07 14:11:50.450326,2026-07-07 14:12:01.000009,0 days 00:00:10.549683,29.554803641306542,31,COMPLETE
3189,0.024724334765863054,0.4656971481084537,2026-07-07 14:11:50.453358,2026-07-07 14:12:00.992646,0 days 00:00:10.539288,91.93451570315545,31,COMPLETE
3190,0.06813067856974603,0.45819226977137184,2026-07-07 14:11:50.460056,2026-07-07 14:11:56.540720,0 days 00:00:06.080664,0.7760702637542237,31,COMPLETE
3191,0.02533132394830767,0.4656520100983963,2026-07-07 14:11:50.462895,2026-07-07 14:12:00.764937,0 days 00:00:10.302042,96.31837647011479,31,COMPLETE
3192,0.017813643053540384,0.4667326069407117,2026-07-07 14:11:50.622515,2026-07-07 14:12:04.819654,0 days 00:00:14.197139,47.10021681141293,31,COMPLETE
3193,0.015079749594516967,0.46737533759225425,2026-07-07 14:11:50.633568,2026-07-07 14:12:01.002247,0 days 00:00:10.368679,23.414296878415314,31,COMPLETE
3194,0.016883208263280047,0.4669580527378444,2026-07-07 14:11:50.634821,2026-07-07 14:12:00.758647,0 days 00:00:10.123826,23.159968681046525,31,COMPLETE
3195,0.025045159988337395,0.4656842347212168,2026-07-07 14:11:50.792902,2026-07-07 14:12:01.213868,0 days 00:00:10.420966,93.35494849374658,31,COMPLETE
3196,0.01921994303799851,0.46646601136497035,2026-07-07 14:11:50.795258,2026-07-07 14:11:56.528372,0 days 00:00:05.733114,56.49744351002951,31,COMPLETE
3197,0.017499963675793262,0.4668020403980816,2026-07-07 14:11:50.797059,2026-07-07 14:12:01.031094,0 days 00:00:10.234035,54.82479854486411,31,COMPLETE
3198,0.016524911118498797,0.4670448250817677,2026-07-07 14:11:50.952816,2026-07-07 14:11:58.730817,0 days 00:00:07.778001,28.014473597483292,31,COMPLETE
3199,0.015075944103044192,0.4673430715029775,2026-07-07 14:11:51.904891,2026-07-07 14:12:02.471457,0 days 00:00:10.566566,31.330023219836242,31,COMPLETE
3200,0.013117444657590904,0.46768005647274735,2026-07-07 14:11:52.066387,2026-07-07 14:11:58.205636,0 days 00:00:06.139249,21.97134953196018,31,COMPLETE
3201,0.02094439695977418,0.46618923371431686,2026-07-07 14:11:52.084534,2026-07-07 14:11:58.197889,0 days 00:00:06.113355,56.04807525869623,31,COMPLETE
3202,0.018068347085599512,0.4667033540348749,2026-07-07 14:11:52.093347,2026-07-07 14:11:59.546262,0 days 00:00:07.452915,25.417112428935827,31,COMPLETE
3203,0.015716990181206814,0.4671426543682508,2026-07-07 14:11:53.738426,2026-07-07 14:12:03.667381,0 days 00:00:09.928955,37.44943304679642,31,COMPLETE
3204,0.008845024111812538,0.46815079605039667,2026-07-07 14:11:53.924742,2026-07-07 14:12:03.641303,0 days 00:00:09.716561,11.589247239646197,31,COMPLETE
3205,0.01614508206617521,0.4669815496572756,2026-07-07 14:11:54.129681,2026-07-07 14:11:58.892542,0 days 00:00:04.762861,32.851338243594064,31,COMPLETE
3206,0.02067763744313844,0.46628359339051245,2026-07-07 14:11:54.177431,2026-07-07 14:12:04.166692,0 days 00:00:09.989261,67.55818351863145,31,COMPLETE
3207,0.01666339127915295,0.46700140477814345,2026-07-07 14:11:54.185110,2026-07-07 14:11:59.711412,0 days 00:00:05.526302,23.835817569596433,31,COMPLETE
3208,0.011564278957645446,0.46786145310661964,2026-07-07 14:11:54.191061,2026-07-07 14:12:07.135592,0 days 00:00:12.944531,33.393524252775244,31,COMPLETE
3209,0.01745793398485862,0.4667920444539302,2026-07-07 14:11:54.193939,2026-07-07 14:12:03.627483,0 days 00:00:09.433544,25.331875519089294,31,COMPLETE
3210,0.023959013845235244,0.4647738005634331,2026-07-07 14:11:54.198823,2026-07-07 14:12:04.170359,0 days 00:00:09.971536,1.2995365313583234,31,COMPLETE
3211,0.020815469371918027,0.46626474882948465,2026-07-07 14:11:54.203416,2026-07-07 14:12:04.654848,0 days 00:00:10.451432,67.80562872292994,31,COMPLETE
3212,0.019641238521346138,0.46651396738833834,2026-07-07 14:11:55.003966,2026-07-07 14:12:04.494561,0 days 00:00:09.490595,49.665115883310875,31,COMPLETE
3213,0.016833716882896643,0.46711872794460846,2026-07-07 14:11:55.011856,2026-07-07 14:12:04.159306,0 days 00:00:09.147450,43.23587145645496,31,COMPLETE
3214,0.016065372956365787,0.4670840127758648,2026-07-07 14:11:55.329654,2026-07-07 14:12:05.311453,0 days 00:00:09.981799,52.29016325213206,31,COMPLETE
3215,0.019764258040312677,0.4662263754532504,2026-07-07 14:11:55.333883,2026-07-07 14:12:03.650104,0 days 00:00:08.316221,36.13112861761338,31,COMPLETE
3216,0.012274870943409566,0.4676296780134597,2026-07-07 14:11:55.500153,2026-07-07 14:12:06.167721,0 days 00:00:10.667568,31.847788352964706,31,COMPLETE
3217,0.022359243810524676,0.4659624962114973,2026-07-07 14:11:55.654662,2026-07-07 14:12:05.333816,0 days 00:00:09.679154,69.77492853615543,31,COMPLETE
3218,0.015090851740357958,0.46718557937139216,2026-07-07 14:11:55.832976,2026-07-07 14:12:06.508651,0 days 00:00:10.675675,31.817163018006173,31,COMPLETE
3219,0.020385694050635617,0.4662445966305222,2026-07-07 14:11:56.004075,2026-07-07 14:12:06.338453,0 days 00:00:10.334378,41.45184873307735,31,COMPLETE
3220,0.009764129419669587,0.46811596225876784,2026-07-07 14:11:56.025346,2026-07-07 14:12:06.346939,0 days 00:00:10.321593,33.89369810356459,31,COMPLETE
3221,0.02182271233496802,0.46609403069639366,2026-07-07 14:11:56.026784,2026-07-07 14:12:05.696349,0 days 00:00:09.669565,68.65799546544949,31,COMPLETE
3222,0.014605333862420022,0.46739529803856217,2026-07-07 14:11:56.040184,2026-07-07 14:12:01.050927,0 days 00:00:05.010743,38.959995494850624,31,COMPLETE
3223,0.011091801565522141,0.46790272104101727,2026-07-07 14:11:56.198161,2026-07-07 14:12:09.374303,0 days 00:00:13.176142,28.560954422571037,31,COMPLETE
3224,0.02537666825111279,0.46564719364709395,2026-07-07 14:11:56.537347,2026-07-07 14:12:03.671941,0 days 00:00:07.134594,96.06907305457948,31,COMPLETE
3225,0.016315110447173542,0.4669666688790761,2026-07-07 14:11:56.537534,2026-07-07 14:12:03.645065,0 days 00:00:07.107531,25.44776021156484,31,COMPLETE
3226,0.016405835639493882,0.46713541039284956,2026-07-07 14:11:56.546946,2026-07-07 14:12:05.694029,0 days 00:00:09.147083,41.01928448020219,31,COMPLETE
3227,0.020461729345588486,0.4662885377908197,2026-07-07 14:11:56.861725,2026-07-07 14:12:00.985293,0 days 00:00:04.123568,78.03793266726271,31,COMPLETE
3228,0.011801655212398676,0.4676920835211849,2026-07-07 14:11:57.021014,2026-07-07 14:12:07.186314,0 days 00:00:10.165300,14.953246892447908,31,COMPLETE
3229,0.019383898753158713,0.46645881741690887,2026-07-07 14:11:57.191770,2026-07-07 14:12:01.039828,0 days 00:00:03.848058,39.80520694999506,31,COMPLETE
3230,0.01150521465709986,0.4679124695576463,2026-07-07 14:11:57.194437,2026-07-07 14:12:01.051776,0 days 00:00:03.857339,32.147663969855344,31,COMPLETE
3231,0.014167568848752532,0.46763402664789994,2026-07-07 14:11:57.349046,2026-07-07 14:12:08.081168,0 days 00:00:10.732122,35.572443673187486,31,COMPLETE
3232,0.009312000185462077,0.46810001872951595,2026-07-07 14:11:57.356452,2026-07-07 14:12:07.155633,0 days 00:00:09.799181,9.917609259792899,31,COMPLETE
3233,0.014735467001184388,0.46719779486376983,2026-07-07 14:11:57.670308,2026-07-07 14:12:03.989017,0 days 00:00:06.318709,32.87188888826106,31,COMPLETE
3234,0.008029976073743228,0.4684038197160536,2026-07-07 14:11:57.680260,2026-07-07 14:12:08.588030,0 days 00:00:10.907770,11.947929092534562,31,COMPLETE
3235,0.011055020567917906,0.4679548821921331,2026-07-07 14:11:57.843740,2026-07-07 14:12:07.540150,0 days 00:00:09.696410,14.588657194894695,31,COMPLETE
3236,0.012735394055679305,0.4675730125049917,2026-07-07 14:11:57.847458,2026-07-07 14:12:07.540472,0 days 00:00:09.693014,13.97135154315068,31,COMPLETE
3237,0.023928828520978107,0.46582915999848584,2026-07-07 14:11:57.848989,2026-07-07 14:12:07.876819,0 days 00:00:10.027830,87.81598915304224,31,COMPLETE
3238,0.019381007514782556,0.4664681100153596,2026-07-07 14:11:58.020791,2026-07-07 14:12:07.369245,0 days 00:00:09.348454,55.42393612355012,31,COMPLETE
3239,0.020013276712063544,0.46642059376139705,2026-07-07 14:11:58.024129,2026-07-07 14:12:10.054383,0 days 00:00:12.030254,53.727081028138905,31,COMPLETE
3240,0.02125369985764508,0.46615834613753304,2026-07-07 14:11:58.198466,2026-07-07 14:12:11.063286,0 days 00:00:12.864820,70.42650995756101,31,COMPLETE
3241,0.015262980532133374,0.46731761051800713,2026-07-07 14:11:58.220961,2026-07-07 14:12:07.137751,0 days 00:00:08.916790,25.92160416582439,31,COMPLETE
3242,0.020644370250506805,0.4662796834265033,2026-07-07 14:11:59.059122,2026-07-07 14:12:07.880948,0 days 00:00:08.821826,60.42832354609967,31,COMPLETE
3243,0.013856987769253704,0.4673846146927741,2026-07-07 14:11:59.061206,2026-07-07 14:12:07.893111,0 days 00:00:08.831905,19.033996256529626,31,COMPLETE
3244,0.017627029245175008,0.46677514131629716,2026-07-07 14:11:59.062438,2026-07-07 14:12:11.052611,0 days 00:00:11.990173,54.93490469098688,31,COMPLETE
3245,0.016628544429545422,0.4669357696618038,2026-07-07 14:11:59.066027,2026-07-07 14:12:07.529487,0 days 00:00:08.463460,36.93784092171605,31,COMPLETE
3246,0.02087004535222975,0.4661885347442127,2026-07-07 14:11:59.223913,2026-07-07 14:12:07.880573,0 days 00:00:08.656660,72.32675409611026,31,COMPLETE
3247,0.011052697954621715,0.4679355122789518,2026-07-07 14:11:59.706113,2026-07-07 14:12:09.372513,0 days 00:00:09.666400,19.54268545627643,31,COMPLETE
3248,0.02273084098093675,0.4660120113276597,2026-07-07 14:11:59.708610,2026-07-07 14:12:07.141992,0 days 00:00:07.433382,82.78448522496589,31,COMPLETE
3249,0.021668260140811413,0.4655774923553124,2026-07-07 14:11:59.868691,2026-07-07 14:12:07.897921,0 days 00:00:08.029230,2.17860665288212,31,COMPLETE
3250,0.009430436930223218,0.46811237796001837,2026-07-07 14:12:00.027624,2026-07-07 14:12:09.885645,0 days 00:00:09.858021,9.806218441607133,31,COMPLETE
3251,0.01547740792611918,0.46722037079478584,2026-07-07 14:12:00.377450,2026-07-07 14:12:08.418395,0 days 00:00:08.040945,52.07013460599557,31,COMPLETE
3252,0.01723179392176899,0.4668374113131689,2026-07-07 14:12:00.394232,2026-07-07 14:12:09.883899,0 days 00:00:09.489667,38.303152318147674,31,COMPLETE
3253,0.016883590151829164,0.4669769850728942,2026-07-07 14:12:00.396554,2026-07-07 14:12:10.246882,0 days 00:00:09.850328,47.22268315967823,31,COMPLETE
3254,0.025195090358244965,0.4656679946258363,2026-07-07 14:12:00.572022,2026-07-07 14:12:11.115369,0 days 00:00:10.543347,96.87092237915596,31,COMPLETE
3255,0.023569736691596066,0.4658918170412581,2026-07-07 14:12:00.578345,2026-07-07 14:12:11.806790,0 days 00:00:11.228445,86.84807439716273,31,COMPLETE
3256,0.01579989743248389,0.4668825568209961,2026-07-07 14:12:01.040201,2026-07-07 14:12:13.022449,0 days 00:00:11.982248,5.502554308633272,31,COMPLETE
3257,0.021094136491315085,0.4661846172627523,2026-07-07 14:12:01.679118,2026-07-07 14:12:12.815198,0 days 00:00:11.136080,70.50541363159073,31,COMPLETE
3258,0.0177564813472168,0.4668866570843933,2026-07-07 14:12:01.679260,2026-07-07 14:12:13.006636,0 days 00:00:11.327376,44.07226786620798,31,COMPLETE
3259,0.02000743066543692,0.46652534599938184,2026-07-07 14:12:01.835108,2026-07-07 14:12:13.014446,0 days 00:00:11.179338,62.044226681081184,31,COMPLETE
3260,0.025341692443184904,0.4656508715173478,2026-07-07 14:12:01.838332,2026-07-07 14:12:12.836155,0 days 00:00:10.997823,96.26767888578956,31,COMPLETE
3261,0.022143679384772186,0.46606950114329665,2026-07-07 14:12:01.841171,2026-07-07 14:12:12.829154,0 days 00:00:10.987983,81.34641305701655,31,COMPLETE
3262,0.02540723783324844,0.46564492570341237,2026-07-07 14:12:01.997205,2026-07-07 14:12:11.970775,0 days 00:00:09.973570,95.1846100065655,31,COMPLETE
3263,0.019734354215754868,0.4663212925390543,2026-07-07 14:12:01.998536,2026-07-07 14:12:07.540250,0 days 00:00:05.541714,75.35569949352701,31,COMPLETE
3264,0.01545332229386226,0.4670873635258782,2026-07-07 14:12:02.000182,2026-07-07 14:12:11.963751,0 days 00:00:09.963569,26.536899471504196,31,COMPLETE
3265,0.02234475341531067,0.4659653996198134,2026-07-07 14:12:02.003025,2026-07-07 14:12:11.798852,0 days 00:00:09.795827,69.80274890976479,31,COMPLETE
3266,0.02076115540003809,0.4662279786080598,2026-07-07 14:12:02.313195,2026-07-07 14:12:10.233524,0 days 00:00:07.920329,71.26451823749382,31,COMPLETE
3267,0.03238202387383343,0.46354427451119506,2026-07-07 14:12:02.472424,2026-07-07 14:12:18.013339,0 days 00:00:15.540915,1.438448943699758,31,COMPLETE
3268,0.020482188787062428,0.4663006261335648,2026-07-07 14:12:02.474114,2026-07-07 14:12:11.069802,0 days 00:00:08.595688,78.19486020137738,31,COMPLETE
3269,0.016564511400931015,0.46700537052942775,2026-07-07 14:12:02.476440,2026-07-07 14:12:11.777012,0 days 00:00:09.300572,35.06294816582216,31,COMPLETE
3270,0.008748255625762758,0.4682612311756216,2026-07-07 14:12:02.792377,2026-07-07 14:12:11.085289,0 days 00:00:08.292912,17.147747422334938,31,COMPLETE
3271,0.012280494400064235,0.4677472064029191,2026-07-07 14:12:03.985115,2026-07-07 14:12:11.123824,0 days 00:00:07.138709,7.442514814118039,32,COMPLETE
3272,0.022609423634551262,0.46601541726183027,2026-07-07 14:12:05.142214,2026-07-07 14:12:16.429897,0 days 00:00:11.287683,82.24211568405649,32,COMPLETE
3273,0.02444242354521342,0.4657587209939659,2026-07-07 14:12:05.316957,2026-07-07 14:12:17.848361,0 days 00:00:12.531404,99.5547822865109,32,COMPLETE
3274,0.012546737170195665,0.46756298756992887,2026-07-07 14:12:05.320030,2026-07-07 14:12:18.687605,0 days 00:00:13.367575,14.901133411762602,32,COMPLETE
3275,0.019164261837550545,0.46673083891738887,2026-07-07 14:12:05.322756,2026-07-07 14:12:13.030253,0 days 00:00:07.707497,59.04423418043258,32,COMPLETE
3276,0.019952008728593096,0.46650316982547524,2026-07-07 14:12:05.349361,2026-07-07 14:12:13.203720,0 days 00:00:07.854359,61.85532171542511,32,COMPLETE
3277,0.017908804195624572,0.4667525156925026,2026-07-07 14:12:05.354395,2026-07-07 14:12:16.445425,0 days 00:00:11.091030,39.312132550831244,32,COMPLETE
3278,0.01539129556800023,0.4671605947590847,2026-07-07 14:12:05.360511,2026-07-07 14:12:15.944105,0 days 00:00:10.583594,52.63192600051511,32,COMPLETE
3279,-0.07333736706355065,0.48543328022836874,2026-07-07 14:12:05.364757,2026-07-07 14:12:13.200083,0 days 00:00:07.835326,5.128401981206898,32,COMPLETE
3280,0.020248507690887096,0.46634177825680806,2026-07-07 14:12:05.368594,2026-07-07 14:12:17.312407,0 days 00:00:11.943813,67.07282347031233,32,COMPLETE
3281,0.014571060931023061,0.4673276909605499,2026-07-07 14:12:05.372373,2026-07-07 14:12:11.103289,0 days 00:00:05.730916,18.79234105167783,32,COMPLETE
3282,0.011869622457915008,0.46769295453491333,2026-07-07 14:12:06.013243,2026-07-07 14:12:17.132224,0 days 00:00:11.118981,7.586809206940844,32,COMPLETE
3283,0.01537666610412236,0.4671986069097644,2026-07-07 14:12:06.350381,2026-07-07 14:12:16.967349,0 days 00:00:10.616968,53.25647687925765,32,COMPLETE
3284,0.013965270738159064,0.46741357137166517,2026-07-07 14:12:06.975553,2026-07-07 14:12:18.017225,0 days 00:00:11.041672,21.471594184996743,32,COMPLETE
3285,0.02156535537872073,0.46614024518831143,2026-07-07 14:12:07.166716,2026-07-07 14:12:13.021649,0 days 00:00:05.854933,80.23175387772922,32,COMPLETE
3286,0.015376211872063339,0.4672197310734755,2026-07-07 14:12:07.191423,2026-07-07 14:12:13.202028,0 days 00:00:06.010605,38.796935062336914,32,COMPLETE
3287,0.015855554197652777,0.4670116083607865,2026-07-07 14:12:07.530487,2026-07-07 14:12:18.364807,0 days 00:00:10.834320,25.332800423813527,32,COMPLETE
3288,0.012486745681780542,0.4678515318539894,2026-07-07 14:12:07.533445,2026-07-07 14:12:17.667115,0 days 00:00:10.133670,19.306143368950213,32,COMPLETE
3289,0.01988568986099215,0.4663344427344657,2026-07-07 14:12:07.541209,2026-07-07 14:12:18.183565,0 days 00:00:10.642356,41.24747725211566,32,COMPLETE
3290,0.0133658792768232,0.46759291707090495,2026-07-07 14:12:07.544792,2026-07-07 14:12:11.786461,0 days 00:00:04.241669,18.574587899958143,32,COMPLETE
3291,0.022195242764839584,0.46602972082837063,2026-07-07 14:12:07.547110,2026-07-07 14:12:15.445065,0 days 00:00:07.897955,65.28703984142795,32,COMPLETE
3292,0.01892846671604037,0.4666019865430009,2026-07-07 14:12:07.712026,2026-07-07 14:12:18.697527,0 days 00:00:10.985501,34.63963801847165,32,COMPLETE
3293,0.020413181946543735,0.4662504809694952,2026-07-07 14:12:07.871044,2026-07-07 14:12:18.697338,0 days 00:00:10.826294,73.53990077484475,32,COMPLETE
3294,0.01977269762638373,0.4663095923352989,2026-07-07 14:12:07.873366,2026-07-07 14:12:18.374042,0 days 00:00:10.500676,75.55673029257018,32,COMPLETE
3295,0.01743704707650967,0.4668192449894747,2026-07-07 14:12:07.900884,2026-07-07 14:12:18.018303,0 days 00:00:10.117419,54.04572260675543,32,COMPLETE
3296,0.016551441957018465,0.46700448676618533,2026-07-07 14:12:08.071453,2026-07-07 14:12:23.951290,0 days 00:00:15.879837,43.111972238427576,32,COMPLETE
3297,0.02493701615548205,0.4656954150087019,2026-07-07 14:12:08.409445,2026-07-07 14:12:16.956825,0 days 00:00:08.547380,92.94457820808309,32,COMPLETE
3298,0.017220787646940294,0.4668497587411699,2026-07-07 14:12:08.426710,2026-07-07 14:12:19.252832,0 days 00:00:10.826122,25.384465553870637,32,COMPLETE
3299,0.020827185051359276,0.46627119345695445,2026-07-07 14:12:08.587939,2026-07-07 14:12:18.699345,0 days 00:00:10.111406,77.20804263420143,32,COMPLETE
3300,0.014426206463744928,0.46691185364069293,2026-07-07 14:12:08.743664,2026-07-07 14:12:18.891787,0 days 00:00:10.148123,5.953697631613642,32,COMPLETE
3301,0.021454493541402886,0.46614749050858495,2026-07-07 14:12:08.745080,2026-07-07 14:12:19.588979,0 days 00:00:10.843899,79.56799788173527,32,COMPLETE
3302,0.016630594548396993,0.4666987951242606,2026-07-07 14:12:09.058069,2026-07-07 14:12:16.966595,0 days 00:00:07.908526,3.365077796426876,32,COMPLETE
3303,0.02055858558578688,0.46625473283885044,2026-07-07 14:12:09.377039,2026-07-07 14:12:18.716172,0 days 00:00:09.339133,71.68372335663314,32,COMPLETE
3304,0.010518122158091114,0.467943022870257,2026-07-07 14:12:09.379072,2026-07-07 14:12:22.201509,0 days 00:00:12.822437,12.37966504749705,32,COMPLETE
3305,0.017908935076385468,0.4668320019188451,2026-07-07 14:12:09.380689,2026-07-07 14:12:19.592123,0 days 00:00:10.211434,51.27157061203451,32,COMPLETE
3306,0.014122123418236321,0.4673447094572587,2026-07-07 14:12:09.542653,2026-07-07 14:12:18.695432,0 days 00:00:09.152779,30.789354179443112,32,COMPLETE
3307,0.02044647990661741,0.4662791362379771,2026-07-07 14:12:09.546274,2026-07-07 14:12:19.249372,0 days 00:00:09.703098,70.91842391040713,32,COMPLETE
3308,0.013513100637095765,0.4675887195662764,2026-07-07 14:12:09.548833,2026-07-07 14:12:16.967016,0 days 00:00:07.418183,32.116009568234624,32,COMPLETE
3309,0.015603003805516158,0.4671421775812063,2026-07-07 14:12:09.705982,2026-07-07 14:12:17.665944,0 days 00:00:07.959962,26.71172056818138,32,COMPLETE
3310,0.01942450253634631,0.46639500430630115,2026-07-07 14:12:09.887696,2026-07-07 14:12:18.878429,0 days 00:00:08.990733,74.85776644564318,32,COMPLETE
3311,0.017200617560855613,0.4669475892224189,2026-07-07 14:12:10.234348,2026-07-07 14:12:19.235567,0 days 00:00:09.001219,48.60113906043427,32,COMPLETE
3312,0.02086434145564453,0.46619304533791883,2026-07-07 14:12:10.244303,2026-07-07 14:12:19.247692,0 days 00:00:09.003389,72.20462459708725,32,COMPLETE
3313,0.018066479176338635,0.46672923791128285,2026-07-07 14:12:11.044766,2026-07-07 14:12:23.779381,0 days 00:00:12.734615,54.37157855495238,32,COMPLETE
3314,0.012884966817629573,0.467631787977975,2026-07-07 14:12:11.120419,2026-07-07 14:12:22.541009,0 days 00:00:11.420590,32.99141920063438,32,COMPLETE
3315,0.023609532057117133,0.46588156772680733,2026-07-07 14:12:11.758791,2026-07-07 14:12:17.629361,0 days 00:00:05.870570,86.9817173272151,32,COMPLETE
3316,0.0100284813209372,0.46815096287228253,2026-07-07 14:12:12.288792,2026-07-07 14:12:23.060344,0 days 00:00:10.771552,34.55290209809308,32,COMPLETE
3317,0.016837878660848682,0.4664980121137232,2026-07-07 14:12:12.291549,2026-07-07 14:12:17.662157,0 days 00:00:05.370608,3.019287894395767,32,COMPLETE
3318,0.017177820971747193,0.46680036917317974,2026-07-07 14:12:12.293805,2026-07-07 14:12:23.087481,0 days 00:00:10.793676,25.591977888295425,32,COMPLETE
3319,0.017593376527300197,0.4668824391609675,2026-07-07 14:12:12.305382,2026-07-07 14:12:23.073426,0 days 00:00:10.768044,38.93216258142051,32,COMPLETE
3320,0.18005460565925296,0.4431088749208374,2026-07-07 14:12:12.462404,2026-07-07 14:12:23.785264,0 days 00:00:11.322860,0.1944731430418385,32,COMPLETE
3321,0.015295288270258167,0.46713658528890467,2026-07-07 14:12:12.463651,2026-07-07 14:12:22.893452,0 days 00:00:10.429801,34.17764319573886,32,COMPLETE
3322,0.005657582847447218,0.46900120924304467,2026-07-07 14:12:12.791113,2026-07-07 14:12:23.772020,0 days 00:00:10.980907,13.071749775746135,32,COMPLETE
3323,0.017559277311375854,0.46679066400820834,2026-07-07 14:12:12.796350,2026-07-07 14:12:23.067885,0 days 00:00:10.271535,54.674747183408904,32,COMPLETE
3324,0.021889970062650366,0.4661578565308956,2026-07-07 14:12:12.822386,2026-07-07 14:12:22.367923,0 days 00:00:09.545537,64.17421615275633,32,COMPLETE
3325,0.015427012794724582,0.46742309326161446,2026-07-07 14:12:12.828692,2026-07-07 14:12:19.256476,0 days 00:00:06.427784,20.26469493801283,32,COMPLETE
3326,0.016803227212968896,0.46686575873130365,2026-07-07 14:12:13.022735,2026-07-07 14:12:25.014658,0 days 00:00:11.991923,41.819073646830404,32,COMPLETE
3327,0.018607545272261272,0.46677573683667595,2026-07-07 14:12:13.030543,2026-07-07 14:12:22.548334,0 days 00:00:09.517791,59.20123432000252,32,COMPLETE
3328,0.016127041401696185,0.4669786998322965,2026-07-07 14:12:13.032702,2026-07-07 14:12:24.480253,0 days 00:00:11.447551,30.390861042962296,32,COMPLETE
3329,0.01677895139919433,0.4669441423660307,2026-07-07 14:12:13.193632,2026-07-07 14:12:24.452995,0 days 00:00:11.259363,38.203124275052595,32,COMPLETE
3330,0.012075567654735053,0.4676745458891656,2026-07-07 14:12:13.204457,2026-07-07 14:12:25.669108,0 days 00:00:12.464651,7.53842184310331,32,COMPLETE
3331,0.016891165219296123,0.46664416244063384,2026-07-07 14:12:13.361651,2026-07-07 14:12:23.084239,0 days 00:00:09.722588,4.218738384926221,32,COMPLETE
3332,0.020829502211340556,0.46626225360585616,2026-07-07 14:12:13.363162,2026-07-07 14:12:23.782953,0 days 00:00:10.419791,67.81553474608592,32,COMPLETE
3333,0.01896935306682901,0.46678713000134536,2026-07-07 14:12:13.517042,2026-07-07 14:12:25.012164,0 days 00:00:11.495122,59.09106859240952,32,COMPLETE
3334,0.015851282950295864,0.4671244426784039,2026-07-07 14:12:13.520706,2026-07-07 14:12:25.005215,0 days 00:00:11.484509,52.400870064881026,32,COMPLETE
3335,0.014723825375405397,0.46731750202718547,2026-07-07 14:12:13.521955,2026-07-07 14:12:25.000591,0 days 00:00:11.478636,29.626725701392438,32,COMPLETE
3336,0.006199730950181448,0.46892440299692195,2026-07-07 14:12:13.523141,2026-07-07 14:12:24.656567,0 days 00:00:11.133426,10.729077860037068,32,COMPLETE
3337,0.02226947805409396,0.46606600724714553,2026-07-07 14:12:14.456719,2026-07-07 14:12:22.202363,0 days 00:00:07.745644,64.41213515293708,32,COMPLETE
3338,0.020520124942496276,0.4664924976908578,2026-07-07 14:12:14.460747,2026-07-07 14:12:23.947262,0 days 00:00:09.486515,62.888910731297166,32,COMPLETE
3339,0.01628200982669631,0.46712993725313673,2026-07-07 14:12:14.618478,2026-07-07 14:12:24.649374,0 days 00:00:10.030896,47.4385691144703,32,COMPLETE
3340,0.020116320515184527,0.4662904605285248,2026-07-07 14:12:14.618891,2026-07-07 14:12:23.779110,0 days 00:00:09.160219,76.41452750085548,32,COMPLETE
3341,0.02283144296768319,0.46600223241377325,2026-07-07 14:12:14.938501,2026-07-07 14:12:20.394317,0 days 00:00:05.455816,83.26303476198294,32,COMPLETE
3342,0.019135546625915212,0.46661113817208905,2026-07-07 14:12:17.289422,2026-07-07 14:12:22.887837,0 days 00:00:05.598415,58.4670984836052,32,COMPLETE
3343,0.024603224432456994,0.465743200989301,2026-07-07 14:12:17.683024,2026-07-07 14:12:25.674810,0 days 00:00:07.991786,98.67538715106068,32,COMPLETE
3344,0.02324852055386295,0.46596910358667215,2026-07-07 14:12:18.017906,2026-07-07 14:12:27.857220,0 days 00:00:09.839314,85.70809030700977,32,COMPLETE
3345,0.017835775367473716,0.46680109654742424,2026-07-07 14:12:18.181534,2026-07-07 14:12:29.274029,0 days 00:00:11.092495,48.65780974750213,32,COMPLETE
3346,0.014522202220657865,0.4670946551647388,2026-07-07 14:12:18.697665,2026-07-07 14:12:29.063775,0 days 00:00:10.366110,5.392556803487328,32,COMPLETE
3347,0.024997467985950705,0.465689065562058,2026-07-07 14:12:18.699586,2026-07-07 14:12:25.681803,0 days 00:00:06.982217,93.15122628053238,32,COMPLETE
3348,0.012887266949534126,0.46777543239184066,2026-07-07 14:12:18.714669,2026-07-07 14:12:23.740187,0 days 00:00:05.025518,27.884944428881894,32,COMPLETE
3349,0.01197389740890964,0.46782265141424917,2026-07-07 14:12:18.717205,2026-07-07 14:12:28.049254,0 days 00:00:09.332049,9.282087985532572,32,COMPLETE
3350,0.0244579794802523,0.4657023903557378,2026-07-07 14:12:18.875265,2026-07-07 14:12:27.835647,0 days 00:00:08.960382,91.04314697126384,32,COMPLETE
3351,0.01942312141967234,0.46598867967112256,2026-07-07 14:12:18.878622,2026-07-07 14:12:26.497518,0 days 00:00:07.618896,2.547113096217826,32,COMPLETE
3352,0.009063784908998562,0.468304443417144,2026-07-07 14:12:18.894377,2026-07-07 14:12:28.044888,0 days 00:00:09.150511,5.404077097586717,32,COMPLETE
3353,0.013022526083311226,0.46762654653016406,2026-07-07 14:12:18.898184,2026-07-07 14:12:27.497335,0 days 00:00:08.599151,20.437503257721467,32,COMPLETE
3354,0.022706377377891718,0.4660101665311568,2026-07-07 14:12:18.905011,2026-07-07 14:12:28.868141,0 days 00:00:09.963130,82.59878518572123,32,COMPLETE
3355,0.013562645090891667,0.46739107342444725,2026-07-07 14:12:18.906991,2026-07-07 14:12:29.429199,0 days 00:00:10.522208,9.729613107578716,32,COMPLETE
3356,0.017990648140499166,0.4667087010986799,2026-07-07 14:12:19.218401,2026-07-07 14:12:28.037838,0 days 00:00:08.819437,55.144579960970944,32,COMPLETE
3357,0.011081479706176789,0.4675863849191685,2026-07-07 14:12:19.245860,2026-07-07 14:12:25.021310,0 days 00:00:05.775450,17.438814576408944,32,COMPLETE
3358,0.022141821369817016,0.4660344080077188,2026-07-07 14:12:19.256648,2026-07-07 14:12:23.736435,0 days 00:00:04.479787,69.04401318716032,32,COMPLETE
3359,0.015599824858010147,0.46722648029410624,2026-07-07 14:12:19.414452,2026-07-07 14:12:29.063209,0 days 00:00:09.648757,26.433447742680844,32,COMPLETE
3360,0.011731002421842718,0.4678856277336317,2026-07-07 14:12:19.415571,2026-07-07 14:12:29.230931,0 days 00:00:09.815360,16.58538430287803,32,COMPLETE
3361,0.01125197714917936,0.46773479648366634,2026-07-07 14:12:19.580806,2026-07-07 14:12:29.228744,0 days 00:00:09.647938,14.50852796912503,32,COMPLETE
3362,0.01624133953972018,0.46702878765209466,2026-07-07 14:12:19.582620,2026-07-07 14:12:29.270513,0 days 00:00:09.687893,37.20424794662735,32,COMPLETE
3363,0.020798769968378872,0.4662575874903765,2026-07-07 14:12:19.585414,2026-07-07 14:12:32.588198,0 days 00:00:13.002784,76.97944505939701,32,COMPLETE
3364,0.02104207780086914,0.4663961671941388,2026-07-07 14:12:19.587621,2026-07-07 14:12:32.430931,0 days 00:00:12.843310,63.52062873558364,32,COMPLETE
3365,0.023237804903175285,0.4659707203098835,2026-07-07 14:12:19.588795,2026-07-07 14:12:30.916704,0 days 00:00:11.327909,85.663521872472,32,COMPLETE
3366,0.014307423696346744,0.467271430220814,2026-07-07 14:12:19.590149,2026-07-07 14:12:29.234816,0 days 00:00:09.644667,11.665348701494272,32,COMPLETE
3367,0.022780098384252434,0.4660085890494059,2026-07-07 14:12:19.749247,2026-07-07 14:12:29.433126,0 days 00:00:09.683879,83.02618811495174,32,COMPLETE
3368,0.01374736113339764,0.46718276007301474,2026-07-07 14:12:19.751117,2026-07-07 14:12:28.536555,0 days 00:00:08.785438,4.233429701027543,32,COMPLETE
3369,0.018976409241148295,0.4666919985959517,2026-07-07 14:12:19.907735,2026-07-07 14:12:31.783852,0 days 00:00:11.876117,58.77885324395865,32,COMPLETE
3370,0.019377436359936995,0.46640533908578236,2026-07-07 14:12:19.911333,2026-07-07 14:12:28.550105,0 days 00:00:08.638772,74.77069109015758,32,COMPLETE
3371,0.014303699890694799,0.46736513402394153,2026-07-07 14:12:19.912931,2026-07-07 14:12:22.374410,0 days 00:00:02.461479,28.71999030575222,32,COMPLETE
3372,0.020847550168494766,0.46643600730035195,2026-07-07 14:12:20.071401,2026-07-07 14:12:29.436770,0 days 00:00:09.365369,63.25366827140579,32,COMPLETE
3373,0.013426127170023783,0.467747064602417,2026-07-07 14:12:20.382398,2026-07-07 14:12:29.266781,0 days 00:00:08.884383,35.645161042778206,32,COMPLETE
3374,0.010348022735243156,0.46794428998073784,2026-07-07 14:12:20.382908,2026-07-07 14:12:29.447901,0 days 00:00:09.064993,16.699896659752294,32,COMPLETE
3375,0.01275143631664205,0.4678025837365022,2026-07-07 14:12:20.555612,2026-07-07 14:12:27.476850,0 days 00:00:06.921238,19.70566895456291,32,COMPLETE
3376,0.017434806273240067,0.46673844631847083,2026-07-07 14:12:20.871164,2026-07-07 14:12:32.785159,0 days 00:00:11.913995,38.405754993125285,32,COMPLETE
3377,0.014197225539834324,0.4674191220423919,2026-07-07 14:12:21.837490,2026-07-07 14:12:31.298818,0 days 00:00:09.461328,43.364232783226285,32,COMPLETE
3378,0.01033217093119615,0.4680459865345186,2026-07-07 14:12:22.381660,2026-07-07 14:12:31.461230,0 days 00:00:09.079570,32.63549862610471,32,COMPLETE
3379,0.014470600530898825,0.46741562561953676,2026-07-07 14:12:23.748022,2026-07-07 14:12:32.957340,0 days 00:00:09.209318,31.262316681587784,33,COMPLETE
3380,0.01724312967255731,0.46703830118222406,2026-07-07 14:12:23.760506,2026-07-07 14:12:33.988378,0 days 00:00:10.227872,46.15643222112839,33,COMPLETE
3381,0.024090983635574548,0.4657867607589265,2026-07-07 14:12:23.769388,2026-07-07 14:12:33.779432,0 days 00:00:10.010044,88.16931306391537,33,COMPLETE
3382,0.021843328015067887,0.4661711236437237,2026-07-07 14:12:23.781582,2026-07-07 14:12:25.863296,0 days 00:00:02.081714,64.14018492020158,33,COMPLETE
3383,0.01697958373315611,0.46659036388897945,2026-07-07 14:12:23.947456,2026-07-07 14:12:33.298893,0 days 00:00:09.351437,3.9189273246852245,33,COMPLETE
3384,0.006788820044281829,0.46863961163276885,2026-07-07 14:12:23.949319,2026-07-07 14:12:34.929635,0 days 00:00:10.980316,10.022238875821996,33,COMPLETE
3385,0.019225642914183605,0.466222529339111,2026-07-07 14:12:23.957337,2026-07-07 14:12:32.105584,0 days 00:00:08.148247,5.714112140075617,33,COMPLETE
3386,0.022184369749683797,0.4660312581971798,2026-07-07 14:12:23.957706,2026-07-07 14:12:33.991091,0 days 00:00:10.033385,65.13695607326459,33,COMPLETE
3387,0.022099828673968924,0.46605302607802723,2026-07-07 14:12:24.127256,2026-07-07 14:12:34.026594,0 days 00:00:09.899338,64.95758824389264,33,COMPLETE
3388,0.018748255442657735,0.4667216473016259,2026-07-07 14:12:24.128895,2026-07-07 14:12:33.941094,0 days 00:00:09.812199,49.201255435743484,33,COMPLETE
3389,0.020753469143583614,0.4664533271548123,2026-07-07 14:12:24.447394,2026-07-07 14:12:33.985979,0 days 00:00:09.538585,63.117505502099156,33,COMPLETE
3390,0.022769124312770117,0.4660096823384141,2026-07-07 14:12:24.449537,2026-07-07 14:12:33.949506,0 days 00:00:09.499969,82.97776444768694,33,COMPLETE
3391,0.023044462839708457,0.4659985159279413,2026-07-07 14:12:24.461097,2026-07-07 14:12:31.260589,0 days 00:00:06.799492,84.81275875831516,33,COMPLETE
3392,0.009693248533824916,0.4683666180516879,2026-07-07 14:12:24.481036,2026-07-07 14:12:28.052962,0 days 00:00:03.571926,35.567083952700166,33,COMPLETE
3393,0.014517262577515178,0.46726606273256965,2026-07-07 14:12:24.637753,2026-07-07 14:12:34.741454,0 days 00:00:10.103701,32.920248101513394,33,COMPLETE
3394,0.020581022249909153,0.4662196092837763,2026-07-07 14:12:24.642759,2026-07-07 14:12:34.926836,0 days 00:00:10.284077,73.1205826734977,33,COMPLETE
3395,0.016868520247180163,0.4668806704214973,2026-07-07 14:12:24.657153,2026-07-07 14:12:33.964038,0 days 00:00:09.306885,23.83026418032489,33,COMPLETE
3396,0.020841667908933437,0.4661908164584827,2026-07-07 14:12:24.826424,2026-07-07 14:12:34.745488,0 days 00:00:09.919064,72.41900866136977,33,COMPLETE
3397,0.012494463989130233,0.4675964792020482,2026-07-07 14:12:24.985793,2026-07-07 14:12:34.741731,0 days 00:00:09.755938,28.7427099107765,33,COMPLETE
3398,0.015222729393820245,0.467264545239636,2026-07-07 14:12:24.991597,2026-07-07 14:12:33.945209,0 days 00:00:08.953612,36.05211681726931,33,COMPLETE
3399,0.025391594207730794,0.46564701143293585,2026-07-07 14:12:25.022587,2026-07-07 14:12:34.005055,0 days 00:00:08.982468,95.04072847241828,33,COMPLETE
3400,0.018267237301925143,0.4667426365236048,2026-07-07 14:12:25.179134,2026-07-07 14:12:38.768398,0 days 00:00:13.589264,36.36723999310752,33,COMPLETE
3401,0.0075944436645556945,0.4684270233623138,2026-07-07 14:12:25.179432,2026-07-07 14:12:37.072321,0 days 00:00:11.892889,14.166934146151526,33,COMPLETE
3402,0.024544713778884675,0.4657502668204989,2026-07-07 14:12:25.180939,2026-07-07 14:12:35.599629,0 days 00:00:10.418690,98.85732257362835,33,COMPLETE
3403,0.015781288474744692,0.46724789933241967,2026-07-07 14:12:25.495934,2026-07-07 14:12:37.067236,0 days 00:00:11.571302,47.02088777936825,33,COMPLETE
3404,0.01500394797698934,0.46721913595582976,2026-07-07 14:12:25.497426,2026-07-07 14:12:35.123870,0 days 00:00:09.626444,33.10550536238483,33,COMPLETE
3405,0.01368117758741827,0.46738997698962226,2026-07-07 14:12:25.698531,2026-07-07 14:12:35.932853,0 days 00:00:10.234322,31.390470555887934,33,COMPLETE
3406,0.016965089530996458,0.4669114638657858,2026-07-07 14:12:25.702208,2026-07-07 14:12:35.936444,0 days 00:00:10.234236,25.49816128713513,33,COMPLETE
3407,0.015406100017179902,0.4672268930243963,2026-07-07 14:12:25.706683,2026-07-07 14:12:37.439223,0 days 00:00:11.732540,52.023874900796315,33,COMPLETE
3408,0.01984146791071184,0.4663168385754368,2026-07-07 14:12:25.864392,2026-07-07 14:12:31.461817,0 days 00:00:05.597425,76.08942746299428,33,COMPLETE
3409,0.01786385062491791,0.4666588628606728,2026-07-07 14:12:25.868429,2026-07-07 14:12:40.711300,0 days 00:00:14.842871,57.62629140295974,33,COMPLETE
3410,0.02541881546615843,0.4656435970844891,2026-07-07 14:12:27.470709,2026-07-07 14:12:35.105793,0 days 00:00:07.635084,95.5083387285532,33,COMPLETE
3411,0.017439181279408245,0.4668812141926832,2026-07-07 14:12:27.500048,2026-07-07 14:12:39.446697,0 days 00:00:11.946649,27.188975501034253,33,COMPLETE
3412,0.020694330932545968,0.46628404584218114,2026-07-07 14:12:27.852707,2026-07-07 14:12:37.060615,0 days 00:00:09.207908,67.6662622160075,33,COMPLETE
3413,0.015143207549552118,0.46719272528586103,2026-07-07 14:12:28.533316,2026-07-07 14:12:33.953433,0 days 00:00:05.420117,25.506537983324183,33,COMPLETE
3414,0.020291652433911733,0.466314911786872,2026-07-07 14:12:28.541639,2026-07-07 14:12:37.622258,0 days 00:00:09.080619,77.3080268161529,33,COMPLETE
3415,0.017956380351007384,0.46688767696152056,2026-07-07 14:12:28.710351,2026-07-07 14:12:38.105254,0 days 00:00:09.394903,43.702907430521016,33,COMPLETE
3416,0.019113345438130203,0.46649215899475804,2026-07-07 14:12:29.042105,2026-07-07 14:12:39.638929,0 days 00:00:10.596824,56.40713271706946,33,COMPLETE
3417,0.022915841390596214,0.46599492649619967,2026-07-07 14:12:29.053590,2026-07-07 14:12:40.194392,0 days 00:00:11.140802,83.72987401970296,33,COMPLETE
3418,0.011508392415073176,0.4677710216570127,2026-07-07 14:12:29.221190,2026-07-07 14:12:40.554893,0 days 00:00:11.333703,9.884375428437993,33,COMPLETE
3419,0.02365276523984855,0.46586741604121135,2026-07-07 14:12:29.223604,2026-07-07 14:12:40.882521,0 days 00:00:11.658917,87.16898098501679,33,COMPLETE
3420,0.010993716889058591,0.4678887140395329,2026-07-07 14:12:29.259713,2026-07-07 14:12:41.367965,0 days 00:00:12.108252,15.567865000615068,33,COMPLETE
3421,0.01696884022110534,0.4667021279645909,2026-07-07 14:12:29.267077,2026-07-07 14:12:40.541162,0 days 00:00:11.274085,3.7362128641693966,33,COMPLETE
3422,0.01836062726269816,0.46672369373255806,2026-07-07 14:12:29.445199,2026-07-07 14:12:40.174145,0 days 00:00:10.728946,51.5146508758301,33,COMPLETE
3423,0.021100953999612482,0.4662064985443207,2026-07-07 14:12:29.451341,2026-07-07 14:12:40.172161,0 days 00:00:10.720820,66.19089903911502,33,COMPLETE
3424,0.015578411260819824,0.46724643619144496,2026-07-07 14:12:29.608484,2026-07-07 14:12:46.744723,0 days 00:00:17.136239,22.831781762909323,33,COMPLETE
3425,0.014931655528494903,0.46715268659618975,2026-07-07 14:12:30.243607,2026-07-07 14:12:40.147582,0 days 00:00:09.903975,33.196019610527024,33,COMPLETE
3426,0.024178676569745983,0.46575914499805376,2026-07-07 14:12:30.245398,2026-07-07 14:12:37.449647,0 days 00:00:07.204249,88.7713914662914,33,COMPLETE
3427,0.012302486337657348,0.4676696737080112,2026-07-07 14:12:30.246892,2026-07-07 14:12:40.709541,0 days 00:00:10.462649,14.653544210907311,33,COMPLETE
3428,0.018898505853991054,0.4666880659514053,2026-07-07 14:12:30.405853,2026-07-07 14:12:37.628188,0 days 00:00:07.222335,58.66459805192789,33,COMPLETE
3429,0.01758708926474195,0.46688974065460964,2026-07-07 14:12:30.413245,2026-07-07 14:12:42.365921,0 days 00:00:11.952676,40.64323732221901,33,COMPLETE
3430,0.018688359766511564,0.466584566204335,2026-07-07 14:12:30.577749,2026-07-07 14:12:40.543429,0 days 00:00:09.965680,50.91792611860531,33,COMPLETE
3431,0.020054638110456435,0.46655295243907496,2026-07-07 14:12:30.579749,2026-07-07 14:12:34.578629,0 days 00:00:03.998880,62.46546695064828,33,COMPLETE
3432,0.020580319964043636,0.4662196782878693,2026-07-07 14:12:30.747702,2026-07-07 14:12:40.375147,0 days 00:00:09.627445,73.12475779215106,33,COMPLETE
3433,0.012406446422818573,0.4675838916147764,2026-07-07 14:12:30.749826,2026-07-07 14:12:41.682781,0 days 00:00:10.932955,18.4326486695796,33,COMPLETE
3434,0.010484845838210133,0.46803094850053933,2026-07-07 14:12:30.907742,2026-07-07 14:12:42.372580,0 days 00:00:11.464838,16.784485897776076,33,COMPLETE
3435,0.0074309848339548235,0.4686044387408009,2026-07-07 14:12:30.940824,2026-07-07 14:12:37.090640,0 days 00:00:06.149816,11.226306330648084,33,COMPLETE
3436,0.013700661910370004,0.4671199980247128,2026-07-07 14:12:30.944664,2026-07-07 14:12:44.021736,0 days 00:00:13.077072,8.512742002613265,33,COMPLETE
3437,0.019370117497190642,0.46653481261383534,2026-07-07 14:12:32.107122,2026-07-07 14:12:42.361853,0 days 00:00:10.254731,41.62660045255978,33,COMPLETE
3438,0.013326972748194443,0.46782307081495667,2026-07-07 14:12:32.765869,2026-07-07 14:12:40.712001,0 days 00:00:07.946132,25.069608879236185,33,COMPLETE
3439,0.01051534837879503,0.4678295703059982,2026-07-07 14:12:32.969508,2026-07-07 14:12:44.975856,0 days 00:00:12.006348,4.31571336425485,33,COMPLETE
3440,0.019849672794843953,0.4664414607433528,2026-07-07 14:12:33.300494,2026-07-07 14:12:44.812545,0 days 00:00:11.512051,40.36091122558245,33,COMPLETE
3441,0.020358524176308623,0.46625875123565463,2026-07-07 14:12:33.964317,2026-07-07 14:12:44.182929,0 days 00:00:10.218612,73.65798120798391,33,COMPLETE
3442,0.01773648589910104,0.4667838245169362,2026-07-07 14:12:33.979418,2026-07-07 14:12:44.364390,0 days 00:00:10.384972,39.29166481074182,33,COMPLETE
3443,0.008728173670381811,0.46823284792262987,2026-07-07 14:12:34.028327,2026-07-07 14:12:42.725343,0 days 00:00:08.697016,12.595608248596402,33,COMPLETE
3444,0.017772412657862724,0.46682307307110366,2026-07-07 14:12:34.035303,2026-07-07 14:12:42.717014,0 days 00:00:08.681711,51.563606989994135,33,COMPLETE
3445,0.02044441846171169,0.46629496926773734,2026-07-07 14:12:34.036567,2026-07-07 14:12:39.974182,0 days 00:00:05.937615,76.63400008817648,33,COMPLETE
3446,0.015071357721284817,0.4669936301144224,2026-07-07 14:12:34.051336,2026-07-07 14:12:37.099474,0 days 00:00:03.048138,5.951611001322457,33,COMPLETE
3447,0.01653310730118379,0.46720150244107717,2026-07-07 14:12:34.247489,2026-07-07 14:12:44.372056,0 days 00:00:10.124567,22.589568496769903,33,COMPLETE
3448,0.02480370833269885,0.4657037522746062,2026-07-07 14:12:34.249212,2026-07-07 14:12:40.359593,0 days 00:00:06.110381,92.50663244637667,33,COMPLETE
3449,0.01563156440033603,0.46710522605804333,2026-07-07 14:12:34.407403,2026-07-07 14:12:44.654925,0 days 00:00:10.247522,30.47021712263239,33,COMPLETE
3450,0.024483671587709865,0.46575649752519765,2026-07-07 14:12:34.414807,2026-07-07 14:12:45.139735,0 days 00:00:10.724928,99.13059694247794,33,COMPLETE
3451,0.018649706725193782,0.4667516486087333,2026-07-07 14:12:34.574008,2026-07-07 14:12:44.651319,0 days 00:00:10.077311,44.822763988918716,33,COMPLETE
3452,0.01921898511141612,0.4665735167966183,2026-07-07 14:12:34.908508,2026-07-07 14:12:45.143909,0 days 00:00:10.235401,58.39646460843262,33,COMPLETE
3453,0.01795653448137391,0.46681047417391,2026-07-07 14:12:34.929889,2026-07-07 14:12:38.110349,0 days 00:00:03.180460,26.87107054599641,33,COMPLETE
3454,0.02286583326868291,0.46599857656441324,2026-07-07 14:12:34.939334,2026-07-07 14:12:45.471096,0 days 00:00:10.531762,83.48595751868166,33,COMPLETE
3455,0.017253530762524172,0.46697803297259416,2026-07-07 14:12:34.939560,2026-07-07 14:12:46.715207,0 days 00:00:11.775647,50.15874768901837,33,COMPLETE
3456,0.019547965582832227,0.46638531793870636,2026-07-07 14:12:34.944363,2026-07-07 14:12:45.837727,0 days 00:00:10.893364,74.38391637955615,33,COMPLETE
3457,0.016631878302804104,0.46703488207203175,2026-07-07 14:12:35.103117,2026-07-07 14:12:46.921233,0 days 00:00:11.818116,24.329151180695046,33,COMPLETE
3458,0.020807452421850614,0.4662467709770853,2026-07-07 14:12:35.108136,2026-07-07 14:12:40.175720,0 days 00:00:05.067584,66.33311995040923,33,COMPLETE
3459,0.023889753534692637,0.46583853486979415,2026-07-07 14:12:35.117974,2026-07-07 14:12:46.544953,0 days 00:00:11.426979,87.74597072318763,33,COMPLETE
3460,0.018423704562771315,0.4662931928032362,2026-07-07 14:12:35.437385,2026-07-07 14:12:45.841907,0 days 00:00:10.404522,3.0029910346460453,33,COMPLETE
3461,0.01650385017522127,0.46720203907957697,2026-07-07 14:12:35.603700,2026-07-07 14:12:41.860770,0 days 00:00:06.257070,43.79163790411235,33,COMPLETE
3462,0.020293385605373804,0.4663131769091531,2026-07-07 14:12:35.606781,2026-07-07 14:12:44.354000,0 days 00:00:08.747219,77.31900082574168,33,COMPLETE
3463,0.022108379300293635,0.46607398224552965,2026-07-07 14:12:35.768267,2026-07-07 14:12:44.486806,0 days 00:00:08.718539,81.27775828114753,33,COMPLETE
3464,0.01654968651256733,0.4671334052643217,2026-07-07 14:12:35.936340,2026-07-07 14:12:50.357622,0 days 00:00:14.421282,23.015667180402463,33,COMPLETE
3465,0.023575122619922673,0.4658907835659336,2026-07-07 14:12:36.093106,2026-07-07 14:12:50.009083,0 days 00:00:13.915977,86.8551731570353,33,COMPLETE
3466,0.00886454052771446,0.4684319289085356,2026-07-07 14:12:36.719365,2026-07-07 14:12:48.350563,0 days 00:00:11.631198,5.419960030669321,33,COMPLETE
3467,0.019036803512000267,0.46657167760041296,2026-07-07 14:12:36.724831,2026-07-07 14:12:42.558819,0 days 00:00:05.833988,28.17922408012159,33,COMPLETE
3468,0.020658258096763804,0.4662840261271211,2026-07-07 14:12:36.890511,2026-07-07 14:12:47.717755,0 days 00:00:10.827244,60.470927642096704,33,COMPLETE
3469,0.006695824520758231,0.46867742456159706,2026-07-07 14:12:37.113462,2026-07-07 14:12:46.727406,0 days 00:00:09.613944,10.31661182575779,33,COMPLETE
3470,0.013515617094213783,0.4670143526282084,2026-07-07 14:12:37.448344,2026-07-07 14:12:50.551849,0 days 00:00:13.103505,19.174041066501523,33,COMPLETE
3471,0.024799146090795754,0.4657037212453815,2026-07-07 14:12:38.106276,2026-07-07 14:12:51.218124,0 days 00:00:13.111848,92.48464515318591,33,COMPLETE
3472,0.02442749284718304,0.46576060781943734,2026-07-07 14:12:38.115798,2026-07-07 14:12:46.018438,0 days 00:00:07.902640,99.66720069682395,33,COMPLETE
3473,0.023312821754041924,0.4659577990440278,2026-07-07 14:12:38.124717,2026-07-07 14:12:51.250991,0 days 00:00:13.126274,85.99959994540063,33,COMPLETE
3474,0.02505989648481244,0.4656828436630931,2026-07-07 14:12:38.765661,2026-07-07 14:12:49.826853,0 days 00:00:11.061192,93.43158240850539,33,COMPLETE
3475,0.01619659037579202,0.46726621932524315,2026-07-07 14:12:38.767887,2026-07-07 14:12:44.188791,0 days 00:00:05.420904,22.13045251876647,33,COMPLETE
3476,0.016583909935467045,0.4669321045243999,2026-07-07 14:12:39.130567,2026-07-07 14:12:46.924764,0 days 00:00:07.794197,19.34478480949576,33,COMPLETE
3477,0.025326929092761186,0.46565249725282604,2026-07-07 14:12:39.462549,2026-07-07 14:12:50.019363,0 days 00:00:10.556814,96.33913222221196,33,COMPLETE
3478,0.02100367952554555,0.4662349230514264,2026-07-07 14:12:39.622414,2026-07-07 14:12:51.591569,0 days 00:00:11.969155,61.17693351862789,33,COMPLETE
3479,0.020617149002787882,0.4662378762542974,2026-07-07 14:12:39.966935,2026-07-07 14:12:50.537699,0 days 00:00:10.570764,72.00298442319446,33,COMPLETE
3480,0.021050824477170493,0.4662162389080935,2026-07-07 14:12:40.142023,2026-07-07 14:12:45.456958,0 days 00:00:05.314935,67.94329062050473,33,COMPLETE
3481,0.02541099841816641,0.4656444067814007,2026-07-07 14:12:40.352053,2026-07-07 14:12:49.988605,0 days 00:00:09.636552,95.23093004155498,33,COMPLETE
3482,0.017798349350522324,0.4667035723935027,2026-07-07 14:12:40.354573,2026-07-07 14:12:50.540952,0 days 00:00:10.186379,23.89794565699563,34,COMPLETE
3483,0.0229806324139904,0.466002760964779,2026-07-07 14:12:40.545836,2026-07-07 14:12:51.424239,0 days 00:00:10.878403,84.48759800936209,34,COMPLETE
3484,0.02009703895763093,0.4663780012214634,2026-07-07 14:12:40.711480,2026-07-07 14:12:50.008558,0 days 00:00:09.297078,40.9325355096937,34,COMPLETE
3485,0.022999571235281346,0.466004112599575,2026-07-07 14:12:40.714710,2026-07-07 14:12:50.724189,0 days 00:00:10.009479,84.6519631418979,34,COMPLETE
3486,0.010573702688992048,0.46795698896221877,2026-07-07 14:12:40.716127,2026-07-07 14:12:50.547794,0 days 00:00:09.831667,11.231655861022869,34,COMPLETE
3487,0.0215437335006452,0.4661018789408883,2026-07-07 14:12:41.038838,2026-07-07 14:12:49.826671,0 days 00:00:08.787833,78.96768800038953,34,COMPLETE
3488,0.013739482839378314,0.4676357048560025,2026-07-07 14:12:41.041777,2026-07-07 14:12:50.728790,0 days 00:00:09.687013,35.875012362666375,34,COMPLETE
3489,0.02312016338079237,0.4659878991387706,2026-07-07 14:12:41.043569,2026-07-07 14:12:50.720345,0 days 00:00:09.676776,85.09333548406669,34,COMPLETE
3490,0.021135201050626273,0.4661769763852886,2026-07-07 14:12:41.044193,2026-07-07 14:12:45.841406,0 days 00:00:04.797213,70.48288342618079,34,COMPLETE
3491,0.009443260723158098,0.468224280627693,2026-07-07 14:12:41.200813,2026-07-07 14:12:52.794891,0 days 00:00:11.594078,31.023827286146958,34,COMPLETE
3492,0.018398285232046674,0.46673801880102667,2026-07-07 14:12:41.204004,2026-07-07 14:12:46.352552,0 days 00:00:05.148548,34.72694086657324,34,COMPLETE
3493,0.020132852386993194,0.4663751871501413,2026-07-07 14:12:41.209619,2026-07-07 14:12:51.419961,0 days 00:00:10.210342,23.988323439382082,34,COMPLETE
3494,0.020004511403467595,0.4665324288991788,2026-07-07 14:12:41.678597,2026-07-07 14:12:52.797887,0 days 00:00:11.119290,62.131861920325946,34,COMPLETE
3495,0.022113599613065638,0.4660527163154344,2026-07-07 14:12:41.686539,2026-07-07 14:12:44.977609,0 days 00:00:03.291070,64.921086444725,34,COMPLETE
3496,0.014933784195937383,0.46753730531140386,2026-07-07 14:12:41.693754,2026-07-07 14:12:48.353543,0 days 00:00:06.659789,22.189144646225365,34,COMPLETE
3497,0.017134597143792618,0.46691690777457473,2026-07-07 14:12:41.697453,2026-07-07 14:12:51.776035,0 days 00:00:10.078582,47.59319414428846,34,COMPLETE
3498,0.016082961394147055,0.46693572364563396,2026-07-07 14:12:41.701920,2026-07-07 14:12:46.710171,0 days 00:00:05.008251,27.412641876349902,34,COMPLETE
3499,0.004057582472613175,0.4691787546447726,2026-07-07 14:12:41.859105,2026-07-07 14:12:52.619604,0 days 00:00:10.760499,10.744240097830525,34,COMPLETE
3500,0.01165719322434644,0.4676561889226533,2026-07-07 14:12:42.022016,2026-07-07 14:12:54.113617,0 days 00:00:12.091601,13.827612416245426,34,COMPLETE
3501,0.009929999896821695,0.46814236345441435,2026-07-07 14:12:42.366108,2026-07-07 14:12:50.723191,0 days 00:00:08.357083,16.42475122622106,34,COMPLETE
3502,0.009234998717527754,0.46815976080115007,2026-07-07 14:12:42.395781,2026-07-07 14:12:51.243903,0 days 00:00:08.848122,11.358584578204734,34,COMPLETE
3503,0.015573130792878642,0.466926561076318,2026-07-07 14:12:42.744392,2026-07-07 14:12:49.830323,0 days 00:00:07.085931,5.76442681393114,34,COMPLETE
3504,0.011243302305872171,0.4678393344008593,2026-07-07 14:12:44.350005,2026-07-07 14:12:55.156323,0 days 00:00:10.806318,18.852718684056747,34,COMPLETE
3505,0.03228584337594903,0.463583039786313,2026-07-07 14:12:44.354230,2026-07-07 14:12:53.297419,0 days 00:00:08.943189,1.4351466613761188,34,COMPLETE
3506,0.0166131649432823,0.4668737100243719,2026-07-07 14:12:44.354924,2026-07-07 14:12:53.787101,0 days 00:00:09.432177,37.46951029015129,34,COMPLETE
3507,0.010312968540059697,0.46797572401925924,2026-07-07 14:12:44.376790,2026-07-07 14:12:54.783656,0 days 00:00:10.406866,17.437708236988776,34,COMPLETE
3508,0.01819934153546421,0.46684497958742854,2026-07-07 14:12:44.395546,2026-07-07 14:12:56.137983,0 days 00:00:11.742437,59.49016096463858,34,COMPLETE
3509,0.02414232201429073,0.46574576283153923,2026-07-07 14:12:44.450349,2026-07-07 14:12:55.160554,0 days 00:00:10.710205,90.439057157116,34,COMPLETE
3510,0.019107235369119013,0.46658141567181244,2026-07-07 14:12:45.454259,2026-07-07 14:12:53.628464,0 days 00:00:08.174205,40.418870756022756,34,COMPLETE
3511,0.0180537063248169,0.4667536595233431,2026-07-07 14:12:45.464770,2026-07-07 14:12:55.175858,0 days 00:00:09.711088,51.419748773481125,34,COMPLETE
3512,0.017505153374842486,0.4668006103010954,2026-07-07 14:12:45.466338,2026-07-07 14:12:58.351211,0 days 00:00:12.884873,54.83339512045989,34,COMPLETE
3513,0.023668512752041404,0.465861086655958,2026-07-07 14:12:45.480762,2026-07-07 14:12:58.374469,0 days 00:00:12.893707,87.25691291270807,34,COMPLETE
3514,0.015411555946999056,0.4671076519143327,2026-07-07 14:12:45.487763,2026-07-07 14:12:58.355269,0 days 00:00:12.867506,5.401014538996527,34,COMPLETE
3515,0.02155348103943755,0.46614183538890047,2026-07-07 14:12:45.996906,2026-07-07 14:12:55.159625,0 days 00:00:09.162719,80.20860287127927,34,COMPLETE
3516,0.019714058453664807,0.4664942768041771,2026-07-07 14:12:46.000172,2026-07-07 14:12:52.101842,0 days 00:00:06.101670,35.94076805907822,34,COMPLETE
3517,0.012343252770702362,0.4676006183258319,2026-07-07 14:12:46.004379,2026-07-07 14:12:54.963420,0 days 00:00:08.959041,18.14938643006998,34,COMPLETE
3518,0.014949755835323486,0.4673052571143239,2026-07-07 14:12:46.007918,2026-07-07 14:12:55.806666,0 days 00:00:09.798748,36.84676810417909,34,COMPLETE
3519,0.0168157801690878,0.4666935639543287,2026-07-07 14:12:46.020359,2026-07-07 14:12:56.138431,0 days 00:00:10.118072,3.1582392252123155,34,COMPLETE
3520,0.021273239225976792,0.46632964864988125,2026-07-07 14:12:46.026129,2026-07-07 14:12:57.477504,0 days 00:00:11.451375,63.82247725427542,34,COMPLETE
3521,0.011462060607500213,0.46791787587311656,2026-07-07 14:12:46.185350,2026-07-07 14:12:57.685155,0 days 00:00:11.499805,28.65997861071685,34,COMPLETE
3522,0.01645416710306985,0.46708243633168844,2026-07-07 14:12:46.359372,2026-07-07 14:12:58.736960,0 days 00:00:12.377588,47.388970234919306,34,COMPLETE
3523,0.01761243695122472,0.4667824585017809,2026-07-07 14:12:46.738670,2026-07-07 14:12:56.799131,0 days 00:00:10.060461,54.75197962919363,34,COMPLETE
3524,0.024740743215602934,0.4656986518931592,2026-07-07 14:12:46.745609,2026-07-07 14:12:58.367514,0 days 00:00:11.621905,92.05996493788945,34,COMPLETE
3525,0.01397573469693375,0.46725460917248074,2026-07-07 14:12:46.745782,2026-07-07 14:12:55.170070,0 days 00:00:08.424288,4.45824119806435,34,COMPLETE
3526,0.013984327068070901,0.4670983167126872,2026-07-07 14:12:46.904913,2026-07-07 14:12:58.367047,0 days 00:00:11.462134,7.802581503270029,34,COMPLETE
3527,0.012913224897479814,0.46751227055655453,2026-07-07 14:12:46.905208,2026-07-07 14:12:58.553381,0 days 00:00:11.648173,9.803769711204954,34,COMPLETE
3528,0.022047572124833936,0.46608022546133754,2026-07-07 14:12:46.908674,2026-07-07 14:12:55.167982,0 days 00:00:08.259308,64.60290236675145,34,COMPLETE
3529,0.008209919323621695,0.4681942580130967,2026-07-07 14:12:46.913077,2026-07-07 14:12:52.285803,0 days 00:00:05.372726,12.389295107120745,34,COMPLETE
3530,0.02446091508300252,0.46575781677461764,2026-07-07 14:12:46.926197,2026-07-07 14:12:59.416081,0 days 00:00:12.489884,99.32091950087988,34,COMPLETE
3531,0.009758918095801317,0.4679422840638883,2026-07-07 14:12:47.709393,2026-07-07 14:12:55.158146,0 days 00:00:07.448753,7.2722839984015035,34,COMPLETE
3532,0.02174449699616965,0.4660696195013317,2026-07-07 14:12:48.028027,2026-07-07 14:13:00.953805,0 days 00:00:12.925778,70.23411033302548,34,COMPLETE
3533,0.017705395181766337,0.4668758565533471,2026-07-07 14:12:48.339848,2026-07-07 14:13:00.075705,0 days 00:00:11.735857,44.612961407951516,34,COMPLETE
3534,0.011135003091758966,0.4679159256387142,2026-07-07 14:12:48.343336,2026-07-07 14:12:58.366719,0 days 00:00:10.023383,9.36873493760752,34,COMPLETE
3535,0.011411943900652588,0.46799674119140955,2026-07-07 14:12:48.347302,2026-07-07 14:12:52.802007,0 days 00:00:04.454705,15.833524447466608,34,COMPLETE
3536,0.01631640012367913,0.46676042261010686,2026-07-07 14:12:48.822739,2026-07-07 14:12:59.071981,0 days 00:00:10.249242,3.28819277632314,34,COMPLETE
3537,0.024990055394150668,0.46569261146742763,2026-07-07 14:12:48.825932,2026-07-07 14:12:58.034521,0 days 00:00:09.208589,97.84754116613347,34,COMPLETE
3538,-9.236790485289692e-05,0.4693070261894867,2026-07-07 14:12:49.303832,2026-07-07 14:13:01.834844,0 days 00:00:12.531012,5.1087312599138714,34,COMPLETE
3539,0.018074865773488158,0.46674326675980254,2026-07-07 14:12:50.548276,2026-07-07 14:12:59.067722,0 days 00:00:08.519446,51.43093204059145,34,COMPLETE
3540,0.01581072728760774,0.467140995612964,2026-07-07 14:12:50.712663,2026-07-07 14:12:58.545348,0 days 00:00:07.832685,39.57633178446993,34,COMPLETE
3541,0.01743456791850795,0.46697828690154597,2026-07-07 14:12:51.045545,2026-07-07 14:13:01.315472,0 days 00:00:10.269927,50.64572100347889,34,COMPLETE
3542,0.022729197162246972,0.46601204557037224,2026-07-07 14:12:51.207580,2026-07-07 14:12:59.238615,0 days 00:00:08.031035,82.77515649703807,34,COMPLETE
3543,0.014725210860947358,0.467394164615607,2026-07-07 14:12:51.210129,2026-07-07 14:13:01.663798,0 days 00:00:10.453669,35.17975400523689,34,COMPLETE
3544,0.012203732618542185,0.46743325247081846,2026-07-07 14:12:51.230349,2026-07-07 14:13:01.140882,0 days 00:00:09.910533,7.062551369093998,34,COMPLETE
3545,0.021208445289623012,0.4662084143356441,2026-07-07 14:12:51.230564,2026-07-07 14:13:00.942416,0 days 00:00:09.711852,61.07073533045823,34,COMPLETE
3546,0.020478726465540442,0.4662424573475628,2026-07-07 14:12:51.235112,2026-07-07 14:13:01.834330,0 days 00:00:10.599218,55.77997282670957,34,COMPLETE
3547,0.015403146450958416,0.46722714853183434,2026-07-07 14:12:51.239939,2026-07-07 14:12:56.783412,0 days 00:00:05.543473,52.021614495399504,34,COMPLETE
3548,0.021768533621689456,0.4661150026835467,2026-07-07 14:12:51.246869,2026-07-07 14:13:01.833518,0 days 00:00:10.586649,80.6145617714313,34,COMPLETE
3549,0.019255343104541522,0.46653623091992735,2026-07-07 14:12:51.254697,2026-07-07 14:12:58.348381,0 days 00:00:07.093684,34.64380293397817,34,COMPLETE
3550,0.020509825672196336,0.4662801379847756,2026-07-07 14:12:51.414579,2026-07-07 14:13:02.358417,0 days 00:00:10.943838,77.99283758563823,34,COMPLETE
3551,0.02484026817236734,0.4657029665829322,2026-07-07 14:12:51.416594,2026-07-07 14:13:01.125038,0 days 00:00:09.708444,92.65608691371632,34,COMPLETE
3552,0.01569458043318611,0.4670418123801021,2026-07-07 14:12:51.432269,2026-07-07 14:12:55.811580,0 days 00:00:04.379311,24.996168438860266,34,COMPLETE
3553,0.025310303977594817,0.465654360727448,2026-07-07 14:12:51.589056,2026-07-07 14:13:05.039759,0 days 00:00:13.450703,96.41445445985764,34,COMPLETE
3554,0.01603976241388616,0.4670329425994959,2026-07-07 14:12:51.592357,2026-07-07 14:13:00.924053,0 days 00:00:09.331696,38.023530314560006,34,COMPLETE
3555,0.016566333985578885,0.4670267178409654,2026-07-07 14:12:52.093841,2026-07-07 14:13:02.352892,0 days 00:00:10.259051,37.01111271569563,34,COMPLETE
3556,0.022365456109416926,0.4659658257892961,2026-07-07 14:12:52.115293,2026-07-07 14:13:04.690817,0 days 00:00:12.575524,69.70825450832263,34,COMPLETE
3557,0.023347686978252402,0.4659480169530843,2026-07-07 14:12:52.126391,2026-07-07 14:13:00.753944,0 days 00:00:08.627553,86.14353649848142,34,COMPLETE
3558,0.013631117550080507,0.4672208379516663,2026-07-07 14:12:52.285684,2026-07-07 14:12:58.373744,0 days 00:00:06.088060,15.087028038526535,34,COMPLETE
3559,0.02172347785713924,0.4661204226055143,2026-07-07 14:12:52.296809,2026-07-07 14:13:02.020905,0 days 00:00:09.724096,80.5292465117839,34,COMPLETE
3560,0.012697824320735795,0.46754105118344946,2026-07-07 14:12:52.305370,2026-07-07 14:12:58.366926,0 days 00:00:06.061556,15.408051584296476,34,COMPLETE
3561,0.019134802132342144,0.4666114864522515,2026-07-07 14:12:52.620154,2026-07-07 14:13:09.040393,0 days 00:00:16.420239,58.47183329052284,34,COMPLETE
3562,0.017468448200646525,0.46694914813551136,2026-07-07 14:12:52.620677,2026-07-07 14:13:04.675550,0 days 00:00:12.054873,40.9995611464802,34,COMPLETE
3563,0.024982962752609472,0.46569336857241994,2026-07-07 14:12:52.782883,2026-07-07 14:12:57.474943,0 days 00:00:04.692060,97.86753049963734,34,COMPLETE
3564,0.024171927941126825,0.4657592306074597,2026-07-07 14:12:53.463466,2026-07-07 14:13:04.341800,0 days 00:00:10.878334,88.85912381845417,34,COMPLETE
3565,0.018114414815084023,0.46668850305848225,2026-07-07 14:12:53.469414,2026-07-07 14:13:01.120719,0 days 00:00:07.651305,53.985990884410754,34,COMPLETE
3566,0.016182623122032558,0.46709781144391244,2026-07-07 14:12:54.111253,2026-07-07 14:13:04.679269,0 days 00:00:10.568016,26.849901955286374,34,COMPLETE
3567,0.025292936263578203,0.4656592061797357,2026-07-07 14:12:54.113802,2026-07-07 14:13:02.518576,0 days 00:00:08.404774,94.50936827484327,34,COMPLETE
3568,0.014209004145991633,0.4674300148650249,2026-07-07 14:12:54.605375,2026-07-07 14:13:04.342178,0 days 00:00:09.736803,36.19262606602832,34,COMPLETE
3569,0.01715044223532225,0.4668320615458928,2026-07-07 14:12:54.971852,2026-07-07 14:13:00.092834,0 days 00:00:05.120982,42.07080410473893,34,COMPLETE
3570,0.017573335929242928,0.4657826582973271,2026-07-07 14:12:55.131593,2026-07-07 14:13:05.046571,0 days 00:00:09.914978,1.1386906205844398,34,COMPLETE
3571,0.01071783135433485,0.4679418594233665,2026-07-07 14:12:55.136060,2026-07-07 14:13:03.999231,0 days 00:00:08.863171,13.984428565587038,34,COMPLETE
3572,0.017155038744025797,0.4670294335795747,2026-07-07 14:12:55.159262,2026-07-07 14:13:04.683977,0 days 00:00:09.524715,42.86698018502408,34,COMPLETE
3573,0.016886923310309665,0.4669756774352556,2026-07-07 14:12:55.174381,2026-07-07 14:13:05.217592,0 days 00:00:10.043211,48.71847040035625,34,COMPLETE
3574,0.023427404222018444,0.4659285306315048,2026-07-07 14:12:55.806993,2026-07-07 14:13:04.504751,0 days 00:00:08.697758,86.39988514635898,34,COMPLETE
3575,0.017474684819089592,0.46690778749123574,2026-07-07 14:12:56.138674,2026-07-07 14:13:11.844025,0 days 00:00:15.705351,47.95436666653974,34,COMPLETE
3576,0.00961001286758617,0.4684358779131041,2026-07-07 14:12:56.958900,2026-07-07 14:13:02.999040,0 days 00:00:06.040140,35.83919706595015,34,COMPLETE
3577,0.021959900151111655,0.46608810260560746,2026-07-07 14:12:57.279269,2026-07-07 14:13:07.491458,0 days 00:00:10.212189,64.7089954689469,34,COMPLETE
3578,0.021482108185713278,0.4661083378112566,2026-07-07 14:12:57.459096,2026-07-07 14:13:07.678286,0 days 00:00:10.219190,78.78373231259137,34,COMPLETE
3579,0.018380430212670718,0.4666531604669246,2026-07-07 14:12:57.460475,2026-07-07 14:13:08.246369,0 days 00:00:10.785894,55.23871620019208,34,COMPLETE
3580,0.006238648713432493,0.4693855431502706,2026-07-07 14:12:57.462469,2026-07-07 14:13:07.653874,0 days 00:00:10.191405,3.917542141781803,34,COMPLETE
3581,0.02114335299019321,0.46619817886992915,2026-07-07 14:12:57.486103,2026-07-07 14:13:08.058116,0 days 00:00:10.572013,68.00154212609124,34,COMPLETE
3582,0.017354131626561298,0.46702777770738657,2026-07-07 14:12:57.676593,2026-07-07 14:13:01.652631,0 days 00:00:03.976038,46.55602169242825,34,COMPLETE
3583,0.01474887276278336,0.46744393525946404,2026-07-07 14:12:58.002465,2026-07-07 14:13:05.036719,0 days 00:00:07.034254,25.909354642802942,34,COMPLETE
3584,0.013227892519998063,0.46748124778979605,2026-07-07 14:12:58.013548,2026-07-07 14:13:07.871606,0 days 00:00:09.858058,27.89446212982294,34,COMPLETE
3585,0.014051185480232542,0.4674036786222906,2026-07-07 14:12:58.015717,2026-07-07 14:13:07.676572,0 days 00:00:09.660855,38.459361153733454,34,COMPLETE
3586,0.025067457889604905,0.46568522749637387,2026-07-07 14:12:58.542082,2026-07-07 14:13:02.675322,0 days 00:00:04.133240,97.54986023099096,35,COMPLETE
3587,0.02327661544415427,0.46596718830958767,2026-07-07 14:12:58.542293,2026-07-07 14:13:09.138221,0 days 00:00:10.595928,85.82051084332588,35,COMPLETE
3588,0.01573171415923913,0.4671901884084914,2026-07-07 14:12:58.713842,2026-07-07 14:13:04.684151,0 days 00:00:05.970309,52.21957887814631,35,COMPLETE
3589,0.01932547887336239,0.4664129614728328,2026-07-07 14:12:58.734155,2026-07-07 14:13:08.221798,0 days 00:00:09.487643,74.67236444561374,35,COMPLETE
3590,0.02417927066784825,0.46575954696507954,2026-07-07 14:12:58.742711,2026-07-07 14:13:08.247261,0 days 00:00:09.504550,88.73291539156043,35,COMPLETE
3591,0.016518086762762285,0.46704301332063813,2026-07-07 14:12:59.062755,2026-07-07 14:13:09.115356,0 days 00:00:10.052601,46.79451330072746,35,COMPLETE
3592,0.0209169078194833,0.4662517813236232,2026-07-07 14:12:59.064174,2026-07-07 14:13:09.060652,0 days 00:00:09.996478,77.16746098402247,35,COMPLETE
3593,0.022909161802769917,0.46599525526400887,2026-07-07 14:12:59.243971,2026-07-07 14:13:09.095074,0 days 00:00:09.851103,83.68974188317183,35,COMPLETE
3594,0.02154591014639906,0.46610169741123175,2026-07-07 14:12:59.246524,2026-07-07 14:13:09.084404,0 days 00:00:09.837880,78.97195516311217,35,COMPLETE
3595,0.01798475169942626,0.46677660055553544,2026-07-07 14:12:59.404068,2026-07-07 14:13:12.159392,0 days 00:00:12.755324,36.38537110414826,35,COMPLETE
3596,0.018064147052093082,0.46672833983283885,2026-07-07 14:12:59.405895,2026-07-07 14:13:08.036367,0 days 00:00:08.630472,54.36607723756313,35,COMPLETE
3597,0.01395526545435255,0.46752146718544046,2026-07-07 14:12:59.407769,2026-07-07 14:13:09.112735,0 days 00:00:09.704966,9.84197231359811,35,COMPLETE
3598,0.02146108314349382,0.46615246458683385,2026-07-07 14:12:59.420834,2026-07-07 14:13:08.877829,0 days 00:00:09.456995,79.99065026069078,35,COMPLETE
3599,0.0038586746301307873,0.4694220041976397,2026-07-07 14:12:59.581309,2026-07-07 14:13:08.047479,0 days 00:00:08.466170,10.946912351561958,35,COMPLETE
3600,0.023140672016623065,0.4659853973214104,2026-07-07 14:12:59.739450,2026-07-07 14:13:04.863944,0 days 00:00:05.124494,85.19321856851668,35,COMPLETE
3601,0.024730086147905617,0.4656973993212148,2026-07-07 14:13:00.089474,2026-07-07 14:13:09.063006,0 days 00:00:08.973532,91.97086814075838,35,COMPLETE
3602,0.0181364887627809,0.46665458894859435,2026-07-07 14:13:00.430515,2026-07-07 14:13:10.773459,0 days 00:00:10.342944,41.289046808471475,35,COMPLETE
3603,0.02541930214425614,0.4656434110309015,2026-07-07 14:13:00.587898,2026-07-07 14:13:11.465373,0 days 00:00:10.877475,95.4625271111242,35,COMPLETE
3604,0.022906677456501823,0.46599539570036547,2026-07-07 14:13:00.763436,2026-07-07 14:13:09.125804,0 days 00:00:08.362368,83.67570092412257,35,COMPLETE
3605,0.020460472613625824,0.4663010792359945,2026-07-07 14:13:00.920361,2026-07-07 14:13:14.368396,0 days 00:00:13.448035,78.17599350150596,35,COMPLETE
3606,0.024553106025797078,0.4656988097547166,2026-07-07 14:13:00.956063,2026-07-07 14:13:13.875196,0 days 00:00:12.919133,91.2667030731083,35,COMPLETE
3607,0.018094059041676602,0.4667187338651648,2026-07-07 14:13:01.315015,2026-07-07 14:13:10.093363,0 days 00:00:08.778348,54.096271528047204,35,COMPLETE
3608,0.020519072873804,0.4662568292850397,2026-07-07 14:13:01.493101,2026-07-07 14:13:14.712472,0 days 00:00:13.219371,71.7963413062307,35,COMPLETE
3609,0.017827038197893774,0.46665863972882093,2026-07-07 14:13:01.493353,2026-07-07 14:13:12.860928,0 days 00:00:11.367575,57.51685157360385,35,COMPLETE
3610,0.020781409711125298,0.46623862390877097,2026-07-07 14:13:01.827335,2026-07-07 14:13:11.823056,0 days 00:00:09.995721,70.6735280874992,35,COMPLETE
3611,0.018518965574742585,0.4666377125791408,2026-07-07 14:13:01.836526,2026-07-07 14:13:05.229270,0 days 00:00:03.392744,40.02471096866692,35,COMPLETE
3612,0.025412686760066194,0.465644171404091,2026-07-07 14:13:01.836708,2026-07-07 14:13:12.672381,0 days 00:00:10.835673,95.25485829027754,35,COMPLETE
3613,0.011787750348174808,0.468160770893422,2026-07-07 14:13:02.189645,2026-07-07 14:13:12.340127,0 days 00:00:10.150482,20.05957721282749,35,COMPLETE
3614,0.024163009144061276,0.46574513673195406,2026-07-07 14:13:02.344987,2026-07-07 14:13:12.334157,0 days 00:00:09.989170,90.29918822974014,35,COMPLETE
3615,0.025123873831399246,0.4656764582659975,2026-07-07 14:13:02.353264,2026-07-07 14:13:14.549017,0 days 00:00:12.195753,93.74606393243899,35,COMPLETE
3616,0.010045861438228054,0.46815021026197384,2026-07-07 14:13:02.354687,2026-07-07 14:13:12.693547,0 days 00:00:10.338860,4.2715837470051445,35,COMPLETE
3617,0.021190309831924825,0.46567240449389363,2026-07-07 14:13:02.360043,2026-07-07 14:13:10.960094,0 days 00:00:08.600051,2.1102507625128917,35,COMPLETE
3618,0.01993273206099666,0.4663905784560701,2026-07-07 14:13:02.675666,2026-07-07 14:13:11.848198,0 days 00:00:09.172532,55.93347519718648,35,COMPLETE
3619,0.0102847860515205,0.4680695723727768,2026-07-07 14:13:02.830871,2026-07-07 14:13:11.463118,0 days 00:00:08.632247,30.888310769238984,35,COMPLETE
3620,0.019692747764714302,0.46633097249300215,2026-07-07 14:13:02.837369,2026-07-07 14:13:13.367561,0 days 00:00:10.530192,75.2768175380871,35,COMPLETE
3621,0.011711902128055951,0.4677986472497255,2026-07-07 14:13:02.993879,2026-07-07 14:13:13.876708,0 days 00:00:10.882829,14.199035836657854,35,COMPLETE
3622,0.014694594511840853,0.46707063186593323,2026-07-07 14:13:02.996040,2026-07-07 14:13:12.868403,0 days 00:00:09.872363,3.43599235753633,35,COMPLETE
3623,0.015139981791687351,0.46729250040517134,2026-07-07 14:13:03.000656,2026-07-07 14:13:12.342653,0 days 00:00:09.341997,25.681982035987804,35,COMPLETE
3624,0.014833172157159458,0.46746107379491486,2026-07-07 14:13:03.331674,2026-07-07 14:13:14.890936,0 days 00:00:11.559262,21.380858811250786,35,COMPLETE
3625,0.019927899993487874,0.4664917024089401,2026-07-07 14:13:03.805445,2026-07-07 14:13:11.829900,0 days 00:00:08.024455,41.61179824622061,35,COMPLETE
3626,0.01931764125446578,0.46653538934783884,2026-07-07 14:13:03.975270,2026-07-07 14:13:10.770897,0 days 00:00:06.795627,58.319756303839824,35,COMPLETE
3627,0.008524704215771783,0.46844602015254255,2026-07-07 14:13:03.979156,2026-07-07 14:13:14.723771,0 days 00:00:10.744615,31.74638191470755,35,COMPLETE
3628,0.020692299978129824,0.4662246240660889,2026-07-07 14:13:04.867525,2026-07-07 14:13:16.076400,0 days 00:00:11.208875,72.05948666963872,35,COMPLETE
3629,0.014862779917523938,0.4673197584111595,2026-07-07 14:13:04.870808,2026-07-07 14:13:09.299865,0 days 00:00:04.429057,26.971352417399725,35,COMPLETE
3630,0.014320917232628683,0.4674045009520995,2026-07-07 14:13:05.051010,2026-07-07 14:13:14.355613,0 days 00:00:09.304603,19.358826167970683,35,COMPLETE
3631,0.01354632203755135,0.4674281708052255,2026-07-07 14:13:05.053232,2026-07-07 14:13:16.273527,0 days 00:00:11.220295,15.402485325481909,35,COMPLETE
3632,0.02118876053329294,0.46536291974079,2026-07-07 14:13:05.053765,2026-07-07 14:13:15.900407,0 days 00:00:10.846642,1.3026328220338441,35,COMPLETE
3633,0.011462084159228725,0.46778609788644676,2026-07-07 14:13:05.221330,2026-07-07 14:13:09.044871,0 days 00:00:03.823541,18.71639691011732,35,COMPLETE
3634,0.018689109832230377,0.4667413576064736,2026-07-07 14:13:05.224022,2026-07-07 14:13:17.231072,0 days 00:00:12.007050,59.362477720940916,35,COMPLETE
3635,0.017503462423178573,0.46694843461961943,2026-07-07 14:13:05.226499,2026-07-07 14:13:15.864380,0 days 00:00:10.637881,50.53780113298595,35,COMPLETE
3636,0.024370846087300446,0.4657691781366138,2026-07-07 14:13:05.540161,2026-07-07 14:13:15.216436,0 days 00:00:09.676275,99.93190825062895,35,COMPLETE
3637,0.016744455540076697,0.4668997346097067,2026-07-07 14:13:05.542988,2026-07-07 14:13:11.826188,0 days 00:00:06.283200,28.959116003024093,35,COMPLETE
3638,0.015531822498796477,0.4672144837175808,2026-07-07 14:13:05.863556,2026-07-07 14:13:18.559537,0 days 00:00:12.695981,52.10012016757072,35,COMPLETE
3639,0.023803794029327807,0.46585604935833713,2026-07-07 14:13:06.175800,2026-07-07 14:13:16.903625,0 days 00:00:10.727825,87.62228836328651,35,COMPLETE
3640,0.015455416875155614,0.46718926641323383,2026-07-07 14:13:06.506368,2026-07-07 14:13:11.819185,0 days 00:00:05.312817,19.612022712078733,35,COMPLETE
3641,0.021544017443164976,0.46613831791605154,2026-07-07 14:13:06.510537,2026-07-07 14:13:15.858794,0 days 00:00:09.348257,68.36488316551338,35,COMPLETE
3642,0.01607891566845504,0.46690862509254616,2026-07-07 14:13:06.513645,2026-07-07 14:13:10.942417,0 days 00:00:04.428772,34.40558405509543,35,COMPLETE
3643,0.020659725858712286,0.46628374414299534,2026-07-07 14:13:06.523017,2026-07-07 14:13:16.434006,0 days 00:00:09.910989,60.46724749054905,35,COMPLETE
3644,0.021045395821229607,0.46619399216188667,2026-07-07 14:13:09.070606,2026-07-07 14:13:19.144637,0 days 00:00:10.074031,70.53251812838823,35,COMPLETE
3645,0.018096385801281756,0.46683915043902346,2026-07-07 14:13:09.091424,2026-07-07 14:13:17.240002,0 days 00:00:08.148578,45.60568585962296,35,COMPLETE
3646,0.01345409015583926,0.4673238314297544,2026-07-07 14:13:09.115221,2026-07-07 14:13:18.791947,0 days 00:00:09.676726,5.193323366395277,35,COMPLETE
3647,0.011931754824752838,0.4674251115830837,2026-07-07 14:13:09.128819,2026-07-07 14:13:19.475393,0 days 00:00:10.346574,18.027793344420243,35,COMPLETE
3648,0.010289213758557847,0.46828636924151545,2026-07-07 14:13:09.130141,2026-07-07 14:13:23.081009,0 days 00:00:13.950868,18.42808952232917,35,COMPLETE
3649,0.012253616033039205,0.46754324965793265,2026-07-07 14:13:09.133630,2026-07-07 14:13:17.236042,0 days 00:00:08.102412,18.754407859091987,35,COMPLETE
3650,0.06303473579016977,0.4588401778610437,2026-07-07 14:13:09.297242,2026-07-07 14:13:22.022812,0 days 00:00:12.725570,0.8267710377031178,35,COMPLETE
3651,0.013354595998157914,0.46763889616770277,2026-07-07 14:13:09.613465,2026-07-07 14:13:18.972115,0 days 00:00:09.358650,21.71722645445462,35,COMPLETE
3652,0.02047191936784526,0.46634090049538146,2026-07-07 14:13:09.772005,2026-07-07 14:13:18.804042,0 days 00:00:09.032037,61.26592363564544,35,COMPLETE
3653,0.0231135304038812,0.46598872195896923,2026-07-07 14:13:09.773853,2026-07-07 14:13:21.965923,0 days 00:00:12.192070,85.06300896050729,35,COMPLETE
3654,0.020736225382587847,0.46626362492551005,2026-07-07 14:13:10.412291,2026-07-07 14:13:18.980342,0 days 00:00:08.568051,67.41299196430249,35,COMPLETE
3655,0.020125142299608656,0.46632472055677743,2026-07-07 14:13:10.580251,2026-07-07 14:13:19.498207,0 days 00:00:08.917956,41.98285228043733,35,COMPLETE
3656,0.009715178555647408,0.46830694078618945,2026-07-07 14:13:10.581235,2026-07-07 14:13:20.595892,0 days 00:00:10.014657,35.85287609690244,35,COMPLETE
3657,0.01939286540800561,0.46650313029353263,2026-07-07 14:13:10.585843,2026-07-07 14:13:22.206064,0 days 00:00:11.620221,58.252353182377014,35,COMPLETE
3658,0.009146709427540645,0.46833257057170474,2026-07-07 14:13:10.589498,2026-07-07 14:13:18.565582,0 days 00:00:07.976084,12.226763340192566,35,COMPLETE
3659,0.014449795951016087,0.46720624072014716,2026-07-07 14:13:10.594554,2026-07-07 14:13:18.973144,0 days 00:00:08.378590,33.310669147436904,35,COMPLETE
3660,0.016896924349252385,0.466446905242013,2026-07-07 14:13:10.603892,2026-07-07 14:13:17.411020,0 days 00:00:06.807128,4.152076467034243,35,COMPLETE
3661,0.01602432822759786,0.46722550599238843,2026-07-07 14:13:10.606314,2026-07-07 14:13:19.151780,0 days 00:00:08.545466,46.60590919355041,35,COMPLETE
3662,0.019772988338551345,0.46630947033475906,2026-07-07 14:13:10.772065,2026-07-07 14:13:22.199585,0 days 00:00:11.427520,75.56966002230162,35,COMPLETE
3663,0.01975227636111787,0.4663170659271558,2026-07-07 14:13:10.960411,2026-07-07 14:13:19.495494,0 days 00:00:08.535083,75.39931452834978,35,COMPLETE
3664,0.009561351660835327,0.4685959960775834,2026-07-07 14:13:10.966067,2026-07-07 14:13:18.800059,0 days 00:00:07.833992,17.45393653894158,35,COMPLETE
3665,0.019463454706320715,0.46648069347445337,2026-07-07 14:13:11.129840,2026-07-07 14:13:23.777518,0 days 00:00:12.647678,58.22046125138332,35,COMPLETE
3666,0.021971716318545165,0.46609011066526257,2026-07-07 14:13:11.290724,2026-07-07 14:13:16.253619,0 days 00:00:04.962895,64.64555176362714,35,COMPLETE
3667,0.015233494104848644,0.46741913961857284,2026-07-07 14:13:11.643895,2026-07-07 14:13:22.206149,0 days 00:00:10.562254,18.997629833374244,35,COMPLETE
3668,0.010565591968565935,0.46800352312253357,2026-07-07 14:13:12.166676,2026-07-07 14:13:16.245863,0 days 00:00:04.079187,17.904686775072182,35,COMPLETE
3669,0.01563272357120793,0.4670552740271784,2026-07-07 14:13:12.326166,2026-07-07 14:13:22.205364,0 days 00:00:09.879198,26.307318440015216,35,COMPLETE
3670,0.018696532591752635,0.46682403650588394,2026-07-07 14:13:12.328583,2026-07-07 14:13:22.011299,0 days 00:00:09.682716,59.12181209195662,35,COMPLETE
3671,0.013006762717032105,0.4675298692611187,2026-07-07 14:13:12.659470,2026-07-07 14:13:23.070370,0 days 00:00:10.410900,30.655207882044436,35,COMPLETE
3672,0.01941803144918769,0.4663489005564134,2026-07-07 14:13:12.679359,2026-07-07 14:13:22.383795,0 days 00:00:09.704436,35.77984924267634,35,COMPLETE
3673,0.021517955264558908,0.4661467270007706,2026-07-07 14:13:12.694580,2026-07-07 14:13:24.910214,0 days 00:00:12.215634,80.13621560374567,35,COMPLETE
3674,0.01625250031305847,0.466990025648682,2026-07-07 14:13:12.854761,2026-07-07 14:13:18.968146,0 days 00:00:06.113385,52.82735561870885,35,COMPLETE
3675,0.02447913338767671,0.4657568475667409,2026-07-07 14:13:12.861412,2026-07-07 14:13:18.985336,0 days 00:00:06.123924,99.16005906353993,35,COMPLETE
3676,0.023302903056459323,0.465960658619098,2026-07-07 14:13:12.870537,2026-07-07 14:13:24.591233,0 days 00:00:11.720696,85.95030068883804,35,COMPLETE
3677,0.011759294533855325,0.4675074500034102,2026-07-07 14:13:12.874391,2026-07-07 14:13:22.215509,0 days 00:00:09.341118,14.146472251450092,35,COMPLETE
3678,0.015906104276883604,0.46722440679060195,2026-07-07 14:13:12.883339,2026-07-07 14:13:22.389219,0 days 00:00:09.505880,41.0322708703762,35,COMPLETE
3679,0.025112359632184722,0.4656794691258175,2026-07-07 14:13:12.885068,2026-07-07 14:13:23.755431,0 days 00:00:10.870363,97.25667287869877,35,COMPLETE
3680,0.01575037490740766,0.467133755856297,2026-07-07 14:13:12.888870,2026-07-07 14:13:23.062366,0 days 00:00:10.173496,31.232822003619393,35,COMPLETE
3681,0.01730505429921797,0.4669027628792267,2026-07-07 14:13:12.890977,2026-07-07 14:13:23.055907,0 days 00:00:10.164930,41.19090064361141,35,COMPLETE
3682,0.01955356705575123,0.46661185157793694,2026-07-07 14:13:12.896546,2026-07-07 14:13:18.561128,0 days 00:00:05.664582,44.95334648311217,35,COMPLETE
3683,0.02196178295796286,0.4660921079197725,2026-07-07 14:13:13.367813,2026-07-07 14:13:22.211687,0 days 00:00:08.843874,80.99148775586305,35,COMPLETE
3684,0.011997006976267488,0.4675235983434447,2026-07-07 14:13:13.370918,2026-07-07 14:13:22.385636,0 days 00:00:09.014718,15.097797873022008,35,COMPLETE
3685,0.01655873487927967,0.4670270708594837,2026-07-07 14:13:13.527291,2026-07-07 14:13:21.775980,0 days 00:00:08.248689,46.81643633129506,35,COMPLETE
3686,0.019612822969166388,0.4664929762383777,2026-07-07 14:13:13.547706,2026-07-07 14:13:23.778180,0 days 00:00:10.230474,53.63622420965029,35,COMPLETE
3687,0.025378457415804412,0.4656470157252631,2026-07-07 14:13:13.548877,2026-07-07 14:13:23.585639,0 days 00:00:10.036762,96.05712568122114,35,COMPLETE
3688,0.027350959920980467,0.46435510654950446,2026-07-07 14:13:13.554354,2026-07-07 14:13:19.488730,0 days 00:00:05.934376,1.6440301731894167,35,COMPLETE
3689,0.022807182260206782,0.46600544360691637,2026-07-07 14:13:14.348169,2026-07-07 14:13:23.245315,0 days 00:00:08.897146,83.14300763107575,35,COMPLETE
3690,0.02361075464583018,0.46588114967209254,2026-07-07 14:13:14.880731,2026-07-07 14:13:26.224451,0 days 00:00:11.343720,86.98794139577458,35,COMPLETE
3691,0.016474810001437745,0.46666009965293365,2026-07-07 14:13:14.891134,2026-07-07 14:13:21.985517,0 days 00:00:07.094383,7.9200275262300694,35,COMPLETE
3692,0.023726261015327266,0.46584763714182037,2026-07-07 14:13:15.211424,2026-07-07 14:13:26.776791,0 days 00:00:11.565367,87.43680159186547,35,COMPLETE
3693,0.016971825470398105,0.46654955623789973,2026-07-07 14:13:15.224129,2026-07-07 14:13:24.115788,0 days 00:00:08.891659,3.238827310810982,35,COMPLETE
3694,0.017363215401650534,0.4669556492844781,2026-07-07 14:13:15.869305,2026-07-07 14:13:27.487779,0 days 00:00:11.618474,46.01631023781316,36,COMPLETE
3695,0.01691318389191926,0.4669095341417693,2026-07-07 14:13:16.067749,2026-07-07 14:13:29.158144,0 days 00:00:13.090395,44.22520918355958,36,COMPLETE
3696,0.023128248684554875,0.4659869121027546,2026-07-07 14:13:16.076986,2026-07-07 14:13:27.473036,0 days 00:00:11.396050,85.13175493253038,36,COMPLETE
3697,0.023611735237394682,0.465880808294768,2026-07-07 14:13:16.078377,2026-07-07 14:13:26.217072,0 days 00:00:10.138695,86.99320253271516,36,COMPLETE
3698,0.022525888704101715,0.4660246262656914,2026-07-07 14:13:16.904691,2026-07-07 14:13:29.133044,0 days 00:00:12.228353,82.06649458908556,36,COMPLETE
3699,0.0206826726821277,0.46625665830403035,2026-07-07 14:13:16.909064,2026-07-07 14:13:26.776956,0 days 00:00:09.867892,77.87381113214434,36,COMPLETE
3700,0.01975218119589678,0.4663669862429177,2026-07-07 14:13:17.227431,2026-07-07 14:13:23.044823,0 days 00:00:05.817392,74.2518916593417,36,COMPLETE
3701,0.008391144922109572,0.46827513420206923,2026-07-07 14:13:17.410823,2026-07-07 14:13:29.144940,0 days 00:00:11.734117,12.938197797391174,36,COMPLETE
3702,0.023075822282029146,0.4659938303541661,2026-07-07 14:13:17.439210,2026-07-07 14:13:28.611186,0 days 00:00:11.171976,84.91390962818582,36,COMPLETE
3703,0.02100713842147689,0.46620142223758165,2026-07-07 14:13:17.440711,2026-07-07 14:13:28.449399,0 days 00:00:11.008688,70.55021781399248,36,COMPLETE
3704,0.02188090542681176,0.46606975671418277,2026-07-07 14:13:18.083078,2026-07-07 14:13:33.216340,0 days 00:00:15.133262,65.82133294725216,36,COMPLETE
3705,0.013110670237154287,0.4675008508095749,2026-07-07 14:13:18.393258,2026-07-07 14:13:30.147504,0 days 00:00:11.754246,31.502328740674646,36,COMPLETE
3706,0.021871265933744388,0.4661028512003822,2026-07-07 14:13:18.393836,2026-07-07 14:13:26.249858,0 days 00:00:07.856022,80.81353274888582,36,COMPLETE
3707,0.017466863658651743,0.4667871298557137,2026-07-07 14:13:18.576676,2026-07-07 14:13:27.425411,0 days 00:00:08.848735,38.281890070281605,36,COMPLETE
3708,-0.08270134592161682,0.4798818930019839,2026-07-07 14:13:18.765352,2026-07-07 14:13:29.151098,0 days 00:00:10.385746,1.2546042804465325,36,COMPLETE
3709,0.013012276588899585,0.46740794955047127,2026-07-07 14:13:18.767777,2026-07-07 14:13:27.100721,0 days 00:00:08.332944,20.932608298850095,36,COMPLETE
3710,0.01184751017758734,0.46772986527343496,2026-07-07 14:13:18.796980,2026-07-07 14:13:30.334302,0 days 00:00:11.537322,31.855204033485318,36,COMPLETE
3711,0.02083065672446288,0.4661917403483623,2026-07-07 14:13:18.801495,2026-07-07 14:13:27.970700,0 days 00:00:09.169205,72.45970203444816,36,COMPLETE
3712,0.023078874041298214,0.4659933881581516,2026-07-07 14:13:19.470459,2026-07-07 14:13:31.225448,0 days 00:00:11.754989,84.92458644008747,36,COMPLETE
3713,0.017593217493456326,0.46688245978810244,2026-07-07 14:13:19.476441,2026-07-07 14:13:30.335811,0 days 00:00:10.859370,38.93212725020621,36,COMPLETE
3714,0.021004430461332158,0.46640556581998005,2026-07-07 14:13:19.489770,2026-07-07 14:13:29.818994,0 days 00:00:10.329224,63.469885588525315,36,COMPLETE
3715,0.02151306244805562,0.466147386065408,2026-07-07 14:13:20.129536,2026-07-07 14:13:31.035086,0 days 00:00:10.905550,80.12547810709046,36,COMPLETE
3716,0.019890860850077463,0.4663538202458641,2026-07-07 14:13:20.596459,2026-07-07 14:13:26.575197,0 days 00:00:05.978738,41.381848451096964,36,COMPLETE
3717,0.025072904492749126,0.4656814922608242,2026-07-07 14:13:20.599516,2026-07-07 14:13:31.410840,0 days 00:00:10.811324,93.49673455757707,36,COMPLETE
3718,0.02273437291013697,0.4660119225417924,2026-07-07 14:13:20.600032,2026-07-07 14:13:30.511991,0 days 00:00:09.911959,82.80437890547283,36,COMPLETE
3719,0.020343773371367335,0.466328223684479,2026-07-07 14:13:20.613227,2026-07-07 14:13:31.572156,0 days 00:00:10.958929,66.93132939206797,36,COMPLETE
3720,0.012149350736441134,0.4677142999207228,2026-07-07 14:13:20.614860,2026-07-07 14:13:29.149190,0 days 00:00:08.534330,27.81660869265387,36,COMPLETE
3721,0.019280833124899588,0.46659402028946845,2026-07-07 14:13:20.623259,2026-07-07 14:13:31.400902,0 days 00:00:10.777643,42.40679112001541,36,COMPLETE
3722,0.01446803786704709,0.4673291099995575,2026-07-07 14:13:20.631654,2026-07-07 14:13:27.814212,0 days 00:00:07.182558,36.25858273021285,36,COMPLETE
3723,0.02056341330989514,0.46625395243427337,2026-07-07 14:13:20.808053,2026-07-07 14:13:30.845513,0 days 00:00:10.037460,71.67213637018638,36,COMPLETE
3724,0.015592802265183447,0.4670902016809556,2026-07-07 14:13:21.454229,2026-07-07 14:13:26.746618,0 days 00:00:05.292389,30.06514808002328,36,COMPLETE
3725,0.01853106991215575,0.4666880254549893,2026-07-07 14:13:21.610570,2026-07-07 14:13:23.778267,0 days 00:00:02.167697,24.117428200237153,36,COMPLETE
3726,0.01710269810608056,0.46685630917839505,2026-07-07 14:13:21.617910,2026-07-07 14:13:30.852397,0 days 00:00:09.234487,26.504982325204512,36,COMPLETE
3727,0.010339224390321422,0.46781986036324175,2026-07-07 14:13:21.981648,2026-07-07 14:13:26.236103,0 days 00:00:04.254455,15.796663810582181,36,COMPLETE
3728,0.01953719482863453,0.4664482799048652,2026-07-07 14:13:22.216194,2026-07-07 14:13:36.668413,0 days 00:00:14.452219,58.15748224787217,36,COMPLETE
3729,0.014525284844650266,0.46733112270350363,2026-07-07 14:13:23.032925,2026-07-07 14:13:33.812190,0 days 00:00:10.779265,27.719715397314197,36,COMPLETE
3730,0.023654171322332218,0.46586168208963274,2026-07-07 14:13:23.064843,2026-07-07 14:13:30.859335,0 days 00:00:07.794492,87.29262787943561,36,COMPLETE
3731,0.024230573633250763,0.46574296402667814,2026-07-07 14:13:23.077338,2026-07-07 14:13:33.808809,0 days 00:00:10.731471,89.51957933255567,36,COMPLETE
3732,0.02444394139153694,0.46575856979263636,2026-07-07 14:13:23.082813,2026-07-07 14:13:27.492598,0 days 00:00:04.409785,99.53967582160892,36,COMPLETE
3733,0.009920568455131007,0.46808674334371086,2026-07-07 14:13:23.088387,2026-07-07 14:13:33.259902,0 days 00:00:10.171515,17.578515829897377,36,COMPLETE
3734,0.022280284846110887,0.4660524569829898,2026-07-07 14:13:23.246325,2026-07-07 14:13:33.199523,0 days 00:00:09.953198,81.6117519042065,36,COMPLETE
3735,0.01709840947788338,0.4669855691754249,2026-07-07 14:13:23.248130,2026-07-07 14:13:33.422853,0 days 00:00:10.174723,45.55271383018965,36,COMPLETE
3736,0.02224224802732694,0.4660570702352525,2026-07-07 14:13:23.250252,2026-07-07 14:13:31.235373,0 days 00:00:07.985121,81.53805277436865,36,COMPLETE
3737,0.02336802386754766,0.46594263845872996,2026-07-07 14:13:23.251606,2026-07-07 14:13:36.997484,0 days 00:00:13.745878,86.21055382106337,36,COMPLETE
3738,0.020572429650387192,0.4662701157529844,2026-07-07 14:13:23.264197,2026-07-07 14:13:35.813791,0 days 00:00:12.549594,77.94604934376615,36,COMPLETE
3739,0.022882517120106527,0.46599714290246286,2026-07-07 14:13:23.577996,2026-07-07 14:13:33.163961,0 days 00:00:09.585965,83.55803854108298,36,COMPLETE
3740,0.019707442541972153,0.4664137530415816,2026-07-07 14:13:23.580278,2026-07-07 14:13:34.986306,0 days 00:00:11.406028,41.47249241985847,36,COMPLETE
3741,0.013501763048993198,0.467499065503709,2026-07-07 14:13:23.589696,2026-07-07 14:13:33.639499,0 days 00:00:10.049803,36.597885840945345,36,COMPLETE
3742,0.02372681663132381,0.4658558407098643,2026-07-07 14:13:23.778422,2026-07-07 14:13:31.398614,0 days 00:00:07.620192,87.48075551922355,36,COMPLETE
3743,0.015477135070765258,0.4671882780385111,2026-07-07 14:13:23.781612,2026-07-07 14:13:33.610983,0 days 00:00:09.829371,53.32217050860502,36,COMPLETE
3744,0.022664616207534127,0.46601095884485405,2026-07-07 14:13:23.938792,2026-07-07 14:13:33.415692,0 days 00:00:09.476900,82.40394801830709,36,COMPLETE
3745,0.00540954406270211,0.46892044733990645,2026-07-07 14:13:23.941612,2026-07-07 14:13:35.158758,0 days 00:00:11.217146,10.89299815625024,36,COMPLETE
3746,0.020294393000148847,0.4662699087746418,2026-07-07 14:13:23.947949,2026-07-07 14:13:27.457444,0 days 00:00:03.509495,73.77538716945827,36,COMPLETE
3747,-0.2886476652039537,0.5244846160188358,2026-07-07 14:13:24.585129,2026-07-07 14:13:29.821892,0 days 00:00:05.236763,1.198628183475485,36,COMPLETE
3748,0.007264890030829918,0.46833073831233957,2026-07-07 14:13:24.588792,2026-07-07 14:13:31.229839,0 days 00:00:06.641047,11.516785302903063,36,COMPLETE
3749,0.023192838694423124,0.46597797913794187,2026-07-07 14:13:24.590693,2026-07-07 14:13:32.848634,0 days 00:00:08.257941,85.45645139997676,36,COMPLETE
3750,0.019394342086258343,0.46650178121823166,2026-07-07 14:13:24.749093,2026-07-07 14:13:37.539441,0 days 00:00:12.790348,58.24781950301095,36,COMPLETE
3751,0.02387142594690378,0.4658428398749741,2026-07-07 14:13:24.752588,2026-07-07 14:13:34.295287,0 days 00:00:09.542699,87.71598214381247,36,COMPLETE
3752,0.012060401597811021,0.4677171271583174,2026-07-07 14:13:24.910010,2026-07-07 14:13:33.638849,0 days 00:00:08.728839,6.444497465580381,36,COMPLETE
3753,0.022225480236473028,0.46602580373585034,2026-07-07 14:13:25.539363,2026-07-07 14:13:36.328468,0 days 00:00:10.789105,65.17377798761825,36,COMPLETE
3754,0.018010713075264084,0.46671321246029035,2026-07-07 14:13:25.549925,2026-07-07 14:13:36.653851,0 days 00:00:11.103926,53.992820751038664,36,COMPLETE
3755,0.007687750298427831,0.4683314681011777,2026-07-07 14:13:26.206339,2026-07-07 14:13:31.897266,0 days 00:00:05.690927,12.775410819702971,36,COMPLETE
3756,0.025198139599387603,0.46566761305449383,2026-07-07 14:13:26.413760,2026-07-07 14:13:35.844618,0 days 00:00:09.430858,96.85922903597425,36,COMPLETE
3757,0.021540385031227183,0.4661021578787146,2026-07-07 14:13:26.757639,2026-07-07 14:13:37.883957,0 days 00:00:11.126318,78.96104248072821,36,COMPLETE
3758,0.02318690865556916,0.4659789402263452,2026-07-07 14:13:27.417256,2026-07-07 14:13:37.350450,0 days 00:00:09.933194,85.42747433290448,36,COMPLETE
3759,0.023197963934013632,0.4653282838116912,2026-07-07 14:13:27.427705,2026-07-07 14:13:36.330332,0 days 00:00:08.902627,2.0323902184863907,36,COMPLETE
3760,0.018666545317125194,0.46677178661221963,2026-07-07 14:13:27.436728,2026-07-07 14:13:36.008301,0 days 00:00:08.571573,45.59236660517065,36,COMPLETE
3761,0.015134034357273507,0.46714742550282246,2026-07-07 14:13:27.496613,2026-07-07 14:13:37.525827,0 days 00:00:10.029214,2.768982416872853,36,COMPLETE
3762,0.01815876438096592,0.46662546766214347,2026-07-07 14:13:27.971251,2026-07-07 14:13:38.220237,0 days 00:00:10.248986,57.40310322906022,36,COMPLETE
3763,0.021129109540032054,0.46617809073767436,2026-07-07 14:13:28.452754,2026-07-07 14:13:39.170834,0 days 00:00:10.718080,70.48597109945456,36,COMPLETE
3764,0.020334762028862363,0.46626274261443557,2026-07-07 14:13:28.635331,2026-07-07 14:13:39.963312,0 days 00:00:11.327981,73.71202548180693,36,COMPLETE
3765,0.01460459475890391,0.4671152137238904,2026-07-07 14:13:28.794579,2026-07-07 14:13:38.224018,0 days 00:00:09.429439,6.9493014781491915,36,COMPLETE
3766,0.017513035526185328,0.46689470250378634,2026-07-07 14:13:29.115490,2026-07-07 14:13:37.538351,0 days 00:00:08.422861,23.739697723149703,36,COMPLETE
3767,0.022532525257547287,0.46602385818908665,2026-07-07 14:13:29.127149,2026-07-07 14:13:39.920636,0 days 00:00:10.793487,82.0791223818005,36,COMPLETE
3768,0.025293767511390064,0.46565910888969453,2026-07-07 14:13:29.151375,2026-07-07 14:13:33.636056,0 days 00:00:04.484681,94.51311242626768,36,COMPLETE
3769,0.02225380109539976,0.4660544670333292,2026-07-07 14:13:29.160250,2026-07-07 14:13:37.881150,0 days 00:00:08.720900,64.50787338203472,36,COMPLETE
3770,-0.00817669037747093,0.4720813281449344,2026-07-07 14:13:29.164573,2026-07-07 14:13:38.545479,0 days 00:00:09.380906,4.365468764261877,36,COMPLETE
3771,0.02076602695446622,0.46620166903349947,2026-07-07 14:13:29.170706,2026-07-07 14:13:39.862738,0 days 00:00:10.692032,72.64307297193407,36,COMPLETE
3772,0.023353520752768142,0.46594644231074844,2026-07-07 14:13:29.651883,2026-07-07 14:13:33.636661,0 days 00:00:03.984778,86.16385151376609,36,COMPLETE
3773,0.01989213050603933,0.46634860811837525,2026-07-07 14:13:29.809492,2026-07-07 14:13:42.183727,0 days 00:00:12.374235,74.14727122182937,36,COMPLETE
3774,0.020508930307560513,0.4664923699759875,2026-07-07 14:13:29.985884,2026-07-07 14:13:39.903927,0 days 00:00:09.918043,62.85356323097737,36,COMPLETE
3775,0.020028472692708132,0.4663234721770127,2026-07-07 14:13:30.147898,2026-07-07 14:13:39.881442,0 days 00:00:09.733544,74.03550549769842,36,COMPLETE
3776,0.017468242684441304,0.46688449470319837,2026-07-07 14:13:30.516347,2026-07-07 14:13:42.953049,0 days 00:00:12.436702,41.070345679733144,36,COMPLETE
3777,0.025329728588909084,0.46565479511547686,2026-07-07 14:13:30.681238,2026-07-07 14:13:33.438079,0 days 00:00:02.756841,94.68036510294677,36,COMPLETE
3778,0.010215235272981293,0.4681318679352614,2026-07-07 14:13:30.855597,2026-07-07 14:13:35.486660,0 days 00:00:04.631063,31.93034048741927,36,COMPLETE
3779,0.02019551142710524,0.46629044501495204,2026-07-07 14:13:30.859616,2026-07-07 14:13:39.940920,0 days 00:00:09.081304,76.4690788140295,36,COMPLETE
3780,0.025126742913300526,0.46567618575845876,2026-07-07 14:13:31.034905,2026-07-07 14:13:39.910604,0 days 00:00:08.875699,93.75978138226859,36,COMPLETE
3781,0.022248572646926423,0.46601494933226206,2026-07-07 14:13:31.040733,2026-07-07 14:13:39.898822,0 days 00:00:08.858089,69.3610537063187,36,COMPLETE
3782,0.021388058594540627,0.4649054024221353,2026-07-07 14:13:31.053215,2026-07-07 14:13:39.924802,0 days 00:00:08.871587,1.3299829575625841,36,COMPLETE
3783,0.01926653420095409,0.4664741520692823,2026-07-07 14:13:31.411244,2026-07-07 14:13:39.937482,0 days 00:00:08.526238,56.15516772871323,36,COMPLETE
3784,0.02141177306765224,0.4661547009923847,2026-07-07 14:13:31.579393,2026-07-07 14:13:42.955588,0 days 00:00:11.376195,68.23054209844322,36,COMPLETE
3785,0.011964027077852435,0.4676774611222472,2026-07-07 14:13:31.736496,2026-07-07 14:13:42.910794,0 days 00:00:11.174298,17.472422165744792,36,COMPLETE
3786,0.013496889313391103,0.4678058675834157,2026-07-07 14:13:31.894146,2026-07-07 14:13:39.915648,0 days 00:00:08.021502,22.149924816979325,36,COMPLETE
3787,0.010543263963839256,0.4680018523851862,2026-07-07 14:13:32.054224,2026-07-07 14:13:43.130221,0 days 00:00:11.075997,15.700452546795594,36,COMPLETE
3788,0.02046246920117878,0.4662938995188228,2026-07-07 14:13:32.216340,2026-07-07 14:13:39.946768,0 days 00:00:07.730428,76.64584562821366,36,COMPLETE
3789,0.018675306514237267,0.4667100838872662,2026-07-07 14:13:32.532655,2026-07-07 14:13:42.939558,0 days 00:00:10.406903,49.6220946689755,36,COMPLETE
3790,0.025176279532021006,0.46567039221968953,2026-07-07 14:13:33.172271,2026-07-07 14:13:37.549267,0 days 00:00:04.376996,96.94417215264376,36,COMPLETE
3791,0.020293269256511814,0.4663151214676,2026-07-07 14:13:33.177069,2026-07-07 14:13:43.144922,0 days 00:00:09.967853,77.3052105574608,36,COMPLETE
3792,0.013523331265817284,0.4674391438702913,2026-07-07 14:13:33.186019,2026-07-07 14:13:43.143340,0 days 00:00:09.957321,33.01674376126549,36,COMPLETE
3793,0.021130492026856462,0.46620195120451385,2026-07-07 14:13:33.189363,2026-07-07 14:13:42.961259,0 days 00:00:09.771896,66.17231260308525,36,COMPLETE
3794,0.017728254144585898,0.46674215005914016,2026-07-07 14:13:33.221326,2026-07-07 14:13:42.930999,0 days 00:00:09.709673,27.889543985321747,36,COMPLETE
3795,0.017777149297794836,0.4666721874534085,2026-07-07 14:13:33.250969,2026-07-07 14:13:43.145854,0 days 00:00:09.894885,57.5263442494241,36,COMPLETE
3796,0.02058869279474851,0.4664810595367488,2026-07-07 14:13:33.255478,2026-07-07 14:13:42.944114,0 days 00:00:09.688636,62.944036631105334,36,COMPLETE
3797,0.024846849310517727,0.46570265789753307,2026-07-07 14:13:33.434541,2026-07-07 14:13:42.936532,0 days 00:00:09.501991,92.67881689494874,36,COMPLETE
3798,0.00787706099722807,0.46834338359614386,2026-07-07 14:13:33.437511,2026-07-07 14:13:44.709230,0 days 00:00:11.271719,9.559719986072336,36,COMPLETE
3799,0.014680199389342952,0.4675790282049733,2026-07-07 14:13:33.439887,2026-07-07 14:13:39.959511,0 days 00:00:06.519624,20.40114511885588,36,COMPLETE
3800,0.01270046247144524,0.4672251646342444,2026-07-07 14:13:33.610694,2026-07-07 14:13:37.561406,0 days 00:00:03.950712,8.9486100405201,37,COMPLETE
3801,0.01903782947187027,0.46651149559033234,2026-07-07 14:13:33.639740,2026-07-07 14:13:43.312619,0 days 00:00:09.672879,41.80150932325537,37,COMPLETE
3802,0.01872967541314896,0.466530588637625,2026-07-07 14:13:33.799345,2026-07-07 14:13:44.693403,0 days 00:00:10.894058,57.17879839822181,37,COMPLETE
3803,0.02006444651736028,0.46649454934043244,2026-07-07 14:13:33.811981,2026-07-07 14:13:44.483433,0 days 00:00:10.671452,60.892870645134025,37,COMPLETE
3804,0.01820662799511119,0.4666783055936205,2026-07-07 14:13:33.969339,2026-07-07 14:13:44.499619,0 days 00:00:10.530280,55.188565722340094,37,COMPLETE
3805,0.005309389148465571,0.4687515793932724,2026-07-07 14:13:34.126773,2026-07-07 14:13:43.471837,0 days 00:00:09.345064,11.595952536707468,37,COMPLETE
3806,0.020451490339511935,0.4665020534886606,2026-07-07 14:13:34.605805,2026-07-07 14:13:44.668054,0 days 00:00:10.062249,62.80645174942779,37,COMPLETE
3807,0.019959540941677123,0.4660799885681828,2026-07-07 14:13:34.939504,2026-07-07 14:13:44.467490,0 days 00:00:09.527986,3.9660631602939693,37,COMPLETE
3808,0.025005853291920344,0.46569100018195586,2026-07-07 14:13:34.971312,2026-07-07 14:13:38.222073,0 days 00:00:03.250761,97.79936921279185,37,COMPLETE
3809,0.024976986428714598,0.4656912784986644,2026-07-07 14:13:34.973860,2026-07-07 14:13:43.637422,0 days 00:00:08.663562,93.0737213824385,37,COMPLETE
3810,0.005958236472427936,0.4689864935444672,2026-07-07 14:13:34.979318,2026-07-07 14:13:39.951123,0 days 00:00:04.971805,10.792620544246663,37,COMPLETE
3811,0.024181894023575234,0.4657438372919455,2026-07-07 14:13:35.145835,2026-07-07 14:13:44.709381,0 days 00:00:09.563546,90.17970761481469,37,COMPLETE
3812,0.0099134372124412,0.4683101480365752,2026-07-07 14:13:35.148036,2026-07-07 14:13:45.191411,0 days 00:00:10.043375,33.991058347929695,37,COMPLETE
3813,0.010511706869791748,0.46819413760956363,2026-07-07 14:13:35.498348,2026-07-07 14:13:47.962257,0 days 00:00:12.463909,35.76540810274587,37,COMPLETE
3814,0.017549149364522454,0.4667208512875362,2026-07-07 14:13:36.494664,2026-07-07 14:13:49.728384,0 days 00:00:13.233720,38.40738466725231,37,COMPLETE
3815,0.022255322014987255,0.4660121117764165,2026-07-07 14:13:36.832954,2026-07-07 14:13:45.027975,0 days 00:00:08.195021,69.26777628233071,37,COMPLETE
3816,0.014094569779930066,0.467106667770731,2026-07-07 14:13:37.009719,2026-07-07 14:13:49.320219,0 days 00:00:12.310500,7.877614759224742,37,COMPLETE
3817,0.07660536664254541,0.4571133080773653,2026-07-07 14:13:37.176861,2026-07-07 14:13:49.345604,0 days 00:00:12.168743,0.7031721919317007,37,COMPLETE
3818,0.02057913282176671,0.4662515764649642,2026-07-07 14:13:37.179804,2026-07-07 14:13:49.749528,0 days 00:00:12.569724,71.64281827181463,37,COMPLETE
3819,0.013238522314978352,0.46768172150837,2026-07-07 14:13:37.185369,2026-07-07 14:13:44.700303,0 days 00:00:07.514934,21.798151697043917,37,COMPLETE
3820,0.01229367702828621,0.4676543953129733,2026-07-07 14:13:37.516796,2026-07-07 14:13:49.349151,0 days 00:00:11.832355,19.352877941700992,37,COMPLETE
3821,-0.003873912423911996,0.47077203341168133,2026-07-07 14:13:37.530090,2026-07-07 14:13:44.697492,0 days 00:00:07.167402,4.561514779709165,37,COMPLETE
3822,0.015984768255413506,0.46760596390455805,2026-07-07 14:13:37.717581,2026-07-07 14:13:48.793839,0 days 00:00:11.076258,1.5560852659118152,37,COMPLETE
3823,0.022405205278176077,0.4660384055531965,2026-07-07 14:13:37.876359,2026-07-07 14:13:42.530948,0 days 00:00:04.654589,81.84721493802135,37,COMPLETE
3824,0.019771195981829248,0.4663120237585653,2026-07-07 14:13:38.050433,2026-07-07 14:13:49.695266,0 days 00:00:11.644833,75.76149323102577,37,COMPLETE
3825,0.020580515682078915,0.466251380179478,2026-07-07 14:13:38.054095,2026-07-07 14:13:48.804146,0 days 00:00:10.750051,71.64021869892504,37,COMPLETE
3826,0.02491408109356047,0.46569762069184983,2026-07-07 14:13:38.380488,2026-07-07 14:13:49.286516,0 days 00:00:10.906028,92.87821644449751,37,COMPLETE
3827,0.0075335013417667795,0.46860597598781,2026-07-07 14:13:38.387480,2026-07-07 14:13:50.094477,0 days 00:00:11.706997,9.478474768935246,37,COMPLETE
3828,0.007666031916118032,0.4685423949936485,2026-07-07 14:13:39.164305,2026-07-07 14:13:49.708091,0 days 00:00:10.543786,9.482844432661448,37,COMPLETE
3829,0.02141118479815396,0.46615740634223574,2026-07-07 14:13:39.167355,2026-07-07 14:13:49.368060,0 days 00:00:10.200705,79.79948125086833,37,COMPLETE
3830,0.022966822551717836,0.46599719632280145,2026-07-07 14:13:39.484500,2026-07-07 14:13:49.707582,0 days 00:00:10.223082,84.21923081651616,37,COMPLETE
3831,0.0236528743559542,0.46586651494407216,2026-07-07 14:13:39.486943,2026-07-07 14:13:49.765534,0 days 00:00:10.278591,87.22515653500135,37,COMPLETE
3832,0.016807454431074065,0.4670659502202734,2026-07-07 14:13:39.882023,2026-07-07 14:13:49.300837,0 days 00:00:09.418814,43.970210431011864,37,COMPLETE
3833,0.015859914703951594,0.4670942506198038,2026-07-07 14:13:39.885281,2026-07-07 14:13:49.713592,0 days 00:00:09.828311,53.113418115354364,37,COMPLETE
3834,0.021982948098683508,0.4660288852448865,2026-07-07 14:13:39.937844,2026-07-07 14:13:49.758527,0 days 00:00:09.820683,70.1165009295474,37,COMPLETE
3835,0.0205398539089664,0.46625373328781433,2026-07-07 14:13:39.943119,2026-07-07 14:13:49.691419,0 days 00:00:09.748300,71.87003841160298,37,COMPLETE
3836,0.018837069581978005,0.4665797335112526,2026-07-07 14:13:39.951980,2026-07-07 14:13:49.711874,0 days 00:00:09.759894,55.29276047921698,37,COMPLETE
3837,0.019734172555352814,0.4665560791227469,2026-07-07 14:13:39.953731,2026-07-07 14:13:48.782555,0 days 00:00:08.828824,61.914378785557105,37,COMPLETE
3838,0.007902416148683533,0.46858652998288586,2026-07-07 14:13:39.964337,2026-07-07 14:13:51.767228,0 days 00:00:11.802891,31.581599360978682,37,COMPLETE
3839,0.016098956036735335,0.46702309247451673,2026-07-07 14:13:39.965808,2026-07-07 14:13:50.732443,0 days 00:00:10.766635,38.002161488045736,37,COMPLETE
3840,0.022565578459194047,0.46476652114887307,2026-07-07 14:13:39.966037,2026-07-07 14:13:49.699071,0 days 00:00:09.733034,1.2794292960976898,37,COMPLETE
3841,0.010898896918703993,0.46781606773313944,2026-07-07 14:13:40.433929,2026-07-07 14:13:52.443157,0 days 00:00:12.009228,14.6371083879977,37,COMPLETE
3842,0.09412990055367337,0.454818315348271,2026-07-07 14:13:41.870771,2026-07-07 14:13:51.797918,0 days 00:00:09.927147,0.5804587636346634,37,COMPLETE
3843,0.025064268937837975,0.4656823896359115,2026-07-07 14:13:42.498412,2026-07-07 14:13:52.450072,0 days 00:00:09.951660,93.45364783245893,37,COMPLETE
3844,0.019473588555684596,0.466516409110827,2026-07-07 14:13:42.512342,2026-07-07 14:13:49.768785,0 days 00:00:07.256443,53.62643678434033,37,COMPLETE
3845,0.025417255198798616,0.4656435397652441,2026-07-07 14:13:42.548884,2026-07-07 14:13:51.770422,0 days 00:00:09.221538,95.34105595456276,37,COMPLETE
3846,0.020755427386375647,0.4662610935687087,2026-07-07 14:13:42.555207,2026-07-07 14:13:51.806263,0 days 00:00:09.251056,76.87975775852497,37,COMPLETE
3847,0.02074553722390049,0.4664547593569087,2026-07-07 14:13:42.558767,2026-07-07 14:13:50.088949,0 days 00:00:07.530182,63.10564386303313,37,COMPLETE
3848,0.016501776275998137,0.46700743492097085,2026-07-07 14:13:42.714639,2026-07-07 14:13:51.782677,0 days 00:00:09.068038,38.335940561562545,37,COMPLETE
3849,0.017158674619763004,0.4669227642694018,2026-07-07 14:13:42.877649,2026-07-07 14:13:49.733822,0 days 00:00:06.856173,41.75968939030351,37,COMPLETE
3850,0.015693508598240702,0.4670646184782723,2026-07-07 14:13:42.950487,2026-07-07 14:13:53.983919,0 days 00:00:11.033432,28.92175790431337,37,COMPLETE
3851,0.020553789374772202,0.4662874516420686,2026-07-07 14:13:42.961772,2026-07-07 14:13:53.817088,0 days 00:00:10.855316,76.71149195492261,37,COMPLETE
3852,0.016171536581880752,0.4671442074384515,2026-07-07 14:13:43.304904,2026-07-07 14:13:48.804343,0 days 00:00:05.499439,22.497027941454142,37,COMPLETE
3853,0.0182752158887296,0.46671522507886964,2026-07-07 14:13:43.469690,2026-07-07 14:13:45.850250,0 days 00:00:02.380560,44.43161623977917,37,COMPLETE
3854,0.014787235067953208,0.46716776577797603,2026-07-07 14:13:43.628434,2026-07-07 14:13:55.253287,0 days 00:00:11.624853,8.846595662758212,37,COMPLETE
3855,0.024577376897462477,0.46570996951807264,2026-07-07 14:13:43.949965,2026-07-07 14:13:50.101912,0 days 00:00:06.151947,91.44438971876055,37,COMPLETE
3856,0.02479068404267676,0.46570357882607555,2026-07-07 14:13:44.110164,2026-07-07 14:13:53.987688,0 days 00:00:09.877524,92.44166015720481,37,COMPLETE
3857,0.024228917414862494,0.4657446387073192,2026-07-07 14:13:44.113900,2026-07-07 14:13:51.535057,0 days 00:00:07.421157,89.38588025896618,37,COMPLETE
3858,0.022216455939615853,0.46602682466234147,2026-07-07 14:13:44.273629,2026-07-07 14:13:51.784988,0 days 00:00:07.511359,65.19950699348756,37,COMPLETE
3859,0.013683166713287731,0.46738100760446544,2026-07-07 14:13:44.275671,2026-07-07 14:13:53.816744,0 days 00:00:09.541073,18.584449172539344,37,COMPLETE
3860,0.01624165940596778,0.4669372547410775,2026-07-07 14:13:44.291473,2026-07-07 14:13:51.777038,0 days 00:00:07.485565,19.33738941989857,37,COMPLETE
3861,0.025121511601515045,0.4656766831567414,2026-07-07 14:13:44.294902,2026-07-07 14:13:53.821224,0 days 00:00:09.526322,93.73474098583492,37,COMPLETE
3862,0.01236735814968093,0.4675153257441754,2026-07-07 14:13:44.296872,2026-07-07 14:13:53.456254,0 days 00:00:09.159382,9.237877914044544,37,COMPLETE
3863,0.012090964761959533,0.4676770224863886,2026-07-07 14:13:44.495189,2026-07-07 14:13:53.802576,0 days 00:00:09.307387,13.683270368933727,37,COMPLETE
3864,0.02096314617673667,0.46622172112207794,2026-07-07 14:13:44.498770,2026-07-07 14:13:49.720697,0 days 00:00:05.221927,78.34332284323673,37,COMPLETE
3865,0.01601464033229627,0.4672392833805834,2026-07-07 14:13:44.687906,2026-07-07 14:13:51.815895,0 days 00:00:07.127989,42.99823078153808,37,COMPLETE
3866,0.02079849248831206,0.46625807354065224,2026-07-07 14:13:44.693686,2026-07-07 14:13:56.841914,0 days 00:00:12.148228,76.98877457994953,37,COMPLETE
3867,0.01977020662501905,0.4663117207402575,2026-07-07 14:13:45.028641,2026-07-07 14:13:56.647734,0 days 00:00:11.619093,75.7394533681385,37,COMPLETE
3868,0.02307029794900789,0.46599464083548864,2026-07-07 14:13:45.186552,2026-07-07 14:13:56.634309,0 days 00:00:11.447757,84.89507853598222,37,COMPLETE
3869,0.01745002786230271,0.4667551273645095,2026-07-07 14:13:45.188835,2026-07-07 14:13:57.675660,0 days 00:00:12.486825,41.273906200820605,37,COMPLETE
3870,0.013188390140926931,0.46736335105623084,2026-07-07 14:13:45.192285,2026-07-07 14:14:00.154330,0 days 00:00:14.962045,7.886959779232824,37,COMPLETE
3871,0.013935101973109099,0.46736332466989144,2026-07-07 14:13:45.194118,2026-07-07 14:13:51.798568,0 days 00:00:06.604450,8.990915481803532,37,COMPLETE
3872,0.01888440384099599,0.466577486633696,2026-07-07 14:13:45.519764,2026-07-07 14:13:57.869758,0 days 00:00:12.349994,49.40233773854077,37,COMPLETE
3873,0.018763619459422454,0.4666887778073393,2026-07-07 14:13:45.522341,2026-07-07 14:13:56.833693,0 days 00:00:11.311352,49.75122151336639,37,COMPLETE
3874,0.014745626302379022,0.46751823402400505,2026-07-07 14:13:45.523405,2026-07-07 14:13:57.870023,0 days 00:00:12.346618,22.30839539148381,37,COMPLETE
3875,0.0164260824340845,0.4670928979777397,2026-07-07 14:13:45.527034,2026-07-07 14:13:56.634966,0 days 00:00:11.107932,47.4040477307869,37,COMPLETE
3876,0.019256233261864264,0.46649869532067423,2026-07-07 14:13:45.528380,2026-07-07 14:13:57.181738,0 days 00:00:11.653358,55.43317641728416,37,COMPLETE
3877,0.015450292997809922,0.4672456546040318,2026-07-07 14:13:45.691958,2026-07-07 14:13:56.645209,0 days 00:00:10.953251,26.349438973432935,37,COMPLETE
3878,0.02468280413313484,0.4657328645147033,2026-07-07 14:13:45.692129,2026-07-07 14:13:57.179332,0 days 00:00:11.487203,98.47741211533328,37,COMPLETE
3879,0.024507512064302628,0.46575430679520663,2026-07-07 14:13:46.011344,2026-07-07 14:13:51.808492,0 days 00:00:05.797148,99.00515640006618,37,COMPLETE
3880,0.009783858915764665,0.4681009129679129,2026-07-07 14:13:47.933525,2026-07-07 14:13:58.044844,0 days 00:00:10.111319,12.392420714500648,37,COMPLETE
3881,0.02463402347451593,0.4657392755667402,2026-07-07 14:13:48.791107,2026-07-07 14:14:00.131364,0 days 00:00:11.340257,98.59365218796563,37,COMPLETE
3882,0.01676997563878707,0.4668608342066424,2026-07-07 14:13:49.368319,2026-07-07 14:13:59.707114,0 days 00:00:10.338795,38.34154601028969,37,COMPLETE
3883,0.013868477365610865,0.467605658374749,2026-07-07 14:13:49.743789,2026-07-07 14:14:00.146665,0 days 00:00:10.402876,21.942355769052263,37,COMPLETE
3884,0.02211612251671996,0.46610695354392356,2026-07-07 14:13:49.758916,2026-07-07 14:13:57.836614,0 days 00:00:08.077698,64.2766819579985,37,COMPLETE
3885,0.01166149090616686,0.46797520389645597,2026-07-07 14:13:49.761817,2026-07-07 14:13:53.821758,0 days 00:00:04.059941,18.430363173422915,37,COMPLETE
3886,0.015946083642137343,0.46703527152226343,2026-07-07 14:13:49.769709,2026-07-07 14:14:05.311615,0 days 00:00:15.541906,52.754741994432074,37,COMPLETE
3887,0.016581620056816015,0.46703796543875936,2026-07-07 14:13:49.772849,2026-07-07 14:14:02.347060,0 days 00:00:12.574211,36.44071034185203,37,COMPLETE
3888,0.02704464267672757,0.46457766227075264,2026-07-07 14:13:49.931100,2026-07-07 14:14:00.182868,0 days 00:00:10.251768,1.7325971618497036,37,COMPLETE
3889,0.01660874048030314,0.46688287127273737,2026-07-07 14:13:50.571305,2026-07-07 14:13:58.040406,0 days 00:00:07.469101,23.56454239571146,37,COMPLETE
3890,0.023169041748417107,0.4659816604931113,2026-07-07 14:13:50.574165,2026-07-07 14:14:00.127161,0 days 00:00:09.552996,85.33797475825656,37,COMPLETE
3891,0.019771391439474928,0.46631068018128785,2026-07-07 14:13:50.575531,2026-07-07 14:13:56.461409,0 days 00:00:05.885878,75.50816363126418,37,COMPLETE
3892,0.020591554485106578,0.4662163639064639,2026-07-07 14:13:50.733172,2026-07-07 14:14:00.344785,0 days 00:00:09.611613,73.18993205460642,37,COMPLETE
3893,0.025248558832680512,0.465664199654332,2026-07-07 14:13:51.045959,2026-07-07 14:14:00.152070,0 days 00:00:09.106111,94.31267228228299,37,COMPLETE
3894,0.017618203973969515,0.46678131811748547,2026-07-07 14:13:51.356769,2026-07-07 14:14:01.340410,0 days 00:00:09.983641,54.75657736135113,37,COMPLETE
3895,0.02490591571873141,0.46569836368376716,2026-07-07 14:13:51.512996,2026-07-07 14:13:59.360156,0 days 00:00:07.847160,92.85515133156179,37,COMPLETE
3896,0.054418872505956895,0.459835962516625,2026-07-07 14:13:51.517248,2026-07-07 14:14:00.345575,0 days 00:00:08.828327,0.9110204089731576,37,COMPLETE
3897,0.025395856993207233,0.46564645233595975,2026-07-07 14:13:51.518183,2026-07-07 14:14:00.180941,0 days 00:00:08.662758,95.07506284910748,37,COMPLETE
3898,0.024849617065283547,0.4657025151461534,2026-07-07 14:13:51.521293,2026-07-07 14:13:59.371878,0 days 00:00:07.850585,92.68808330925889,37,COMPLETE
3899,0.016524578672065138,0.4671611915723968,2026-07-07 14:13:51.526565,2026-07-07 14:14:02.444397,0 days 00:00:10.917832,46.55850546532011,37,COMPLETE
3900,0.01017971272794449,0.46795100618532676,2026-07-07 14:13:51.535676,2026-07-07 14:13:53.813159,0 days 00:00:02.277483,9.82758295265387,37,COMPLETE
3901,0.016612944529153573,0.4671446256985393,2026-07-07 14:13:51.541669,2026-07-07 14:13:57.172686,0 days 00:00:05.631017,46.397627749923785,37,COMPLETE
3902,0.017322162139482955,0.46702126993029425,2026-07-07 14:13:51.558159,2026-07-07 14:14:02.993053,0 days 00:00:11.434894,24.02503978482872,37,COMPLETE
3903,0.02215678276422456,0.46609737768716364,2026-07-07 14:13:51.741143,2026-07-07 14:14:02.401862,0 days 00:00:10.660719,64.3018254367253,37,COMPLETE
3904,0.02193892657494767,0.4660948452402057,2026-07-07 14:13:51.758704,2026-07-07 14:14:02.448868,0 days 00:00:10.690164,80.94655908294942,37,COMPLETE
3905,0.009562054644309814,0.4683783219367128,2026-07-07 14:13:51.794248,2026-07-07 14:14:02.376839,0 days 00:00:10.582591,18.588224104802105,38,COMPLETE
3906,0.012670840099540892,0.46753049442536115,2026-07-07 14:13:51.807430,2026-07-07 14:13:57.174261,0 days 00:00:05.366831,18.39675041679312,38,COMPLETE
3907,0.016121411147740683,0.4670536131769361,2026-07-07 14:13:51.807965,2026-07-07 14:14:06.738139,0 days 00:00:14.930174,37.33456008152345,38,COMPLETE
3908,0.0066854027982896636,0.46910985403041805,2026-07-07 14:13:51.811634,2026-07-07 14:13:57.173434,0 days 00:00:05.361800,5.662441906163617,38,COMPLETE
3909,0.016344579197313858,0.46696572847820844,2026-07-07 14:13:51.816110,2026-07-07 14:13:56.266060,0 days 00:00:04.449950,35.36346372834882,38,COMPLETE
3910,0.022238102986099184,0.4660763601518185,2026-07-07 14:13:51.816399,2026-07-07 14:14:02.396173,0 days 00:00:10.579774,64.37456122457014,38,COMPLETE
3911,0.014560777800564917,0.4670155368714251,2026-07-07 14:13:52.607009,2026-07-07 14:14:03.179337,0 days 00:00:10.572328,6.797826450050732,38,COMPLETE
3912,0.02140959336166537,0.46615749886109487,2026-07-07 14:13:52.919918,2026-07-07 14:14:02.620704,0 days 00:00:09.700786,79.78509287757691,38,COMPLETE
3913,0.017603616941426203,0.4668683668039745,2026-07-07 14:13:52.920235,2026-07-07 14:14:06.244820,0 days 00:00:13.324585,40.24441794639832,38,COMPLETE
3914,0.022179312289461295,0.4660271099432434,2026-07-07 14:13:52.922858,2026-07-07 14:14:03.014464,0 days 00:00:10.091606,69.10027498795253,38,COMPLETE
3915,0.025280407456745535,0.46565777886267257,2026-07-07 14:13:52.925232,2026-07-07 14:14:03.341411,0 days 00:00:10.416179,96.54056080370894,38,COMPLETE
3916,0.019663339996666862,0.4663933172992467,2026-07-07 14:13:52.927468,2026-07-07 14:14:03.007986,0 days 00:00:10.080518,58.04346012605543,38,COMPLETE
3917,0.01697106461079312,0.46694276197581197,2026-07-07 14:13:53.084478,2026-07-07 14:14:03.347066,0 days 00:00:10.262588,25.84190804429092,38,COMPLETE
3918,0.018729237912012642,0.4665227234906476,2026-07-07 14:13:53.261915,2026-07-07 14:14:02.615822,0 days 00:00:09.353907,57.07972379656512,38,COMPLETE
3919,0.02156159246722117,0.46612910518342865,2026-07-07 14:13:53.420686,2026-07-07 14:13:56.641790,0 days 00:00:03.221104,66.00211813470268,38,COMPLETE
3920,0.024207674182939676,0.46575318558131606,2026-07-07 14:13:53.425572,2026-07-07 14:14:02.429263,0 days 00:00:09.003691,89.08305122760439,38,COMPLETE
3921,0.013127781400894378,0.46731604715746633,2026-07-07 14:13:53.435320,2026-07-07 14:14:03.020868,0 days 00:00:09.585548,7.4880747079657155,38,COMPLETE
3922,0.00943011238642849,0.46821513628975686,2026-07-07 14:13:53.457922,2026-07-07 14:14:03.531957,0 days 00:00:10.074035,18.021890857373773,38,COMPLETE
3923,0.15793020573200084,0.44610857553985045,2026-07-07 14:13:53.458189,2026-07-07 14:14:03.013695,0 days 00:00:09.555506,0.2792909356622811,38,COMPLETE
3924,0.016746529441041713,0.4669253493526985,2026-07-07 14:13:53.989951,2026-07-07 14:14:05.316966,0 days 00:00:11.327015,38.19325715362574,38,COMPLETE
3925,0.0237968317321266,0.4658572836576222,2026-07-07 14:13:55.244520,2026-07-07 14:14:00.342187,0 days 00:00:05.097667,87.61317520715532,38,COMPLETE
3926,0.01865028250668105,0.46682549137036145,2026-07-07 14:13:55.248314,2026-07-07 14:14:06.767004,0 days 00:00:11.518690,59.63056135399574,38,COMPLETE
3927,0.02468914191611693,0.46569834925344994,2026-07-07 14:13:55.424968,2026-07-07 14:14:05.697266,0 days 00:00:10.272298,91.76946377191298,38,COMPLETE
3928,0.01760815357493406,0.466783098219725,2026-07-07 14:13:56.069231,2026-07-07 14:14:05.891680,0 days 00:00:09.822449,54.65688318029726,38,COMPLETE
3929,0.020538629907766004,0.4663198409378255,2026-07-07 14:13:56.226408,2026-07-07 14:14:06.748941,0 days 00:00:10.522533,77.45455200081364,38,COMPLETE
3930,0.022690704469122247,0.4660101863280499,2026-07-07 14:13:56.229095,2026-07-07 14:14:02.387123,0 days 00:00:06.158028,82.5162674334211,38,COMPLETE
3931,0.01265474347384854,0.46748805246799835,2026-07-07 14:13:56.243791,2026-07-07 14:14:07.914433,0 days 00:00:11.670642,15.021201653439656,38,COMPLETE
3932,0.02538204829541668,0.4656482467206234,2026-07-07 14:13:56.254639,2026-07-07 14:14:06.069263,0 days 00:00:09.814624,94.97161379362267,38,COMPLETE
3933,0.018981695404373833,0.46653716687950497,2026-07-07 14:13:56.469264,2026-07-07 14:14:00.346129,0 days 00:00:03.876865,53.87317633911803,38,COMPLETE
3934,0.024733648586525048,0.46569768444050863,2026-07-07 14:13:56.848899,2026-07-07 14:14:07.281608,0 days 00:00:10.432709,91.99683959448114,38,COMPLETE
3935,0.024561773167812384,0.4657075895602106,2026-07-07 14:13:57.182136,2026-07-07 14:14:08.773115,0 days 00:00:11.590979,91.33400306844459,38,COMPLETE
3936,0.0159905241968597,0.46686419040515703,2026-07-07 14:13:57.833750,2026-07-07 14:14:09.308413,0 days 00:00:11.474663,3.7193856278741726,38,COMPLETE
3937,0.012238600754282458,0.4675292948001426,2026-07-07 14:13:57.845349,2026-07-07 14:14:04.683273,0 days 00:00:06.837924,18.644955922721195,38,COMPLETE
3938,0.009710871829021306,0.4684755523311781,2026-07-07 14:13:57.845541,2026-07-07 14:14:08.766705,0 days 00:00:10.921164,16.914854451754973,38,COMPLETE
3939,0.017340625872567683,0.4669074434198852,2026-07-07 14:13:57.861895,2026-07-07 14:14:10.137308,0 days 00:00:12.275413,48.66005679099751,38,COMPLETE
3940,0.01878597103908236,0.46653663003064705,2026-07-07 14:13:57.870199,2026-07-07 14:14:09.126978,0 days 00:00:11.256779,53.89912155815699,38,COMPLETE
3941,0.015345697376846823,0.4670417910951178,2026-07-07 14:13:58.035756,2026-07-07 14:14:05.879133,0 days 00:00:07.843377,5.52641439353694,38,COMPLETE
3942,0.015051260038133674,0.46707271466459566,2026-07-07 14:13:58.201331,2026-07-07 14:14:08.764494,0 days 00:00:10.563163,7.010651729410672,38,COMPLETE
3943,0.023613432024594594,0.46588020259721696,2026-07-07 14:13:58.520472,2026-07-07 14:14:09.294435,0 days 00:00:10.773963,87.00308144817107,38,COMPLETE
3944,0.011527209217156498,0.46764117501382907,2026-07-07 14:13:58.990529,2026-07-07 14:14:06.571183,0 days 00:00:07.580654,7.165623948715438,38,COMPLETE
3945,0.01585706766542916,0.46712333122533956,2026-07-07 14:13:59.160727,2026-07-07 14:14:07.090030,0 days 00:00:07.929303,52.39163317617992,38,COMPLETE
3946,0.014952863274501738,0.46735766445807203,2026-07-07 14:13:59.326405,2026-07-07 14:14:09.119095,0 days 00:00:09.792690,19.755813957349343,38,COMPLETE
3947,0.021931398621830966,0.46607147440324015,2026-07-07 14:13:59.352596,2026-07-07 14:14:14.182632,0 days 00:00:14.830036,68.73815255981484,38,COMPLETE
3948,0.014786897687015577,0.4674610457051377,2026-07-07 14:13:59.355539,2026-07-07 14:14:06.752819,0 days 00:00:07.397280,46.746726174408614,38,COMPLETE
3949,0.017542166957590366,0.4668121769945493,2026-07-07 14:13:59.705030,2026-07-07 14:14:12.844206,0 days 00:00:13.139176,36.50371686771245,38,COMPLETE
3950,0.021204120493774126,0.466199362085779,2026-07-07 14:14:00.154779,2026-07-07 14:14:10.140911,0 days 00:00:09.986132,61.15513242224363,38,COMPLETE
3951,0.01643884947166857,0.467087788176092,2026-07-07 14:14:00.176329,2026-07-07 14:14:09.303850,0 days 00:00:09.127521,47.39584568087161,38,COMPLETE
3952,0.012314009303051987,0.46775241703989356,2026-07-07 14:14:00.356055,2026-07-07 14:14:07.288822,0 days 00:00:06.932767,30.305960874395055,38,COMPLETE
3953,0.024214901583352044,0.46574145292097113,2026-07-07 14:14:01.181726,2026-07-07 14:14:09.294573,0 days 00:00:08.112847,89.89008929706392,38,COMPLETE
3954,0.02103661953611574,0.4663976944306207,2026-07-07 14:14:01.346343,2026-07-07 14:14:06.072887,0 days 00:00:04.726544,63.51071534578608,38,COMPLETE
3955,0.020740463230858985,0.46622868534427037,2026-07-07 14:14:01.349203,2026-07-07 14:14:07.604567,0 days 00:00:06.255364,71.20535941777248,38,COMPLETE
3956,0.0197700446117004,0.46631099781279306,2026-07-07 14:14:01.357186,2026-07-07 14:14:09.660559,0 days 00:00:08.303373,75.69595679116203,38,COMPLETE
3957,0.01739098697311764,0.4668486682688337,2026-07-07 14:14:01.520236,2026-07-07 14:14:11.261847,0 days 00:00:09.741611,39.9743120229124,38,COMPLETE
3958,0.01931188770519565,0.46623233125248964,2026-07-07 14:14:01.862757,2026-07-07 14:14:06.053379,0 days 00:00:04.190622,2.427170772961751,38,COMPLETE
3959,0.015402508560763417,0.4672361037069558,2026-07-07 14:14:01.869883,2026-07-07 14:14:09.293761,0 days 00:00:07.423878,46.85758853595074,38,COMPLETE
3960,0.016171486896826515,0.46694982268674545,2026-07-07 14:14:02.031348,2026-07-07 14:14:12.310116,0 days 00:00:10.278768,29.02067151430293,38,COMPLETE
3961,0.022379448510677635,0.4660412361808006,2026-07-07 14:14:02.190507,2026-07-07 14:14:12.230671,0 days 00:00:10.040164,81.79996055735415,38,COMPLETE
3962,0.016943025943457535,0.46704350474653183,2026-07-07 14:14:02.389940,2026-07-07 14:14:10.316373,0 days 00:00:07.926433,42.83258854314504,38,COMPLETE
3963,0.024123061714095506,0.46574762320869917,2026-07-07 14:14:02.391735,2026-07-07 14:14:12.335362,0 days 00:00:09.943627,90.50840298924699,38,COMPLETE
3964,0.011745791771501424,0.46762862640063696,2026-07-07 14:14:02.399632,2026-07-07 14:14:09.642307,0 days 00:00:07.242675,9.34913185927292,38,COMPLETE
3965,0.010011713090476437,0.4683676819981346,2026-07-07 14:14:02.411105,2026-07-07 14:14:12.868365,0 days 00:00:10.457260,6.730224313020968,38,COMPLETE
3966,0.0204921374669933,0.46623659186042643,2026-07-07 14:14:02.434562,2026-07-07 14:14:14.770183,0 days 00:00:12.335621,73.36285395619088,38,COMPLETE
3967,0.017902341114165776,0.4663342823052564,2026-07-07 14:14:02.618296,2026-07-07 14:14:12.834283,0 days 00:00:10.215987,2.853046478692634,38,COMPLETE
3968,0.020458488174517786,0.46624411457769255,2026-07-07 14:14:02.648081,2026-07-07 14:14:12.663226,0 days 00:00:10.015145,73.4346973300456,38,COMPLETE
3969,0.01708155626496144,0.46704512258531367,2026-07-07 14:14:02.805885,2026-07-07 14:14:12.865891,0 days 00:00:10.060006,40.19306653794217,38,COMPLETE
3970,0.015145531830027537,0.4671811608886577,2026-07-07 14:14:02.809891,2026-07-07 14:14:06.746822,0 days 00:00:03.936931,30.552935149554347,38,COMPLETE
3971,0.011943282263452537,0.4678930903424311,2026-07-07 14:14:02.826143,2026-07-07 14:14:12.836679,0 days 00:00:10.010536,19.697203155930925,38,COMPLETE
3972,0.020558048046741384,0.46625483027014625,2026-07-07 14:14:02.982665,2026-07-07 14:14:12.826777,0 days 00:00:09.844112,71.68502832142653,38,COMPLETE
3973,0.015406130313099509,0.4671860055450724,2026-07-07 14:14:03.022629,2026-07-07 14:14:14.957008,0 days 00:00:11.934379,53.19118576210965,38,COMPLETE
3974,0.020616117528905242,0.4662272747589678,2026-07-07 14:14:03.333611,2026-07-07 14:14:14.595584,0 days 00:00:11.261973,72.88272586007845,38,COMPLETE
3975,0.012619267338549234,0.46743034143993134,2026-07-07 14:14:03.339598,2026-07-07 14:14:13.036490,0 days 00:00:09.696892,8.958431052868779,38,COMPLETE
3976,0.02048927158620306,0.4662931772260794,2026-07-07 14:14:03.506437,2026-07-07 14:14:09.304564,0 days 00:00:05.798127,76.66639105243827,38,COMPLETE
3977,0.020454133587730683,0.46634550735269475,2026-07-07 14:14:03.520983,2026-07-07 14:14:12.848583,0 days 00:00:09.327600,61.26998264922263,38,COMPLETE
3978,0.024104672851120723,0.4657501185253678,2026-07-07 14:14:03.694233,2026-07-07 14:14:14.770516,0 days 00:00:11.076283,90.55711158722805,38,COMPLETE
3979,0.01925714394818312,0.46655366958837824,2026-07-07 14:14:03.694482,2026-07-07 14:14:13.358295,0 days 00:00:09.663813,58.358136747640174,38,COMPLETE
3980,0.016516706002363934,0.46712379780664176,2026-07-07 14:14:03.698259,2026-07-07 14:14:12.833854,0 days 00:00:09.135595,42.225123457939226,38,COMPLETE
3981,0.01608716792921816,0.4671050237563027,2026-07-07 14:14:04.008036,2026-07-07 14:14:20.730483,0 days 00:00:16.722447,37.02506035840588,38,COMPLETE
3982,0.00985776914982689,0.46833483570228035,2026-07-07 14:14:04.341199,2026-07-07 14:14:12.334995,0 days 00:00:07.993796,26.655814410950246,38,COMPLETE
3983,0.02366874264368196,0.46586086527734677,2026-07-07 14:14:04.344203,2026-07-07 14:14:13.200674,0 days 00:00:08.856471,87.26287728517718,38,COMPLETE
3984,0.017579457953531774,0.4668248281397686,2026-07-07 14:14:04.675321,2026-07-07 14:14:17.863004,0 days 00:00:13.187683,48.492395566037445,38,COMPLETE
3985,0.02084033472962038,0.46619093483755647,2026-07-07 14:14:04.682415,2026-07-07 14:14:17.686305,0 days 00:00:13.003890,72.42355473715887,38,COMPLETE
3986,0.021397690726453367,0.4661563710369759,2026-07-07 14:14:06.081385,2026-07-07 14:14:14.177849,0 days 00:00:08.096464,68.21539635689668,38,COMPLETE
3987,0.02189887197415591,0.4660780945969169,2026-07-07 14:14:06.403913,2026-07-07 14:14:14.959606,0 days 00:00:08.555693,68.7141324560474,38,COMPLETE
3988,0.0182277180301047,0.4666774414162484,2026-07-07 14:14:06.407060,2026-07-07 14:14:18.201822,0 days 00:00:11.794762,24.459930845484788,38,COMPLETE
3989,0.02233624248903754,0.4659670369294808,2026-07-07 14:14:06.407790,2026-07-07 14:14:13.678452,0 days 00:00:07.270662,69.81835039620906,38,COMPLETE
3990,0.015993060056012476,0.466928004767,2026-07-07 14:14:06.738461,2026-07-07 14:14:15.123130,0 days 00:00:08.384669,29.163401006626092,38,COMPLETE
3991,0.015627145632954142,0.4670329361069078,2026-07-07 14:14:06.930090,2026-07-07 14:14:20.705038,0 days 00:00:13.774948,29.012344320404296,38,COMPLETE
3992,0.02061098513010612,0.46623897050956176,2026-07-07 14:14:06.932489,2026-07-07 14:14:17.873741,0 days 00:00:10.941252,71.99768922230132,38,COMPLETE
3993,0.008057195204179357,0.46842179540778844,2026-07-07 14:14:07.089787,2026-07-07 14:14:14.770668,0 days 00:00:07.680881,9.550214434429003,38,COMPLETE
3994,0.019415123732689388,0.46649395709448943,2026-07-07 14:14:07.098339,2026-07-07 14:14:17.668669,0 days 00:00:10.570330,58.23308723468112,38,COMPLETE
3995,0.01813131010177793,0.4666890233511906,2026-07-07 14:14:07.103968,2026-07-07 14:14:12.829060,0 days 00:00:05.725092,55.171834071959985,38,COMPLETE
3996,0.025209581127323966,0.4656682479940312,2026-07-07 14:14:07.273439,2026-07-07 14:14:14.957677,0 days 00:00:07.684238,94.1404939240943,38,COMPLETE
3997,0.006017735519611933,0.46920999087664694,2026-07-07 14:14:07.914630,2026-07-07 14:14:17.494681,0 days 00:00:09.580051,4.950017678830945,38,COMPLETE
3998,0.012379691506436197,0.46765126279304836,2026-07-07 14:14:07.922500,2026-07-07 14:14:17.694904,0 days 00:00:09.772404,33.07490898159976,38,COMPLETE
3999,0.02528163000257383,0.46566051661491964,2026-07-07 14:14:08.085268,2026-07-07 14:14:17.697077,0 days 00:00:09.611809,94.45876212190612,38,COMPLETE
4000,0.022945850964896153,0.46599467672170664,2026-07-07 14:14:08.087637,2026-07-07 14:14:17.481661,0 days 00:00:09.394024,83.96477549549346,38,COMPLETE
4001,0.00812985562055163,0.4684918349978709,2026-07-07 14:14:08.278978,2026-07-07 14:14:15.119066,0 days 00:00:06.840088,10.425431026442322,38,COMPLETE
4002,0.028661702845092785,0.46435712447466937,2026-07-07 14:14:08.438349,2026-07-07 14:14:16.773202,0 days 00:00:08.334853,1.6625371813847512,38,COMPLETE
4003,0.009513096885666983,0.46823700749593705,2026-07-07 14:14:08.442509,2026-07-07 14:14:17.879421,0 days 00:00:09.436912,9.349495081067099,38,COMPLETE
4004,0.013584033400748485,0.4674576195048206,2026-07-07 14:14:08.769320,2026-07-07 14:14:17.502889,0 days 00:00:08.733569,32.82761990604321,38,COMPLETE
4005,0.01919193940162206,0.4667200228844264,2026-07-07 14:14:08.787351,2026-07-07 14:14:20.165312,0 days 00:00:11.377961,24.180139435265318,38,COMPLETE
4006,0.018859500704495602,0.466300418927152,2026-07-07 14:14:08.790354,2026-07-07 14:14:21.408381,0 days 00:00:12.618027,2.501282041103288,38,COMPLETE
4007,0.024680366761103023,0.4657331894224328,2026-07-07 14:14:08.798097,2026-07-07 14:14:20.534081,0 days 00:00:11.735984,98.48290012449873,38,COMPLETE
4008,0.01803824369552287,0.46670633357171565,2026-07-07 14:14:09.468521,2026-07-07 14:14:16.788799,0 days 00:00:07.320278,27.00365634941089,39,COMPLETE
4009,0.023517632988196036,0.4659057115547935,2026-07-07 14:14:09.650021,2026-07-07 14:14:20.716054,0 days 00:00:11.066033,86.70906155342662,39,COMPLETE
4010,0.015569397416018038,0.467120516307454,2026-07-07 14:14:09.652060,2026-07-07 14:14:17.464982,0 days 00:00:07.812922,52.68110796364825,39,COMPLETE
4011,0.012509889031727228,0.4680813072564082,2026-07-07 14:14:09.974472,2026-07-07 14:14:21.580219,0 days 00:00:11.605747,21.6160046268392,39,COMPLETE
4012,0.02109295929196553,0.46617777389112797,2026-07-07 14:14:10.146305,2026-07-07 14:14:20.733069,0 days 00:00:10.586764,60.179762220021765,39,COMPLETE
4013,0.015560490446885178,0.46721104718820206,2026-07-07 14:14:10.149829,2026-07-07 14:14:22.318695,0 days 00:00:12.168866,52.11507558114411,39,COMPLETE
4014,0.02422950977555871,0.4657443476503803,2026-07-07 14:14:10.305555,2026-07-07 14:14:16.588380,0 days 00:00:06.282825,89.40553617166785,39,COMPLETE
4015,0.02423576514595477,0.46574689810766984,2026-07-07 14:14:10.311756,2026-07-07 14:14:17.506570,0 days 00:00:07.194814,89.22009293711338,39,COMPLETE
4016,0.012827251593281075,0.4674200028808743,2026-07-07 14:14:10.316670,2026-07-07 14:14:21.068764,0 days 00:00:10.752094,11.701925945888851,39,COMPLETE
4017,0.015575995317684777,0.46717098136112245,2026-07-07 14:14:10.316887,2026-07-07 14:14:20.699933,0 days 00:00:10.383046,37.98086327385866,39,COMPLETE
4018,0.015945577084000795,0.4670867300857383,2026-07-07 14:14:10.324832,2026-07-07 14:14:19.509370,0 days 00:00:09.184538,27.79592838866987,39,COMPLETE
4019,0.016891425199293264,0.4670624562527516,2026-07-07 14:14:11.105146,2026-07-07 14:14:22.137935,0 days 00:00:11.032789,22.943284183357893,39,COMPLETE
4020,0.021277009785046874,0.4661605680499188,2026-07-07 14:14:11.738692,2026-07-07 14:14:20.740727,0 days 00:00:09.002035,78.42694667280537,39,COMPLETE
4021,0.018650017704915478,0.46682479131973087,2026-07-07 14:14:11.742073,2026-07-07 14:14:19.991770,0 days 00:00:08.249697,59.6290677941079,39,COMPLETE
4022,0.02506403856856232,0.46568241362447976,2026-07-07 14:14:12.221008,2026-07-07 14:14:20.707208,0 days 00:00:08.486200,93.45249157995143,39,COMPLETE
4023,0.01628510382329912,0.4671061074421805,2026-07-07 14:14:12.230885,2026-07-07 14:14:14.784229,0 days 00:00:02.553344,28.255072924182755,39,COMPLETE
4024,0.00767697294732772,0.4686003274901577,2026-07-07 14:14:12.265831,2026-07-07 14:14:21.596218,0 days 00:00:09.330387,16.185772488004076,39,COMPLETE
4025,0.016549426348113516,0.46699808985561675,2026-07-07 14:14:13.028899,2026-07-07 14:14:25.333313,0 days 00:00:12.304414,26.989425054835852,39,COMPLETE
4026,0.018049763188076662,0.46678982099678135,2026-07-07 14:14:13.513105,2026-07-07 14:14:22.312084,0 days 00:00:08.798979,51.523589464490165,39,COMPLETE
4027,0.013459766566526754,0.46745045553455056,2026-07-07 14:14:13.515518,2026-07-07 14:14:22.303028,0 days 00:00:08.787510,18.763098255804707,39,COMPLETE
4028,0.02005850007410115,0.4663517104651318,2026-07-07 14:14:13.670596,2026-07-07 14:14:20.187838,0 days 00:00:06.517242,36.264626171276156,39,COMPLETE
4029,0.013429883059383418,0.4674483251341905,2026-07-07 14:14:13.990862,2026-07-07 14:14:25.344986,0 days 00:00:11.354124,17.949652892643005,39,COMPLETE
4030,0.011107130485810579,0.46783863626787664,2026-07-07 14:14:13.993949,2026-07-07 14:14:23.992406,0 days 00:00:09.998457,13.967320918720066,39,COMPLETE
4031,0.024515742887842418,0.4657534606857634,2026-07-07 14:14:13.996174,2026-07-07 14:14:21.066144,0 days 00:00:07.069970,98.96891620708995,39,COMPLETE
4032,0.008926154677288356,0.4683649779960755,2026-07-07 14:14:13.999656,2026-07-07 14:14:25.325630,0 days 00:00:11.325974,32.25840372963364,39,COMPLETE
4033,0.01701261418390887,0.46709702626045463,2026-07-07 14:14:14.004753,2026-07-07 14:14:23.991386,0 days 00:00:09.986633,48.796795845533275,39,COMPLETE
4034,0.02049548941213325,0.4662651096914503,2026-07-07 14:14:14.171192,2026-07-07 14:14:22.653921,0 days 00:00:08.482729,71.00424636242016,39,COMPLETE
4035,0.01745648082544171,0.46705755346281996,2026-07-07 14:14:14.174042,2026-07-07 14:14:22.482853,0 days 00:00:08.308811,47.31103162472393,39,COMPLETE
4036,0.008223230773593215,0.46861816836147063,2026-07-07 14:14:14.345598,2026-07-07 14:14:23.647561,0 days 00:00:09.301963,10.441372656610431,39,COMPLETE
4037,0.016731719641006226,0.4669892244020795,2026-07-07 14:14:14.347722,2026-07-07 14:14:22.140193,0 days 00:00:07.792471,22.58178987957832,39,COMPLETE
4038,0.01402667983608391,0.4672252488838965,2026-07-07 14:14:14.357343,2026-07-07 14:14:23.460236,0 days 00:00:09.102893,8.227856869359375,39,COMPLETE
4039,0.0184441691746427,0.4666785714084427,2026-07-07 14:14:14.563399,2026-07-07 14:14:25.344853,0 days 00:00:10.781454,39.40480421771604,39,COMPLETE
4040,0.014933717730361062,0.46711875303035266,2026-07-07 14:14:14.604220,2026-07-07 14:14:22.664142,0 days 00:00:08.059922,33.33388157406303,39,COMPLETE
4041,0.007544213300799851,0.46868265556097144,2026-07-07 14:14:14.767803,2026-07-07 14:14:28.065257,0 days 00:00:13.297454,10.642385699737844,39,COMPLETE
4042,0.022619444357811658,0.46601444473712894,2026-07-07 14:14:14.789384,2026-07-07 14:14:20.709246,0 days 00:00:05.919862,82.26713586900287,39,COMPLETE
4043,0.01927011494479458,0.4664676488219418,2026-07-07 14:14:15.278910,2026-07-07 14:14:22.297071,0 days 00:00:07.018161,56.25542724501874,39,COMPLETE
4044,0.01809417815179376,0.46685731766170163,2026-07-07 14:14:15.435753,2026-07-07 14:14:22.308113,0 days 00:00:06.872360,45.13915157174265,39,COMPLETE
4045,0.01146753458158739,0.4679791519746582,2026-07-07 14:14:16.219332,2026-07-07 14:14:25.551958,0 days 00:00:09.332626,3.284444223640325,39,COMPLETE
4046,0.020612126634127204,0.4663081881625559,2026-07-07 14:14:16.223535,2026-07-07 14:14:25.130464,0 days 00:00:08.906929,55.9831549289006,39,COMPLETE
4047,0.024721686431720624,0.46569710246027135,2026-07-07 14:14:16.385692,2026-07-07 14:14:25.375822,0 days 00:00:08.990130,91.91952602001408,39,COMPLETE
4048,0.01742513115474409,0.4665547060107236,2026-07-07 14:14:16.413396,2026-07-07 14:14:25.555903,0 days 00:00:09.142507,2.960699430724099,39,COMPLETE
4049,0.01834278032302844,0.46665939087312913,2026-07-07 14:14:16.419985,2026-07-07 14:14:25.385511,0 days 00:00:08.965526,55.24509539517818,39,COMPLETE
4050,0.02476349282900525,0.46570238829099436,2026-07-07 14:14:16.423626,2026-07-07 14:14:28.044331,0 days 00:00:11.620705,92.28169320050947,39,COMPLETE
4051,0.017482460771691133,0.4668781162886699,2026-07-07 14:14:16.585956,2026-07-07 14:14:28.069220,0 days 00:00:11.483264,42.678382091685485,39,COMPLETE
4052,0.02505284932184526,0.46568662756219303,2026-07-07 14:14:16.588603,2026-07-07 14:14:24.629407,0 days 00:00:08.040804,97.61971037692577,39,COMPLETE
4053,0.024226683643596647,0.4657491489819414,2026-07-07 14:14:16.590839,2026-07-07 14:14:27.358673,0 days 00:00:10.767834,89.13457464740614,39,COMPLETE
4054,0.016950230949636047,0.46701516439449337,2026-07-07 14:14:16.592800,2026-07-07 14:14:25.559568,0 days 00:00:08.966768,50.17826902277703,39,COMPLETE
4055,0.022897535042999295,0.4659959855951882,2026-07-07 14:14:16.593955,2026-07-07 14:14:25.546367,0 days 00:00:08.952412,83.62764183102125,39,COMPLETE
4056,0.023182617000896688,0.46597962073222216,2026-07-07 14:14:17.697868,2026-07-07 14:14:25.545706,0 days 00:00:07.847838,85.40625895968972,39,COMPLETE
4057,0.023583777587628196,0.4658891627800708,2026-07-07 14:14:17.867160,2026-07-07 14:14:26.036335,0 days 00:00:08.169175,86.87352957443008,39,COMPLETE
4058,0.020425565057729855,0.4662964426795708,2026-07-07 14:14:17.869347,2026-07-07 14:14:27.367100,0 days 00:00:09.497753,76.62272349615206,39,COMPLETE
4059,0.022484631525151733,0.4660294175027912,2026-07-07 14:14:18.035400,2026-07-07 14:14:25.333744,0 days 00:00:07.298344,81.99035916378982,39,COMPLETE
4060,0.014486685089763085,0.46738080983777225,2026-07-07 14:14:18.037674,2026-07-07 14:14:25.358852,0 days 00:00:07.321178,19.42651616633777,39,COMPLETE
4061,0.025234293567096167,0.4656657165083181,2026-07-07 14:14:18.516359,2026-07-07 14:14:28.235554,0 days 00:00:09.719195,94.24986507547099,39,COMPLETE
4062,0.023487923794105303,0.46591327990463577,2026-07-07 14:14:18.832210,2026-07-07 14:14:28.241729,0 days 00:00:09.409519,86.61413529190679,39,COMPLETE
4063,0.015735265893573547,0.46681584940274906,2026-07-07 14:14:18.840936,2026-07-07 14:14:27.358527,0 days 00:00:08.517591,8.67040933750268,39,COMPLETE
4064,0.02397816545899395,0.46581683447249855,2026-07-07 14:14:18.863234,2026-07-07 14:14:31.050319,0 days 00:00:12.187085,87.91622411580664,39,COMPLETE
4065,0.021972248890192336,0.46609084691100383,2026-07-07 14:14:18.867233,2026-07-07 14:14:28.013976,0 days 00:00:09.146743,81.01203639725063,39,COMPLETE
4066,0.0204538267608253,0.46634556926457027,2026-07-07 14:14:19.188974,2026-07-07 14:14:28.046776,0 days 00:00:08.857802,61.26985186659985,39,COMPLETE
4067,0.020762794718602373,0.4662737454217669,2026-07-07 14:14:19.823288,2026-07-07 14:14:28.231027,0 days 00:00:08.407739,67.76158735593302,39,COMPLETE
4068,0.009976751896204394,0.46795495227236183,2026-07-07 14:14:19.991989,2026-07-07 14:14:32.419501,0 days 00:00:12.427512,3.2861011906108857,39,COMPLETE
4069,0.012408935014630307,0.4677886165313201,2026-07-07 14:14:20.156760,2026-07-07 14:14:29.825248,0 days 00:00:09.668488,30.9605714828609,39,COMPLETE
4070,0.02271441825317999,0.4660097446622185,2026-07-07 14:14:20.352967,2026-07-07 14:14:28.249245,0 days 00:00:07.896278,82.63575562054783,39,COMPLETE
4071,0.022309752918590886,0.4660490093658832,2026-07-07 14:14:20.715352,2026-07-07 14:14:32.609534,0 days 00:00:11.894182,81.66849044831618,39,COMPLETE
4072,0.011698746579784813,0.4678260243219338,2026-07-07 14:14:20.735443,2026-07-07 14:14:30.716557,0 days 00:00:09.981114,18.030265122686725,39,COMPLETE
4073,0.01966240835559302,0.46639382361216497,2026-07-07 14:14:20.740585,2026-07-07 14:14:32.108171,0 days 00:00:11.367586,58.04495877544761,39,COMPLETE
4074,0.01924859413157265,0.46655720866391803,2026-07-07 14:14:21.061914,2026-07-07 14:14:33.711393,0 days 00:00:12.649479,58.36544526068389,39,COMPLETE
4075,0.010473822957800027,0.46773366241405095,2026-07-07 14:14:21.245628,2026-07-07 14:14:33.530769,0 days 00:00:12.285141,15.589384410216107,39,COMPLETE
4076,0.022957297785206165,0.46599550656282474,2026-07-07 14:14:21.400314,2026-07-07 14:14:31.627815,0 days 00:00:10.227501,84.0876223933118,39,COMPLETE
4077,0.017517608990247124,0.4667979131862998,2026-07-07 14:14:21.400824,2026-07-07 14:14:31.551815,0 days 00:00:10.150991,54.840680679140995,39,COMPLETE
4078,0.019469182691610354,0.4663837981061284,2026-07-07 14:14:21.402895,2026-07-07 14:14:31.540462,0 days 00:00:10.137567,74.94212945101604,39,COMPLETE
4079,0.020795791527754626,0.466236831510471,2026-07-07 14:14:21.566529,2026-07-07 14:14:33.517949,0 days 00:00:11.951420,70.66560867734009,39,COMPLETE
4080,0.018277965684313058,0.46673190445589696,2026-07-07 14:14:21.592890,2026-07-07 14:14:33.166666,0 days 00:00:11.573776,44.78861222571898,39,COMPLETE
4081,0.015972417397573324,0.4670286402853956,2026-07-07 14:14:21.598933,2026-07-07 14:14:31.597910,0 days 00:00:09.998977,29.44991613755084,39,COMPLETE
4082,0.018614514979091334,0.466277481451002,2026-07-07 14:14:21.602549,2026-07-07 14:14:30.205856,0 days 00:00:08.603307,2.4880803557924875,39,COMPLETE
4083,0.018104907502589696,0.46669270537874347,2026-07-07 14:14:21.773100,2026-07-07 14:14:33.137363,0 days 00:00:11.364263,55.16651697875652,39,COMPLETE
4084,0.025320696862772496,0.46565589564923693,2026-07-07 14:14:21.937398,2026-07-07 14:14:33.160760,0 days 00:00:11.223362,94.63710054974541,39,COMPLETE
4085,0.014755982056230244,0.4674989007169189,2026-07-07 14:14:22.138096,2026-07-07 14:14:34.579010,0 days 00:00:12.440914,21.351068836814314,39,COMPLETE
4086,0.020580021378790114,0.4662690054991563,2026-07-07 14:14:22.142134,2026-07-07 14:14:30.382635,0 days 00:00:08.240501,77.94066676725225,39,COMPLETE
4087,0.02062836983324079,0.46628642058541575,2026-07-07 14:14:22.319657,2026-07-07 14:14:33.174720,0 days 00:00:10.855063,60.50016861919579,39,COMPLETE
4088,0.0241482087690712,0.4657705636420215,2026-07-07 14:14:22.654263,2026-07-07 14:14:31.604485,0 days 00:00:08.950222,88.41158874128485,39,COMPLETE
4089,0.023484689217168453,0.4659141675930284,2026-07-07 14:14:22.658600,2026-07-07 14:14:33.538717,0 days 00:00:10.880117,86.60055238168438,39,COMPLETE
4090,0.020381048328289186,0.4663057170141904,2026-07-07 14:14:23.468361,2026-07-07 14:14:34.221942,0 days 00:00:10.753581,66.71814868116695,39,COMPLETE
4091,0.020326970618636808,0.46628088526155925,2026-07-07 14:14:23.469003,2026-07-07 14:14:33.710538,0 days 00:00:10.241535,55.480934042903236,39,COMPLETE
4092,0.015326283898798698,0.46714797670139585,2026-07-07 14:14:23.646471,2026-07-07 14:14:34.560091,0 days 00:00:10.913620,29.554810728496594,39,COMPLETE
4093,0.014628660774933577,0.4673272363618581,2026-07-07 14:14:23.654625,2026-07-07 14:14:31.055170,0 days 00:00:07.400545,25.79520411912614,39,COMPLETE
4094,0.02058402971675455,0.4662193120353539,2026-07-07 14:14:23.661600,2026-07-07 14:14:31.566167,0 days 00:00:07.904567,73.10348940634097,39,COMPLETE
4095,0.01568541535936213,0.4672564995681987,2026-07-07 14:14:23.670505,2026-07-07 14:14:33.500173,0 days 00:00:09.829668,41.000587129907935,39,COMPLETE
4096,0.015609912241741464,0.4671971253223156,2026-07-07 14:14:23.830156,2026-07-07 14:14:29.832736,0 days 00:00:06.002580,42.316345059011326,39,COMPLETE
4097,0.024800419012475594,0.465703733120922,2026-07-07 14:14:24.301897,2026-07-07 14:14:38.420020,0 days 00:00:14.118123,92.49086305892682,39,COMPLETE
4098,0.011956098614823274,0.46770127468721,2026-07-07 14:14:24.942358,2026-07-07 14:14:35.592353,0 days 00:00:10.649995,9.408142195176453,39,COMPLETE
4099,0.004516499889042402,0.46908129049290376,2026-07-07 14:14:25.117054,2026-07-07 14:14:36.393175,0 days 00:00:11.276121,10.805048715257918,39,COMPLETE
4100,0.013631470294201697,0.4674165506512063,2026-07-07 14:14:25.124971,2026-07-07 14:14:33.531477,0 days 00:00:08.406506,15.151697422927109,39,COMPLETE
4101,0.0198722629677614,0.4665381175116966,2026-07-07 14:14:25.300898,2026-07-07 14:14:32.102550,0 days 00:00:06.801652,61.98603811723231,39,COMPLETE
4102,0.0216599407430203,0.4661281968933051,2026-07-07 14:14:25.342664,2026-07-07 14:14:37.034861,0 days 00:00:11.692197,80.41034064375391,39,COMPLETE
4103,0.016591210083266028,0.4669960858868814,2026-07-07 14:14:25.348393,2026-07-07 14:14:36.385237,0 days 00:00:11.036844,44.37999911825366,39,COMPLETE
4104,0.02174409158333873,0.46611793401858453,2026-07-07 14:14:26.033092,2026-07-07 14:14:39.300305,0 days 00:00:13.267213,80.56813888850515,39,COMPLETE
4105,0.02036649031221366,0.4662574222539031,2026-07-07 14:14:26.037471,2026-07-07 14:14:38.247213,0 days 00:00:12.209742,73.63972777866582,39,COMPLETE
4106,0.025202436608357803,0.46529732912392535,2026-07-07 14:14:26.194728,2026-07-07 14:14:39.318745,0 days 00:00:13.124017,1.5197615866272596,39,COMPLETE
4107,0.011839531936932435,0.4678728785197537,2026-07-07 14:14:26.350538,2026-07-07 14:14:36.227184,0 days 00:00:09.876646,31.94463450911001,39,COMPLETE
4108,0.00933486388312682,0.4679201765489348,2026-07-07 14:14:26.352063,2026-07-07 14:14:31.612287,0 days 00:00:05.260224,12.35472772836806,39,COMPLETE
4109,0.020232818625601445,0.4664023794943845,2026-07-07 14:14:26.355546,2026-07-07 14:14:37.040801,0 days 00:00:10.685255,61.63813528250408,39,COMPLETE
4110,0.02415021153062874,0.46576217471395004,2026-07-07 14:14:26.358012,2026-07-07 14:14:38.258915,0 days 00:00:11.900903,88.96011367847159,39,COMPLETE
4111,0.0248734866747084,0.46570693090390386,2026-07-07 14:14:26.360018,2026-07-07 14:14:33.148869,0 days 00:00:06.788851,98.105081712221,39,COMPLETE
4112,0.021909674216919306,0.4660983201874168,2026-07-07 14:14:26.360544,2026-07-07 14:14:37.924168,0 days 00:00:11.563624,80.88900375150486,39,COMPLETE
4113,0.007707248170936709,0.4683799206721108,2026-07-07 14:14:26.362587,2026-07-07 14:14:38.420232,0 days 00:00:12.057645,5.107993025688559,39,COMPLETE
4114,0.022125030848516414,0.4660700402218136,2026-07-07 14:14:26.365909,2026-07-07 14:14:33.135686,0 days 00:00:06.769777,64.56947494431326,39,COMPLETE
4115,0.024359203989528733,0.46577095800930035,2026-07-07 14:14:26.366298,2026-07-07 14:14:35.558183,0 days 00:00:09.191885,99.98164780414406,39,COMPLETE
4116,0.01495559584948536,0.46726462074207464,2026-07-07 14:14:26.677721,2026-07-07 14:14:33.132204,0 days 00:00:06.454483,37.00078543123389,39,COMPLETE
4117,0.013942089296367755,0.4674456951863277,2026-07-07 14:14:26.679902,2026-07-07 14:14:33.502461,0 days 00:00:06.822559,6.491271182356819,39,COMPLETE
4118,0.0168446631814666,0.466898554999103,2026-07-07 14:14:26.681273,2026-07-07 14:14:36.554030,0 days 00:00:09.872757,52.97202955417129,39,COMPLETE
4119,0.018255837707308098,0.46671901956477846,2026-07-07 14:14:27.163416,2026-07-07 14:14:33.523428,0 days 00:00:06.360012,44.58939614457555,39,COMPLETE
4120,0.017092497363077275,0.4669412031272363,2026-07-07 14:14:28.056857,2026-07-07 14:14:39.123420,0 days 00:00:11.066563,47.55366807325192,40,COMPLETE
4121,0.022446133417209857,0.4660338318712551,2026-07-07 14:14:28.227281,2026-07-07 14:14:40.840952,0 days 00:00:12.613671,81.92109806108337,40,COMPLETE
4122,0.014771641161588245,0.4673559320209251,2026-07-07 14:14:28.236378,2026-07-07 14:14:38.582921,0 days 00:00:10.346543,26.119440581364582,40,COMPLETE
4123,0.020320086150449834,0.4663830327371165,2026-07-07 14:14:28.253446,2026-07-07 14:14:39.499784,0 days 00:00:11.246338,61.61544542792222,40,COMPLETE
4124,0.020189006274286214,0.46635810356860186,2026-07-07 14:14:29.343729,2026-07-07 14:14:39.504992,0 days 00:00:10.161263,67.07855479295364,40,COMPLETE
4125,0.01822815801564076,0.4667374482111681,2026-07-07 14:14:29.827672,2026-07-07 14:14:44.779794,0 days 00:00:14.952122,44.56527361773337,40,COMPLETE
4126,0.019293398648518423,0.4664658144508472,2026-07-07 14:14:30.377391,2026-07-07 14:14:41.385887,0 days 00:00:11.008496,56.2336348582512,40,COMPLETE
4127,0.007903873952534113,0.4684620347037506,2026-07-07 14:14:30.383101,2026-07-07 14:14:38.257687,0 days 00:00:07.874586,11.27894787501906,40,COMPLETE
4128,0.015433002756061631,0.46709344262437313,2026-07-07 14:14:30.886535,2026-07-07 14:14:39.327782,0 days 00:00:08.441247,29.4390111056384,40,COMPLETE
4129,0.016617531479161396,0.46691587386799,2026-07-07 14:14:31.584535,2026-07-07 14:14:38.785818,0 days 00:00:07.201283,27.128692847261235,40,COMPLETE
4130,0.0245522314306178,0.46574939698141016,2026-07-07 14:14:31.595372,2026-07-07 14:14:41.037867,0 days 00:00:09.442495,98.83131516991199,40,COMPLETE
4131,0.02374682163348979,0.46585956565648545,2026-07-07 14:14:31.622158,2026-07-07 14:14:39.318153,0 days 00:00:07.695995,87.54496816754904,40,COMPLETE
4132,0.016323423892321942,0.4669631178517947,2026-07-07 14:14:32.419685,2026-07-07 14:14:37.913983,0 days 00:00:05.494298,37.91307615783809,40,COMPLETE
4133,0.01708570050806163,0.46705485687945614,2026-07-07 14:14:32.422990,2026-07-07 14:14:42.492420,0 days 00:00:10.069430,46.27924351811601,40,COMPLETE
4134,0.02192988656880368,0.46609592217134754,2026-07-07 14:14:32.426252,2026-07-07 14:14:41.041275,0 days 00:00:08.615023,80.92877506510568,40,COMPLETE
4135,0.012630244568705318,0.46757333070859897,2026-07-07 14:14:32.591535,2026-07-07 14:14:42.747487,0 days 00:00:10.155952,33.0362643933617,40,COMPLETE
4136,0.020707070603805333,0.4662480478374897,2026-07-07 14:14:32.770439,2026-07-07 14:14:43.557686,0 days 00:00:10.787247,70.71626424130608,40,COMPLETE
4137,0.0232852721576709,0.46596514244979764,2026-07-07 14:14:32.774586,2026-07-07 14:14:43.075120,0 days 00:00:10.300534,85.86248857101153,40,COMPLETE
4138,0.015400954204119854,0.46732518282788804,2026-07-07 14:14:32.790795,2026-07-07 14:14:44.829716,0 days 00:00:12.038921,22.25505199196017,40,COMPLETE
4139,0.020859266408361943,0.46622468231787145,2026-07-07 14:14:32.956460,2026-07-07 14:14:41.388196,0 days 00:00:08.431736,55.44626098812036,40,COMPLETE
4140,0.023057595176487256,0.46599653943152,2026-07-07 14:14:32.965848,2026-07-07 14:14:43.073572,0 days 00:00:10.107724,84.85374445800971,40,COMPLETE
4141,0.010761588711177883,0.4680378172008165,2026-07-07 14:14:33.161142,2026-07-07 14:14:42.542047,0 days 00:00:09.380905,30.291049347198975,40,COMPLETE
4142,0.021975957005286484,0.4660630857138088,2026-07-07 14:14:33.332498,2026-07-07 14:14:41.544058,0 days 00:00:08.211560,68.77852730483244,40,COMPLETE
4143,0.014157601788254537,0.4673712186304697,2026-07-07 14:14:33.332767,2026-07-07 14:14:38.781862,0 days 00:00:05.449095,29.356027737392623,40,COMPLETE
4144,0.02064918867092086,0.4662398713090027,2026-07-07 14:14:33.335680,2026-07-07 14:14:42.498551,0 days 00:00:09.162871,71.55081431654533,40,COMPLETE
4145,0.015221156827458504,0.467217250014142,2026-07-07 14:14:33.532111,2026-07-07 14:14:42.744744,0 days 00:00:09.212633,38.05805198575731,40,COMPLETE
4146,0.024224230681039627,0.4657412993902008,2026-07-07 14:14:33.542925,2026-07-07 14:14:44.762549,0 days 00:00:11.219624,89.7564585132041,40,COMPLETE
4147,0.009301796949304109,0.4681853106562347,2026-07-07 14:14:33.547418,2026-07-07 14:14:44.775949,0 days 00:00:11.228531,11.479376268338067,40,COMPLETE
4148,0.009825413253723159,0.4681770121945373,2026-07-07 14:14:33.866556,2026-07-07 14:14:46.291063,0 days 00:00:12.424507,33.90873297896335,40,COMPLETE
4149,0.016141529272072908,0.46694077263563516,2026-07-07 14:14:33.868758,2026-07-07 14:14:42.749870,0 days 00:00:08.881112,39.35612233326414,40,COMPLETE
4150,0.023743657890803516,0.46585092451771226,2026-07-07 14:14:33.870097,2026-07-07 14:14:42.568871,0 days 00:00:08.698774,87.46913394714143,40,COMPLETE
4151,0.020103192640718692,0.46630912726339757,2026-07-07 14:14:33.872041,2026-07-07 14:14:38.760524,0 days 00:00:04.888483,73.96869720479165,40,COMPLETE
4152,0.020633426796808407,0.4664729420166467,2026-07-07 14:14:33.886504,2026-07-07 14:14:42.544511,0 days 00:00:08.658007,62.97554409901236,40,COMPLETE
4153,0.014604989510824673,0.4672881063101401,2026-07-07 14:14:33.890645,2026-07-07 14:14:45.151642,0 days 00:00:11.260997,19.382483347858955,40,COMPLETE
4154,0.018281951160528997,0.46674628321613854,2026-07-07 14:14:33.890843,2026-07-07 14:14:44.829330,0 days 00:00:10.938487,49.02028141586206,40,COMPLETE
4155,0.023315210111858164,0.46595710655497047,2026-07-07 14:14:33.900363,2026-07-07 14:14:44.595715,0 days 00:00:10.695352,86.01091104226428,40,COMPLETE
4156,0.013984439071517418,0.46725537640027787,2026-07-07 14:14:34.057711,2026-07-07 14:14:38.950478,0 days 00:00:04.892767,5.834188394936531,40,COMPLETE
4157,0.00880939842863604,0.46818786575349763,2026-07-07 14:14:34.213109,2026-07-07 14:14:44.250064,0 days 00:00:10.036955,15.932573730138818,40,COMPLETE
4158,0.0178031871703494,0.4668410544085405,2026-07-07 14:14:34.214389,2026-07-07 14:14:39.120439,0 days 00:00:04.906050,50.21309116476413,40,COMPLETE
4159,0.017848002171880373,0.4666643024247842,2026-07-07 14:14:34.218578,2026-07-07 14:14:44.070274,0 days 00:00:09.851696,57.591603333486084,40,COMPLETE
4160,-0.002162522180873039,0.4712043637753174,2026-07-07 14:14:34.227294,2026-07-07 14:14:41.035950,0 days 00:00:06.808656,4.845810201304924,40,COMPLETE
4161,0.017406433431641888,0.46702679943712316,2026-07-07 14:14:34.229485,2026-07-07 14:14:44.819576,0 days 00:00:10.590091,48.97592152109251,40,COMPLETE
4162,0.016958525213299547,0.4669369793913585,2026-07-07 14:14:34.392190,2026-07-07 14:14:42.173851,0 days 00:00:07.781661,53.01592396992483,40,COMPLETE
4163,0.01714786497362536,0.46658735203513324,2026-07-07 14:14:34.393404,2026-07-07 14:14:45.641335,0 days 00:00:11.247931,5.709599101376504,40,COMPLETE
4164,0.017545904542367263,0.46679203925135715,2026-07-07 14:14:34.580208,2026-07-07 14:14:41.374525,0 days 00:00:06.794317,54.85086325021375,40,COMPLETE
4165,0.024360132600192874,0.4657708165369963,2026-07-07 14:14:34.583221,2026-07-07 14:14:50.614300,0 days 00:00:16.031079,99.97763912459028,40,COMPLETE
4166,0.023553600589976242,0.4658955419178842,2026-07-07 14:14:35.212397,2026-07-07 14:14:43.570174,0 days 00:00:08.357777,86.8268598530827,40,COMPLETE
4167,0.018863514919682745,0.46659723633665257,2026-07-07 14:14:35.747912,2026-07-07 14:14:47.627777,0 days 00:00:11.879865,40.518361704039506,40,COMPLETE
4168,0.016553923431673057,0.4669741572501289,2026-07-07 14:14:37.024908,2026-07-07 14:14:47.621370,0 days 00:00:10.596462,43.43583443083028,40,COMPLETE
4169,0.023481160710910054,0.46591507773506774,2026-07-07 14:14:37.223875,2026-07-07 14:14:39.309169,0 days 00:00:02.085294,86.58844628332072,40,COMPLETE
4170,0.017064303416088278,0.4669829046295687,2026-07-07 14:14:37.702978,2026-07-07 14:14:48.600429,0 days 00:00:10.897451,38.94951396446444,40,COMPLETE
4171,0.008718867771731253,0.46839096119929,2026-07-07 14:14:37.729145,2026-07-07 14:14:42.175184,0 days 00:00:04.446039,32.24320537914971,40,COMPLETE
4172,0.0140595252977751,0.46747829912117267,2026-07-07 14:14:37.897379,2026-07-07 14:14:50.112867,0 days 00:00:12.215488,36.609111089851474,40,COMPLETE
4173,0.021865122356299282,0.4660851884485978,2026-07-07 14:14:37.917758,2026-07-07 14:14:42.739271,0 days 00:00:04.821513,68.69034280698618,40,COMPLETE
4174,0.01942688776176077,0.46639442092076155,2026-07-07 14:14:38.085673,2026-07-07 14:14:46.787821,0 days 00:00:08.702148,74.862518304671,40,COMPLETE
4175,0.02100680324156795,0.46621818699745465,2026-07-07 14:14:38.261675,2026-07-07 14:14:49.609428,0 days 00:00:11.347753,66.24591408610551,40,COMPLETE
4176,0.020707276736439295,0.4662795434973824,2026-07-07 14:14:38.419888,2026-07-07 14:14:46.286993,0 days 00:00:07.867105,67.6189630356569,40,COMPLETE
4177,0.02458023120961561,0.46569974045165274,2026-07-07 14:14:39.296781,2026-07-07 14:14:50.671932,0 days 00:00:11.375151,91.31279511162639,40,COMPLETE
4178,0.018659376889420598,0.46661250445795116,2026-07-07 14:14:39.338419,2026-07-07 14:14:49.272738,0 days 00:00:09.934319,50.93174717178537,40,COMPLETE
4179,0.016567654566980172,0.46714505422863434,2026-07-07 14:14:39.505298,2026-07-07 14:14:47.604688,0 days 00:00:08.099390,35.36440211763979,40,COMPLETE
4180,0.021784043140287312,0.4661015418409796,2026-07-07 14:14:39.816547,2026-07-07 14:14:49.936113,0 days 00:00:10.119566,68.62285999762055,40,COMPLETE
4181,0.017029420282161034,0.4670009716429766,2026-07-07 14:14:39.818731,2026-07-07 14:14:50.435913,0 days 00:00:10.617182,51.65443940608351,40,COMPLETE
4182,0.02110574908988755,0.4662272593913542,2026-07-07 14:14:39.976835,2026-07-07 14:14:51.790550,0 days 00:00:11.813715,77.54528567902595,40,COMPLETE
4183,0.02111055219259106,0.4663787466761714,2026-07-07 14:14:40.134441,2026-07-07 14:14:51.761713,0 days 00:00:11.627272,63.61353914493808,40,COMPLETE
4184,0.019441408898354162,0.46644651910066004,2026-07-07 14:14:40.165585,2026-07-07 14:14:50.612249,0 days 00:00:10.446664,53.93493842730001,40,COMPLETE
4185,0.022009612095501896,0.46608630272474544,2026-07-07 14:14:40.169242,2026-07-07 14:14:45.473235,0 days 00:00:05.303993,81.08523920676329,40,COMPLETE
4186,0.012657553159870494,0.4677328771531302,2026-07-07 14:14:40.328304,2026-07-07 14:14:50.115649,0 days 00:00:09.787345,30.181233753904227,40,COMPLETE
4187,0.022243907085419123,0.46601620008766165,2026-07-07 14:14:40.486786,2026-07-07 14:14:51.548033,0 days 00:00:11.061247,69.33867499033609,40,COMPLETE
4188,0.01982795372548779,0.46631483673076635,2026-07-07 14:14:40.489159,2026-07-07 14:14:51.790809,0 days 00:00:11.301650,76.02241547930352,40,COMPLETE
4189,0.002900321802276562,0.468939304525934,2026-07-07 14:14:40.492151,2026-07-07 14:14:50.598221,0 days 00:00:10.106070,4.264294975497861,40,COMPLETE
4190,0.008696139864015628,0.4683528023651785,2026-07-07 14:14:40.659383,2026-07-07 14:14:51.744782,0 days 00:00:11.085399,12.283644195835105,40,COMPLETE
4191,0.019981179783676528,0.4665140061592059,2026-07-07 14:14:40.661491,2026-07-07 14:14:51.368164,0 days 00:00:10.706673,59.79915440414737,40,COMPLETE
4192,0.02374686359376127,0.46585979902981967,2026-07-07 14:14:40.827182,2026-07-07 14:14:50.619580,0 days 00:00:09.792398,87.54800759899481,40,COMPLETE
4193,0.017623086024527446,0.46686297459327974,2026-07-07 14:14:40.828705,2026-07-07 14:14:51.542351,0 days 00:00:10.713646,40.12274002174276,40,COMPLETE
4194,0.01802144534349548,0.46680348672760474,2026-07-07 14:14:40.832469,2026-07-07 14:14:53.390541,0 days 00:00:12.558072,24.007623278399763,40,COMPLETE
4195,0.01774800976856783,0.4670399434421414,2026-07-07 14:14:41.008267,2026-07-07 14:14:51.534390,0 days 00:00:10.526123,25.135635955166588,40,COMPLETE
4196,0.021665631407228714,0.4661274933982026,2026-07-07 14:14:41.027037,2026-07-07 14:14:47.630789,0 days 00:00:06.603752,80.42096190885555,40,COMPLETE
4197,0.021830571488631934,0.466092423118326,2026-07-07 14:14:41.032020,2026-07-07 14:14:53.559114,0 days 00:00:12.527094,68.66439269430992,40,COMPLETE
4198,0.022900871592949235,0.46599575799005316,2026-07-07 14:14:42.487411,2026-07-07 14:14:53.558098,0 days 00:00:11.070687,83.64456886217427,40,COMPLETE
4199,0.02499639754176486,0.4656919521809614,2026-07-07 14:14:42.549116,2026-07-07 14:14:51.754259,0 days 00:00:09.205143,97.82883844171165,40,COMPLETE
4200,0.019691335502455998,0.46633130461605565,2026-07-07 14:14:42.583314,2026-07-07 14:14:54.861004,0 days 00:00:12.277690,75.27441409123789,40,COMPLETE
4201,0.015358857894682776,0.46720239449787976,2026-07-07 14:14:42.759860,2026-07-07 14:14:54.476074,0 days 00:00:11.716214,51.884588646458255,40,COMPLETE
4202,0.021732611116384637,0.46611039334612353,2026-07-07 14:14:43.074346,2026-07-07 14:14:53.770465,0 days 00:00:10.696119,68.56849982675854,40,COMPLETE
4203,0.008558552729633018,0.4683242824646872,2026-07-07 14:14:43.233836,2026-07-07 14:14:54.856364,0 days 00:00:11.622528,9.416814719365913,40,COMPLETE
4204,0.02050222826732062,0.466292500569896,2026-07-07 14:14:43.236400,2026-07-07 14:14:51.777847,0 days 00:00:08.541447,41.64836098589227,40,COMPLETE
4205,0.01910828078959481,0.4666111304268255,2026-07-07 14:14:43.238766,2026-07-07 14:14:53.569715,0 days 00:00:10.330949,49.74362065239556,40,COMPLETE
4206,0.023661361788393287,0.4658645361663373,2026-07-07 14:14:43.553984,2026-07-07 14:14:51.541870,0 days 00:00:07.987886,87.18662078476439,40,COMPLETE
4207,0.0252018890792714,0.4656690136124584,2026-07-07 14:14:43.556411,2026-07-07 14:14:53.967373,0 days 00:00:10.410962,94.10619083465974,40,COMPLETE
4208,0.017588394331366553,0.4667812412051847,2026-07-07 14:14:43.560889,2026-07-07 14:14:57.748269,0 days 00:00:14.187380,42.371372411410725,40,COMPLETE
4209,0.015026212613466594,0.46722576077987477,2026-07-07 14:14:43.566137,2026-07-07 14:14:47.608624,0 days 00:00:04.042487,33.10997545214749,40,COMPLETE
4210,0.018233278221937876,0.46683056602775824,2026-07-07 14:14:43.572104,2026-07-07 14:14:55.376918,0 days 00:00:11.804814,49.37370995506443,40,COMPLETE
4211,0.012267089146104915,0.46756558117202485,2026-07-07 14:14:43.573589,2026-07-07 14:14:51.767486,0 days 00:00:08.193897,9.303544318524953,40,COMPLETE
4212,0.020070631440244624,0.46633535433967166,2026-07-07 14:14:43.577761,2026-07-07 14:14:53.223191,0 days 00:00:09.645430,54.23557363686999,40,COMPLETE
4213,0.018249147717716296,0.4666535944512772,2026-07-07 14:14:43.736857,2026-07-07 14:14:54.486821,0 days 00:00:10.749964,40.807409868028486,40,COMPLETE
4214,0.01859112031883614,0.4666620332573881,2026-07-07 14:14:43.737040,2026-07-07 14:14:54.665302,0 days 00:00:10.928262,34.68562498180139,40,COMPLETE
4215,0.021719058566935734,0.4661125725022308,2026-07-07 14:14:43.895371,2026-07-07 14:14:53.980430,0 days 00:00:10.085059,68.55359963301919,40,COMPLETE
4216,0.02421173107687269,0.4657416311891588,2026-07-07 14:14:44.054784,2026-07-07 14:14:54.472926,0 days 00:00:10.418142,89.92542071849816,40,COMPLETE
4217,0.01551007907727675,0.46714981218622986,2026-07-07 14:14:44.079205,2026-07-07 14:14:53.965185,0 days 00:00:09.885980,42.44414134734997,40,COMPLETE
4218,0.017478578722244176,0.4668265847816236,2026-07-07 14:14:44.597326,2026-07-07 14:14:54.665787,0 days 00:00:10.068461,22.737698500936855,40,COMPLETE
4219,0.01787632108233067,0.4667120601586481,2026-07-07 14:14:44.788343,2026-07-07 14:14:55.380876,0 days 00:00:10.592533,41.31586609586393,40,COMPLETE
4220,0.023070499587039384,0.4659946110492693,2026-07-07 14:14:44.797479,2026-07-07 14:14:53.960808,0 days 00:00:09.163329,84.89575541926109,40,COMPLETE
4221,0.01784507017641923,0.46666293263936465,2026-07-07 14:14:44.814611,2026-07-07 14:14:55.885022,0 days 00:00:11.070411,57.607240863586206,40,COMPLETE
4222,0.02076247192815034,0.4662277164302608,2026-07-07 14:14:44.821308,2026-07-07 14:14:54.498323,0 days 00:00:09.677015,71.27106211092946,40,COMPLETE
4223,0.009148827885501976,0.4681964835663188,2026-07-07 14:14:44.985862,2026-07-07 14:14:55.389092,0 days 00:00:10.403230,11.147440090441334,40,COMPLETE
4224,0.015107982081400295,0.4669825276781123,2026-07-07 14:14:44.987707,2026-07-07 14:14:53.220731,0 days 00:00:08.233024,3.5775308993047874,40,COMPLETE
4225,0.02446254038058776,0.46575776898570004,2026-07-07 14:14:44.987873,2026-07-07 14:14:53.588595,0 days 00:00:08.600722,99.30220867212456,40,COMPLETE
4226,0.016305056962579056,0.46710449660348796,2026-07-07 14:14:45.636122,2026-07-07 14:14:54.860007,0 days 00:00:09.223885,46.78559541166714,40,COMPLETE
4227,0.01600640525287289,0.46697265552696826,2026-07-07 14:14:45.655163,2026-07-07 14:14:58.282987,0 days 00:00:12.627824,38.687895870703336,40,COMPLETE
4228,0.01579517449323936,0.4671005019947183,2026-07-07 14:14:45.816212,2026-07-07 14:14:56.849416,0 days 00:00:11.033204,23.346656478561492,40,COMPLETE
4229,0.024221106563078076,0.465741251481114,2026-07-07 14:14:45.818247,2026-07-07 14:14:57.179432,0 days 00:00:11.361185,89.80884524271353,40,COMPLETE
4230,0.015707569544283817,0.46697787835235394,2026-07-07 14:14:46.287163,2026-07-07 14:14:58.105998,0 days 00:00:11.818835,29.157479287185268,41,COMPLETE
4231,0.022842337827210624,0.46600079115340887,2026-07-07 14:14:46.292933,2026-07-07 14:14:57.745764,0 days 00:00:11.452831,83.34234844460609,41,COMPLETE
4232,0.019700564035445123,0.4663291383219488,2026-07-07 14:14:46.774362,2026-07-07 14:14:57.936226,0 days 00:00:11.161864,75.29035069713429,41,COMPLETE
4233,0.02052992905671419,0.4662593836802209,2026-07-07 14:14:47.104719,2026-07-07 14:14:57.734417,0 days 00:00:10.629698,71.72572738306042,41,COMPLETE
4234,0.015291643796963628,0.467157603143646,2026-07-07 14:14:49.066481,2026-07-07 14:14:57.915904,0 days 00:00:08.849423,31.321252807138016,41,COMPLETE
4235,0.012929361883253332,0.4676883910799926,2026-07-07 14:14:49.253582,2026-07-07 14:15:02.377708,0 days 00:00:13.124126,21.71327296309993,41,COMPLETE
4236,0.025409124612287393,0.46564438509484096,2026-07-07 14:14:49.931988,2026-07-07 14:14:58.792195,0 days 00:00:08.860207,95.77345359226649,41,COMPLETE
4237,0.01848167658761024,0.4665702630334911,2026-07-07 14:14:49.949274,2026-07-07 14:14:59.658661,0 days 00:00:09.709387,57.281663583824766,41,COMPLETE
4238,0.015370996153788008,0.4671815050622037,2026-07-07 14:14:50.592225,2026-07-07 14:14:55.026266,0 days 00:00:04.434041,52.591665327232995,41,COMPLETE
4239,0.01946698223322696,0.46643613633080294,2026-07-07 14:14:50.593039,2026-07-07 14:14:55.888049,0 days 00:00:05.295010,24.15299777355388,41,COMPLETE
4240,0.01928396194994131,0.46642898012831346,2026-07-07 14:14:50.654669,2026-07-07 14:14:57.730409,0 days 00:00:07.075740,36.34369227731247,41,COMPLETE
4241,0.008975942026836548,0.4679152980645948,2026-07-07 14:14:50.673937,2026-07-07 14:14:59.849653,0 days 00:00:09.175716,7.2399196864160595,41,COMPLETE
4242,0.016467630292799518,0.46705931012449386,2026-07-07 14:14:51.146248,2026-07-07 14:14:55.385158,0 days 00:00:04.238910,39.73836067768056,41,COMPLETE
4243,0.017700454207073224,0.46683819551813305,2026-07-07 14:14:51.171435,2026-07-07 14:14:58.787127,0 days 00:00:07.615692,24.009242908819317,41,COMPLETE
4244,0.024118120538838828,0.4657482210179251,2026-07-07 14:14:51.525009,2026-07-07 14:15:02.370761,0 days 00:00:10.845752,90.52271869795334,41,COMPLETE
4245,0.009688708731812712,0.4680306814706153,2026-07-07 14:14:51.547369,2026-07-07 14:14:58.115264,0 days 00:00:06.567895,13.943316621571517,41,COMPLETE
4246,0.026251960055545975,0.4644713772169806,2026-07-07 14:14:51.548628,2026-07-07 14:14:59.677952,0 days 00:00:08.129324,1.0123576257221598,41,COMPLETE
4247,0.008203489204594794,0.46851159788177654,2026-07-07 14:14:51.709224,2026-07-07 14:14:59.666766,0 days 00:00:07.957542,12.029116657805066,41,COMPLETE
4248,0.012860853980372122,0.467243318511327,2026-07-07 14:14:51.720030,2026-07-07 14:15:02.373640,0 days 00:00:10.653610,7.532514827088901,41,COMPLETE
4249,0.01939690648033976,0.4664047565870807,2026-07-07 14:14:51.731339,2026-07-07 14:14:59.660929,0 days 00:00:07.929590,74.47118319550445,41,COMPLETE
4250,0.014237632567549896,0.4674409747228432,2026-07-07 14:14:51.733739,2026-07-07 14:14:54.480932,0 days 00:00:02.747193,37.632888705968895,41,COMPLETE
4251,0.019520217729626588,0.4663714308190043,2026-07-07 14:14:51.754702,2026-07-07 14:15:02.197065,0 days 00:00:10.442363,75.0235362038877,41,COMPLETE
4252,0.011829163523765396,0.4676785183490005,2026-07-07 14:14:52.116466,2026-07-07 14:15:02.713094,0 days 00:00:10.596628,16.562445732190117,41,COMPLETE
4253,0.02161961146751068,0.466113182838526,2026-07-07 14:14:52.117710,2026-07-07 14:14:59.424509,0 days 00:00:07.306799,79.32360040178816,41,COMPLETE
4254,0.024994154072755903,0.46568942712045613,2026-07-07 14:14:53.054408,2026-07-07 14:15:03.024750,0 days 00:00:09.970342,93.13800962917885,41,COMPLETE
4255,0.02058028822686775,0.4662689669320874,2026-07-07 14:14:53.220504,2026-07-07 14:15:01.856032,0 days 00:00:08.635528,77.94047820505139,41,COMPLETE
4256,0.020756756552742395,0.46626088773401386,2026-07-07 14:14:53.561977,2026-07-07 14:15:07.342309,0 days 00:00:13.780332,76.88088994962489,41,COMPLETE
4257,0.013934870847522651,0.46753343394951447,2026-07-07 14:14:53.563048,2026-07-07 14:15:02.371214,0 days 00:00:08.808166,28.712153605212325,41,COMPLETE
4258,0.015835359537271887,0.4671290307247424,2026-07-07 14:14:53.579427,2026-07-07 14:15:01.859875,0 days 00:00:08.280448,24.399569445362243,41,COMPLETE
4259,0.020415018873991442,0.46626015282779604,2026-07-07 14:14:53.586719,2026-07-07 14:15:02.375374,0 days 00:00:08.788655,55.87575225808032,41,COMPLETE
4260,0.006078540295484047,0.468846410290655,2026-07-07 14:14:53.764248,2026-07-07 14:15:01.438703,0 days 00:00:07.674455,16.395604514963065,41,COMPLETE
4261,0.02078462391284913,0.46619812630687807,2026-07-07 14:14:53.770994,2026-07-07 14:15:04.054200,0 days 00:00:10.283206,72.60487936432273,41,COMPLETE
4262,0.016732405310037612,0.46684505178145647,2026-07-07 14:14:53.771708,2026-07-07 14:15:01.818764,0 days 00:00:08.047056,27.101056835146533,41,COMPLETE
4263,0.015263013072311371,0.46717093684558064,2026-07-07 14:14:53.781065,2026-07-07 14:14:58.117069,0 days 00:00:04.336004,26.661684693668196,41,COMPLETE
4264,0.018971330171459022,0.4667864959774237,2026-07-07 14:14:53.967796,2026-07-07 14:14:58.285704,0 days 00:00:04.317908,59.09015405188978,41,COMPLETE
4265,0.019302314436403623,0.4664158738290024,2026-07-07 14:14:53.986946,2026-07-07 14:15:05.394796,0 days 00:00:11.407850,74.59990229986806,41,COMPLETE
4266,0.022446576726668943,0.46603378163334164,2026-07-07 14:14:54.146366,2026-07-07 14:14:58.281855,0 days 00:00:04.135489,81.92189380522717,41,COMPLETE
4267,0.020688269701039874,0.466464004277494,2026-07-07 14:14:54.306133,2026-07-07 14:15:05.760341,0 days 00:00:11.454208,63.02814727870937,41,COMPLETE
4268,0.01797503822834612,0.46688887380316524,2026-07-07 14:14:54.486965,2026-07-07 14:15:02.191028,0 days 00:00:07.704063,43.680794747459174,41,COMPLETE
4269,0.0207988666158338,0.4662582290462521,2026-07-07 14:14:54.488279,2026-07-07 14:15:05.568054,0 days 00:00:11.079775,76.99321990385539,41,COMPLETE
4270,0.020549226631171313,0.46625454259850335,2026-07-07 14:14:54.849598,2026-07-07 14:15:02.368309,0 days 00:00:07.518711,71.06481645566205,41,COMPLETE
4271,0.017494365090770292,0.46685813974515444,2026-07-07 14:14:54.866547,2026-07-07 14:15:05.750350,0 days 00:00:10.883803,45.57089855810025,41,COMPLETE
4272,0.017615746630348705,0.4669545296852543,2026-07-07 14:14:55.021868,2026-07-07 14:15:03.560018,0 days 00:00:08.538150,44.924872487585304,41,COMPLETE
4273,0.011083318765846284,0.46807988708814285,2026-07-07 14:14:55.182848,2026-07-07 14:15:01.849659,0 days 00:00:06.666811,14.521204146473055,41,COMPLETE
4274,0.020440119014857372,0.4663186504163185,2026-07-07 14:14:55.339397,2026-07-07 14:15:05.009869,0 days 00:00:09.670472,40.931415154778705,41,COMPLETE
4275,0.02381161597641379,0.465854808427123,2026-07-07 14:14:55.351233,2026-07-07 14:15:05.958763,0 days 00:00:10.607530,87.6310580659819,41,COMPLETE
4276,0.01063882887987666,0.4676983257377497,2026-07-07 14:14:55.356772,2026-07-07 14:15:06.141754,0 days 00:00:10.784982,6.0863407477155675,41,COMPLETE
4277,0.01189638741989485,0.46788474295521904,2026-07-07 14:14:55.361485,2026-07-07 14:15:05.008058,0 days 00:00:09.646573,31.184549552465693,41,COMPLETE
4278,0.020443884995896777,0.466281775459118,2026-07-07 14:14:55.364368,2026-07-07 14:15:03.885637,0 days 00:00:08.521269,70.89010089185584,41,COMPLETE
4279,0.02158418381260574,0.4662347241369247,2026-07-07 14:14:55.370335,2026-07-07 14:15:07.340382,0 days 00:00:11.970047,64.03580232999715,41,COMPLETE
4280,0.024199232897625655,0.465742511773938,2026-07-07 14:14:55.388215,2026-07-07 14:15:05.755742,0 days 00:00:10.367527,90.04498896336237,41,COMPLETE
4281,0.014756212070045571,0.4674376174247422,2026-07-07 14:14:55.389261,2026-07-07 14:15:06.142506,0 days 00:00:10.753245,37.11035443663944,41,COMPLETE
4282,0.011519692756655875,0.46816235039000287,2026-07-07 14:14:55.704393,2026-07-07 14:14:59.666203,0 days 00:00:03.961810,35.69295661409447,41,COMPLETE
4283,0.021640501595816042,0.46621980032346705,2026-07-07 14:14:55.706560,2026-07-07 14:14:59.672804,0 days 00:00:03.966244,64.06155895614248,41,COMPLETE
4284,0.015099383432085223,0.46719438507971744,2026-07-07 14:14:55.717563,2026-07-07 14:15:07.674770,0 days 00:00:11.957207,7.103979397809471,41,COMPLETE
4285,0.01808647647885231,0.46646566011705237,2026-07-07 14:14:55.885363,2026-07-07 14:15:05.965111,0 days 00:00:10.079748,2.876566998006513,41,COMPLETE
4286,0.01621907788148441,0.46718176306167947,2026-07-07 14:14:55.888518,2026-07-07 14:15:04.048699,0 days 00:00:08.160181,46.57647977642694,41,COMPLETE
4287,0.012191984417857127,0.4674344157234286,2026-07-07 14:14:56.675953,2026-07-07 14:14:59.689288,0 days 00:00:03.013335,6.257578279938124,41,COMPLETE
4288,0.012789783019283296,0.46755703043732644,2026-07-07 14:14:56.834019,2026-07-07 14:15:08.753895,0 days 00:00:11.919876,33.05249651478427,41,COMPLETE
4289,0.020754370039246572,0.4662509137331312,2026-07-07 14:14:56.836477,2026-07-07 14:15:07.859076,0 days 00:00:11.022599,77.83871743607045,41,COMPLETE
4290,0.02076902987609025,0.46620109359053075,2026-07-07 14:14:57.199066,2026-07-07 14:15:06.151336,0 days 00:00:08.952270,72.6376639895434,41,COMPLETE
4291,0.0311007973959605,0.46386603955571015,2026-07-07 14:14:57.705500,2026-07-07 14:15:08.516376,0 days 00:00:10.810876,1.3607993458450718,41,COMPLETE
4292,0.016614510477423794,0.4670197237115338,2026-07-07 14:14:57.941366,2026-07-07 14:15:07.349047,0 days 00:00:09.407681,39.44392086824362,41,COMPLETE
4293,0.017657063503907333,0.46686393545110905,2026-07-07 14:14:58.283386,2026-07-07 14:15:05.959164,0 days 00:00:07.675778,36.452876758437384,41,COMPLETE
4294,0.018321304463594867,0.46685622219383127,2026-07-07 14:14:58.285987,2026-07-07 14:15:08.543345,0 days 00:00:10.257358,45.068214326807585,41,COMPLETE
4295,0.022278919415659293,0.4660526195590221,2026-07-07 14:14:58.460544,2026-07-07 14:15:09.378671,0 days 00:00:10.918127,81.60911327601609,41,COMPLETE
4296,0.0233930376710067,0.4659365639667641,2026-07-07 14:14:58.787664,2026-07-07 14:15:06.143151,0 days 00:00:07.355487,86.2848570427989,41,COMPLETE
4297,0.013201435449041954,0.4675702257754313,2026-07-07 14:14:58.788452,2026-07-07 14:15:08.335021,0 days 00:00:09.546569,30.10612232560553,41,COMPLETE
4298,0.024568198960025323,0.46569827475338077,2026-07-07 14:14:59.418164,2026-07-07 14:15:05.400004,0 days 00:00:05.981840,91.28823963539848,41,COMPLETE
4299,0.014033744815398763,0.46752559480028866,2026-07-07 14:14:59.421121,2026-07-07 14:15:06.317724,0 days 00:00:06.896603,28.49281121977657,41,COMPLETE
4300,0.02518917157254208,0.46566874051593454,2026-07-07 14:14:59.423934,2026-07-07 14:15:08.565790,0 days 00:00:09.141856,96.89373206912991,41,COMPLETE
4301,0.018942163413351587,0.4666195175337631,2026-07-07 14:14:59.426945,2026-07-07 14:15:11.394273,0 days 00:00:11.967328,49.705487801723834,41,COMPLETE
4302,0.019660400409439005,0.4663385925843022,2026-07-07 14:14:59.429696,2026-07-07 14:15:07.362254,0 days 00:00:07.932558,75.22444447990144,41,COMPLETE
4303,0.01724720335228913,0.46691129321852964,2026-07-07 14:14:59.431799,2026-07-07 14:15:08.582412,0 days 00:00:09.150613,35.13172060701949,41,COMPLETE
4304,0.014154470782843487,0.46719575471175073,2026-07-07 14:14:59.436365,2026-07-07 14:15:08.575567,0 days 00:00:09.139202,18.585525781893853,41,COMPLETE
4305,0.012466115452578641,0.46755121272757905,2026-07-07 14:14:59.445096,2026-07-07 14:15:09.383295,0 days 00:00:09.938199,15.648137052012787,41,COMPLETE
4306,0.024223591558176882,0.4657412761772365,2026-07-07 14:14:59.474989,2026-07-07 14:15:11.221453,0 days 00:00:11.746464,89.76819886067501,41,COMPLETE
4307,0.012982390237660346,0.46755803014150304,2026-07-07 14:14:59.478147,2026-07-07 14:15:06.147159,0 days 00:00:06.669012,38.81267416256558,41,COMPLETE
4308,0.019633630376368394,0.46638293470477826,2026-07-07 14:14:59.850823,2026-07-07 14:15:11.392406,0 days 00:00:11.541583,57.95821413044738,41,COMPLETE
4309,0.02194712467061921,0.4660916452331216,2026-07-07 14:15:00.809289,2026-07-07 14:15:12.856046,0 days 00:00:12.046757,64.69163359860967,41,COMPLETE
4310,0.021222633569777438,0.4662071358773557,2026-07-07 14:15:01.795590,2026-07-07 14:15:10.852213,0 days 00:00:09.056623,77.62524283599501,41,COMPLETE
4311,0.009064544164031352,0.4680876801439914,2026-07-07 14:15:01.799135,2026-07-07 14:15:11.391329,0 days 00:00:09.592194,11.01198790886511,41,COMPLETE
4312,0.02491667529701941,0.46569737949910417,2026-07-07 14:15:01.809916,2026-07-07 14:15:13.299994,0 days 00:00:11.490078,92.88558066050682,41,COMPLETE
4313,0.022064499911168156,0.46576940326722627,2026-07-07 14:15:01.819597,2026-07-07 14:15:12.691900,0 days 00:00:10.872303,2.0631392096236225,41,COMPLETE
4314,0.021012794294550885,0.4662235832502892,2026-07-07 14:15:01.850116,2026-07-07 14:15:13.483763,0 days 00:00:11.633647,60.5950499264946,41,COMPLETE
4315,0.01998812068841732,0.4665373420019139,2026-07-07 14:15:02.200434,2026-07-07 14:15:08.580681,0 days 00:00:06.380247,62.20744438594471,41,COMPLETE
4316,0.00931857950598819,0.4679882159542073,2026-07-07 14:15:02.554254,2026-07-07 14:15:11.388722,0 days 00:00:08.834468,16.06073448970685,41,COMPLETE
4317,0.014840839636716119,0.46740580115996233,2026-07-07 14:15:03.186083,2026-07-07 14:15:08.550511,0 days 00:00:05.364428,21.316683694921668,41,COMPLETE
4318,0.024146692718660823,0.4657454607011361,2026-07-07 14:15:03.351388,2026-07-07 14:15:13.131588,0 days 00:00:09.780200,90.4184395025199,41,COMPLETE
4319,0.013684754029232804,0.4673587650216565,2026-07-07 14:15:03.363310,2026-07-07 14:15:13.659857,0 days 00:00:10.296547,31.938474255846966,41,COMPLETE
4320,0.013769740646289996,0.4674277258487518,2026-07-07 14:15:03.368873,2026-07-07 14:15:13.099748,0 days 00:00:09.730875,28.626852714174895,41,COMPLETE
4321,0.017971174542335155,0.466690858595499,2026-07-07 14:15:03.376886,2026-07-07 14:15:13.459830,0 days 00:00:10.082944,41.2675805911767,41,COMPLETE
4322,0.019271620562932634,0.46654854452608907,2026-07-07 14:15:03.389491,2026-07-07 14:15:13.822258,0 days 00:00:10.432767,53.61306787925274,41,COMPLETE
4323,0.02003660923751288,0.4664879680968841,2026-07-07 14:15:03.548970,2026-07-07 14:15:13.101798,0 days 00:00:09.552828,59.82760808966593,41,COMPLETE
4324,0.014312775573223802,0.4674814957415826,2026-07-07 14:15:03.549805,2026-07-07 14:15:13.130886,0 days 00:00:09.581081,28.311077574193515,41,COMPLETE
4325,0.017723020047089366,0.46682753476540595,2026-07-07 14:15:03.874254,2026-07-07 14:15:12.905915,0 days 00:00:09.031661,41.78348757536485,41,COMPLETE
4326,0.01927423946874801,0.46649239038351625,2026-07-07 14:15:03.886020,2026-07-07 14:15:12.886792,0 days 00:00:09.000772,51.196691946339605,41,COMPLETE
4327,0.016298734083679378,0.4671830572753263,2026-07-07 14:15:03.888798,2026-07-07 14:15:15.128155,0 days 00:00:11.239357,42.97494688410943,41,COMPLETE
4328,0.018208700224592422,0.46669878244236007,2026-07-07 14:15:04.054077,2026-07-07 14:15:13.100358,0 days 00:00:09.046281,27.290696375716912,41,COMPLETE
4329,0.014066898599215893,0.46705467873940393,2026-07-07 14:15:04.680955,2026-07-07 14:15:12.908163,0 days 00:00:08.227208,8.09545810084629,41,COMPLETE
4330,0.017456571509855967,0.467016868262226,2026-07-07 14:15:05.366359,2026-07-07 14:15:08.751409,0 days 00:00:03.385050,48.96847632761532,41,COMPLETE
4331,0.022274060812665974,0.4660073756589007,2026-07-07 14:15:05.378683,2026-07-07 14:15:13.472263,0 days 00:00:08.093580,69.41494610066566,41,COMPLETE
4332,0.016921229656509884,0.46704047884246486,2026-07-07 14:15:05.402786,2026-07-07 14:15:17.685596,0 days 00:00:12.282810,23.273876371989203,41,COMPLETE
4333,0.02069490074259095,0.46628401672389497,2026-07-07 14:15:05.405298,2026-07-07 14:15:13.475726,0 days 00:00:08.070428,67.66847960011648,41,COMPLETE
4334,0.022289553160379616,0.4653631484675754,2026-07-07 14:15:05.575357,2026-07-07 14:15:13.483104,0 days 00:00:07.907747,2.1502932063018534,41,COMPLETE
4335,0.01704516308574966,0.46697914304063004,2026-07-07 14:15:05.582571,2026-07-07 14:15:17.677908,0 days 00:00:12.095337,49.97562740990711,41,COMPLETE
4336,0.010841144242556944,0.4676764260460571,2026-07-07 14:15:05.780589,2026-07-07 14:15:11.010487,0 days 00:00:05.229898,14.348270791894453,42,COMPLETE
4337,0.00900213921525983,0.4682822491240244,2026-07-07 14:15:05.954989,2026-07-07 14:15:15.127755,0 days 00:00:09.172766,9.682699456929882,42,COMPLETE
4338,0.009224483039721842,0.46790680143334373,2026-07-07 14:15:06.146105,2026-07-07 14:15:16.662313,0 days 00:00:10.516208,14.589583365933429,42,COMPLETE
4339,0.020268518210906417,0.466287573277938,2026-07-07 14:15:06.151664,2026-07-07 14:15:15.810713,0 days 00:00:09.659049,76.51450631786595,42,COMPLETE
4340,0.020603460892219205,0.4662165889497284,2026-07-07 14:15:06.157155,2026-07-07 14:15:19.068220,0 days 00:00:12.911065,72.96932069470596,42,COMPLETE
4341,0.015726949133136325,0.4671866762064199,2026-07-07 14:15:06.330771,2026-07-07 14:15:16.309495,0 days 00:00:09.978724,52.18978665417484,42,COMPLETE
4342,0.022244376191772275,0.4660158738313066,2026-07-07 14:15:06.979362,2026-07-07 14:15:18.744548,0 days 00:00:11.765186,69.31630484676474,42,COMPLETE
4343,0.013255949409795076,0.46759519375212155,2026-07-07 14:15:06.979902,2026-07-07 14:15:18.723378,0 days 00:00:11.743476,21.437166018237576,42,COMPLETE
4344,0.019091268173250242,0.46670216977312723,2026-07-07 14:15:06.987772,2026-07-07 14:15:15.492611,0 days 00:00:08.504839,58.87849733439083,42,COMPLETE
4345,0.01707226865708067,0.4671290869159249,2026-07-07 14:15:06.992624,2026-07-07 14:15:16.673254,0 days 00:00:09.680630,47.46151478926425,42,COMPLETE
4346,0.01999547884674996,0.46634599124790826,2026-07-07 14:15:06.996578,2026-07-07 14:15:11.216142,0 days 00:00:04.219564,54.23653754063832,42,COMPLETE
4347,0.020813925527565835,0.4661934376782243,2026-07-07 14:15:07.156472,2026-07-07 14:15:17.336409,0 days 00:00:10.179937,72.52264057237119,42,COMPLETE
4348,0.02073980868339048,0.4662286341728735,2026-07-07 14:15:07.159636,2026-07-07 14:15:17.506301,0 days 00:00:10.346665,71.20275710867936,42,COMPLETE
4349,0.01792472159030839,0.46676583227734436,2026-07-07 14:15:07.351064,2026-07-07 14:15:18.545511,0 days 00:00:11.194447,54.49949034005648,42,COMPLETE
4350,0.02507950858180935,0.4656839601950775,2026-07-07 14:15:07.357457,2026-07-07 14:15:12.345152,0 days 00:00:04.987695,97.48410482794807,42,COMPLETE
4351,0.020737545890372633,0.46622834019839626,2026-07-07 14:15:07.675170,2026-07-07 14:15:13.485420,0 days 00:00:05.810250,71.192643806062,42,COMPLETE
4352,0.02196032046556201,0.46603294829640757,2026-07-07 14:15:07.691351,2026-07-07 14:15:16.319844,0 days 00:00:08.628493,70.12806853740497,42,COMPLETE
4353,0.020190067613638563,0.46652038728433165,2026-07-07 14:15:08.171801,2026-07-07 14:15:16.309995,0 days 00:00:08.138194,62.394238498065974,42,COMPLETE
4354,0.016859033955452407,0.46702467761542366,2026-07-07 14:15:08.531284,2026-07-07 14:15:19.880537,0 days 00:00:11.349253,47.99696546239433,42,COMPLETE
4355,0.02533996102404812,0.46565106051212857,2026-07-07 14:15:08.550743,2026-07-07 14:15:21.450565,0 days 00:00:12.899822,96.27633029682035,42,COMPLETE
4356,0.024109665409186964,0.465781684948313,2026-07-07 14:15:08.559824,2026-07-07 14:15:16.667165,0 days 00:00:08.107341,88.2310750748549,42,COMPLETE
4357,0.015201412980583584,0.46725374137586906,2026-07-07 14:15:08.569720,2026-07-07 14:15:19.956928,0 days 00:00:11.387208,18.964683927202092,42,COMPLETE
4358,0.020102691725309207,0.46654227894694406,2026-07-07 14:15:08.573652,2026-07-07 14:15:18.560553,0 days 00:00:09.986901,62.43393975588077,42,COMPLETE
4359,0.016357319796071912,0.46697855763979845,2026-07-07 14:15:09.219527,2026-07-07 14:15:21.428955,0 days 00:00:12.209428,25.621683182023606,42,COMPLETE
4360,0.016844413920278356,0.46689772211968755,2026-07-07 14:15:09.380894,2026-07-07 14:15:21.845083,0 days 00:00:12.464189,44.1696272093996,42,COMPLETE
4361,0.01673071243014418,0.4671471335076569,2026-07-07 14:15:09.383979,2026-07-07 14:15:18.328237,0 days 00:00:08.944258,48.8059910243903,42,COMPLETE
4362,0.015352133338596807,0.4671280684218826,2026-07-07 14:15:09.386274,2026-07-07 14:15:18.384504,0 days 00:00:08.998230,30.488955859517205,42,COMPLETE
4363,0.008125543389038203,0.4684890806214578,2026-07-07 14:15:09.389004,2026-07-07 14:15:19.946501,0 days 00:00:10.557497,16.396925976352723,42,COMPLETE
4364,0.010342171066853312,0.4681088026415644,2026-07-07 14:15:09.546848,2026-07-07 14:15:18.351657,0 days 00:00:08.804809,18.070863429490146,42,COMPLETE
4365,0.013896673840881724,0.4671610177022967,2026-07-07 14:15:09.862087,2026-07-07 14:15:21.086019,0 days 00:00:11.223932,8.931731629895067,42,COMPLETE
4366,0.021191789784311466,0.4661887490144183,2026-07-07 14:15:09.864232,2026-07-07 14:15:21.505910,0 days 00:00:11.641678,68.02844931116027,42,COMPLETE
4367,0.020841884244227005,0.4661907970699717,2026-07-07 14:15:09.867206,2026-07-07 14:15:19.943009,0 days 00:00:10.075803,72.41828051997724,42,COMPLETE
4368,0.015416703286443512,0.46700642914557433,2026-07-07 14:15:09.870079,2026-07-07 14:15:19.071853,0 days 00:00:09.201774,27.551731271156637,42,COMPLETE
4369,0.024756349079228024,0.4657017016700054,2026-07-07 14:15:09.871882,2026-07-07 14:15:21.456669,0 days 00:00:11.584787,92.22714659163236,42,COMPLETE
4370,0.022091433004895134,0.4660761232542434,2026-07-07 14:15:09.875515,2026-07-07 14:15:21.510251,0 days 00:00:11.634736,81.24478920467932,42,COMPLETE
4371,0.019313890790163935,0.4664146816847499,2026-07-07 14:15:10.036367,2026-07-07 14:15:20.277713,0 days 00:00:10.241346,74.55149433684365,42,COMPLETE
4372,0.018977091239550326,0.4665921259254795,2026-07-07 14:15:10.356038,2026-07-07 14:15:18.372169,0 days 00:00:08.016131,40.51075454603078,42,COMPLETE
4373,0.0250002807495997,0.46569155678969604,2026-07-07 14:15:12.357530,2026-07-07 14:15:19.075837,0 days 00:00:06.718307,97.81697397930165,42,COMPLETE
4374,0.029019956435719252,0.4642121859466277,2026-07-07 14:15:12.903358,2026-07-07 14:15:21.481038,0 days 00:00:08.577680,1.6682599068787096,42,COMPLETE
4375,0.017070575095606444,0.4668839240711352,2026-07-07 14:15:12.908346,2026-07-07 14:15:24.125999,0 days 00:00:11.217653,38.32192512634832,42,COMPLETE
4376,0.011406534066558394,0.467973087380542,2026-07-07 14:15:12.915439,2026-07-07 14:15:21.853021,0 days 00:00:08.937582,5.789675681777825,42,COMPLETE
4377,0.004065525804116399,0.47005166382101715,2026-07-07 14:15:13.110806,2026-07-07 14:15:21.430236,0 days 00:00:08.319430,5.5799903944953755,42,COMPLETE
4378,0.0211981402082273,0.4661919678953552,2026-07-07 14:15:13.115584,2026-07-07 14:15:25.006606,0 days 00:00:11.891022,66.13944346129469,42,COMPLETE
4379,0.014526106672805905,0.46732513941459186,2026-07-07 14:15:13.298100,2026-07-07 14:15:23.476645,0 days 00:00:10.178545,32.61116341953602,42,COMPLETE
4380,0.024381240021763617,0.465767580956565,2026-07-07 14:15:13.480625,2026-07-07 14:15:24.774734,0 days 00:00:11.294109,99.8879328379634,42,COMPLETE
4381,0.01980975362386489,0.46645358466676246,2026-07-07 14:15:13.490540,2026-07-07 14:15:18.385222,0 days 00:00:04.894682,53.67470832771914,42,COMPLETE
4382,0.01883038779374513,0.4665649344640371,2026-07-07 14:15:13.492747,2026-07-07 14:15:21.485796,0 days 00:00:07.993049,39.92553929267008,42,COMPLETE
4383,0.018710829588861444,0.4666981290413375,2026-07-07 14:15:13.494381,2026-07-07 14:15:21.513675,0 days 00:00:08.019294,40.56438029812942,42,COMPLETE
4384,0.022035590739519995,0.466125289891426,2026-07-07 14:15:13.497613,2026-07-07 14:15:26.194931,0 days 00:00:12.697318,64.2361663131287,42,COMPLETE
4385,0.011518513429366106,0.46791689233468464,2026-07-07 14:15:13.498909,2026-07-07 14:15:19.888184,0 days 00:00:06.389275,19.787689210373898,42,COMPLETE
4386,0.025260462595696254,0.46566290073656,2026-07-07 14:15:13.654409,2026-07-07 14:15:25.535882,0 days 00:00:11.881473,94.3650807258335,42,COMPLETE
4387,0.018067130114730212,0.4667261761930555,2026-07-07 14:15:13.660155,2026-07-07 14:15:23.485244,0 days 00:00:09.825089,54.35795421810403,42,COMPLETE
4388,0.01617162789441673,0.4669991551218243,2026-07-07 14:15:13.822839,2026-07-07 14:15:21.433523,0 days 00:00:07.610684,45.257135396438066,42,COMPLETE
4389,0.012926301300169307,0.4676592020617035,2026-07-07 14:15:13.825511,2026-07-07 14:15:19.396444,0 days 00:00:05.570933,20.156722951841697,42,COMPLETE
4390,0.020798705394446226,0.4662576466001091,2026-07-07 14:15:13.982228,2026-07-07 14:15:21.844045,0 days 00:00:07.861817,76.98048832093242,42,COMPLETE
4391,0.009370870296093348,0.468043153430491,2026-07-07 14:15:13.982397,2026-07-07 14:15:25.538374,0 days 00:00:11.555977,12.543955613899886,42,COMPLETE
4392,0.01623064785765349,0.4670901552367036,2026-07-07 14:15:13.987373,2026-07-07 14:15:25.532090,0 days 00:00:11.544717,39.64870840866982,42,COMPLETE
4393,0.013985542811286555,0.46733356940839277,2026-07-07 14:15:13.992093,2026-07-07 14:15:24.827768,0 days 00:00:10.835675,28.43944658676607,42,COMPLETE
4394,0.013519546916817282,0.4672511364534732,2026-07-07 14:15:13.993401,2026-07-07 14:15:23.320377,0 days 00:00:09.326976,17.370139308511735,42,COMPLETE
4395,0.023474252468917822,0.46591683953423835,2026-07-07 14:15:14.148856,2026-07-07 14:15:24.787628,0 days 00:00:10.638772,86.56504971412603,42,COMPLETE
4396,0.025403624358012022,0.4656447545515935,2026-07-07 14:15:14.151315,2026-07-07 14:15:25.541569,0 days 00:00:11.390254,95.84473043955023,42,COMPLETE
4397,0.021765366101132277,0.46610489039633624,2026-07-07 14:15:14.627085,2026-07-07 14:15:25.503963,0 days 00:00:10.876878,68.60380906371839,42,COMPLETE
4398,0.010297347647771127,0.4680205065161385,2026-07-07 14:15:14.954217,2026-07-07 14:15:25.873951,0 days 00:00:10.919734,15.937224017968331,42,COMPLETE
4399,0.018349428839252557,0.46682879047934633,2026-07-07 14:15:15.128406,2026-07-07 14:15:25.526081,0 days 00:00:10.397675,43.72802723998861,42,COMPLETE
4400,0.01579905448795732,0.46678767995130477,2026-07-07 14:15:15.812253,2026-07-07 14:15:21.846954,0 days 00:00:06.034701,3.0520161385056968,42,COMPLETE
4401,0.018452332366894253,0.46678938721607316,2026-07-07 14:15:16.127810,2026-07-07 14:15:27.251297,0 days 00:00:11.123487,49.23442892017366,42,COMPLETE
4402,0.015694212060366808,0.4673478507855203,2026-07-07 14:15:17.687411,2026-07-07 14:15:26.386747,0 days 00:00:08.699336,24.86712186732706,42,COMPLETE
4403,0.01856453524114271,0.4667457278516813,2026-07-07 14:15:17.693481,2026-07-07 14:15:25.872097,0 days 00:00:08.178616,49.60871368268303,42,COMPLETE
4404,0.01960407452624119,0.4663517061449598,2026-07-07 14:15:18.548700,2026-07-07 14:15:25.503133,0 days 00:00:06.954433,75.14246688753524,42,COMPLETE
4405,0.014449626768854307,0.46724723543329383,2026-07-07 14:15:18.553773,2026-07-07 14:15:30.959792,0 days 00:00:12.406019,33.458464968041,42,COMPLETE
4406,0.020619209712268105,0.4662709653280044,2026-07-07 14:15:18.718846,2026-07-07 14:15:32.851698,0 days 00:00:14.132852,66.50899948954971,42,COMPLETE
4407,0.015317515999349551,0.46723042446711194,2026-07-07 14:15:19.080738,2026-07-07 14:15:28.722937,0 days 00:00:09.642199,51.88927704426984,42,COMPLETE
4408,0.015177722402969995,0.46723387527781796,2026-07-07 14:15:19.551708,2026-07-07 14:15:30.424802,0 days 00:00:10.873094,28.832352727603112,42,COMPLETE
4409,0.021988644530077817,0.4660608772920628,2026-07-07 14:15:19.711447,2026-07-07 14:15:28.721987,0 days 00:00:09.010540,68.79292173929954,42,COMPLETE
4410,0.005836613858105522,0.4691483950448828,2026-07-07 14:15:19.717300,2026-07-07 14:15:29.743749,0 days 00:00:10.026449,34.4428210571527,42,COMPLETE
4411,0.02297557715855192,0.46600052748925275,2026-07-07 14:15:19.718490,2026-07-07 14:15:26.919169,0 days 00:00:07.200679,84.38769740295325,42,COMPLETE
4412,0.016562553427022897,0.4669706760930478,2026-07-07 14:15:19.879220,2026-07-07 14:15:30.778257,0 days 00:00:10.899037,36.86624378377177,42,COMPLETE
4413,0.021418566906454106,0.4661545688007684,2026-07-07 14:15:19.882920,2026-07-07 14:15:26.928407,0 days 00:00:07.045487,79.65433121786758,42,COMPLETE
4414,0.022477510680959656,0.4660302408253831,2026-07-07 14:15:19.906631,2026-07-07 14:15:30.431021,0 days 00:00:10.524390,81.97748719809549,42,COMPLETE
4415,0.01738868045790748,0.46691808035180327,2026-07-07 14:15:19.914185,2026-07-07 14:15:30.958161,0 days 00:00:11.043976,47.25975196464905,42,COMPLETE
4416,0.009133136243764328,0.4682428329224574,2026-07-07 14:15:19.914895,2026-07-07 14:15:27.247374,0 days 00:00:07.332479,13.575710241694633,42,COMPLETE
4417,0.02070485021134183,0.46629358450415254,2026-07-07 14:15:19.933075,2026-07-07 14:15:25.333526,0 days 00:00:05.400451,56.00783920292047,42,COMPLETE
4418,0.0201343182740919,0.46630299208067066,2026-07-07 14:15:19.933362,2026-07-07 14:15:25.326900,0 days 00:00:05.393538,73.93568793008903,42,COMPLETE
4419,0.01121534806053437,0.46749711293848206,2026-07-07 14:15:19.947274,2026-07-07 14:15:30.261843,0 days 00:00:10.314569,18.09367570189654,42,COMPLETE
4420,0.016579394370717815,0.4670200641560848,2026-07-07 14:15:19.958414,2026-07-07 14:15:26.928121,0 days 00:00:06.969707,44.81239984463057,42,COMPLETE
4421,0.022256963219052905,0.4660552659330436,2026-07-07 14:15:19.962369,2026-07-07 14:15:32.278532,0 days 00:00:12.316163,81.5666044093015,42,COMPLETE
4422,0.019969524728428167,0.46659039061033497,2026-07-07 14:15:20.276251,2026-07-07 14:15:30.422449,0 days 00:00:10.146198,62.63260714727881,42,COMPLETE
4423,0.023218129739325744,0.4659738454013875,2026-07-07 14:15:20.587401,2026-07-07 14:15:30.616452,0 days 00:00:10.029051,85.57639681884069,42,COMPLETE
4424,0.024481767185676406,0.4657566480321036,2026-07-07 14:15:20.898429,2026-07-07 14:15:31.300424,0 days 00:00:10.401995,99.14264490265172,42,COMPLETE
4425,0.09685956112304706,0.454447017906516,2026-07-07 14:15:20.916118,2026-07-07 14:15:27.421071,0 days 00:00:06.504953,0.5630002778390469,42,COMPLETE
4426,0.02163096920865043,0.46611007878150446,2026-07-07 14:15:21.265352,2026-07-07 14:15:29.749027,0 days 00:00:08.483675,79.3013417232965,42,COMPLETE
4427,0.022319441813280994,0.46597006044602657,2026-07-07 14:15:21.429919,2026-07-07 14:15:32.105753,0 days 00:00:10.675834,69.84724343911495,42,COMPLETE
4428,0.01662774894297836,0.4669493932890407,2026-07-07 14:15:21.495336,2026-07-07 14:15:32.821040,0 days 00:00:11.325704,53.00159582308019,42,COMPLETE
4429,0.020919507542414673,0.46624416569237703,2026-07-07 14:15:21.510426,2026-07-07 14:15:26.036728,0 days 00:00:04.526302,77.06556339009788,42,COMPLETE
4430,0.01421438004886788,0.46759949410432144,2026-07-07 14:15:21.670748,2026-07-07 14:15:26.381658,0 days 00:00:04.710910,35.87128450754803,42,COMPLETE
4431,0.02475766713089622,0.46570185772831607,2026-07-07 14:15:21.672875,2026-07-07 14:15:32.805957,0 days 00:00:11.133082,92.2381620582149,42,COMPLETE
4432,0.020335234132624946,0.4662754102447437,2026-07-07 14:15:21.836329,2026-07-07 14:15:32.869650,0 days 00:00:11.033321,55.5787877835012,42,COMPLETE
4433,0.02222618798516418,0.46602568489706675,2026-07-07 14:15:21.845808,2026-07-07 14:15:31.117276,0 days 00:00:09.271468,65.1716994933317,42,COMPLETE
4434,0.027632881985956093,0.4641279168973059,2026-07-07 14:15:21.855000,2026-07-07 14:15:34.041653,0 days 00:00:12.186653,1.0321698083053936,42,COMPLETE
4435,0.014084253743397723,0.4674387000967963,2026-07-07 14:15:21.855162,2026-07-07 14:15:34.058465,0 days 00:00:12.203303,26.360964879688975,42,COMPLETE
4436,0.019131015462800327,0.4664577024368819,2026-07-07 14:15:22.014095,2026-07-07 14:15:32.864030,0 days 00:00:10.849935,57.81425237015478,42,COMPLETE
4437,0.020562151777383686,0.4662472184485476,2026-07-07 14:15:22.015432,2026-07-07 14:15:33.237929,0 days 00:00:11.222497,71.95066082255592,42,COMPLETE
4438,0.005046817644187851,0.4690504590010377,2026-07-07 14:15:22.015991,2026-07-07 14:15:34.707150,0 days 00:00:12.691159,12.026735211834321,42,COMPLETE
4439,0.017081739375529037,0.4669735675081171,2026-07-07 14:15:22.173004,2026-07-07 14:15:32.600353,0 days 00:00:10.427349,49.99707995732141,42,COMPLETE
4440,0.017512423503335095,0.4669459197466496,2026-07-07 14:15:22.328843,2026-07-07 14:15:34.044654,0 days 00:00:11.715811,50.53255646424727,42,COMPLETE
4441,0.01775209854888926,0.4665667929535545,2026-07-07 14:15:22.330421,2026-07-07 14:15:35.960696,0 days 00:00:13.630275,2.8617234161889566,42,COMPLETE
4442,0.01299215758369604,0.4679180231030755,2026-07-07 14:15:22.330640,2026-07-07 14:15:32.862506,0 days 00:00:10.531866,22.06338917830638,42,COMPLETE
4443,0.01539222659109507,0.4671790752410565,2026-07-07 14:15:22.333805,2026-07-07 14:15:35.980523,0 days 00:00:13.646718,39.84587209748818,42,COMPLETE
4444,0.010431804874128814,0.46809140495349516,2026-07-07 14:15:22.959594,2026-07-07 14:15:33.046596,0 days 00:00:10.087002,5.748071072611445,42,COMPLETE
4445,0.01695683053942837,0.4667430114588408,2026-07-07 14:15:22.962808,2026-07-07 14:15:32.884687,0 days 00:00:09.921879,26.28186445261176,42,COMPLETE
4446,0.023921709185549977,0.4658308760315401,2026-07-07 14:15:22.970347,2026-07-07 14:15:34.051772,0 days 00:00:11.081425,87.80248742340645,42,COMPLETE
4447,0.01417755273328919,0.46718402277089105,2026-07-07 14:15:22.982954,2026-07-07 14:15:26.555410,0 days 00:00:03.572456,6.756989731804782,42,COMPLETE
4448,0.012136599510414181,0.4674842900729144,2026-07-07 14:15:22.985500,2026-07-07 14:15:34.055694,0 days 00:00:11.070194,9.175234094016686,42,COMPLETE
4449,0.023196661002718943,0.46597735176654737,2026-07-07 14:15:24.821368,2026-07-07 14:15:35.943505,0 days 00:00:11.122137,85.47492102013611,43,COMPLETE
4450,0.019881309042715012,0.46656695248626656,2026-07-07 14:15:24.821615,2026-07-07 14:15:38.126498,0 days 00:00:13.304883,62.265318386564886,43,COMPLETE
4451,0.013964091249345223,0.4674209542871407,2026-07-07 14:15:24.992101,2026-07-07 14:15:35.952614,0 days 00:00:10.960513,18.810506356105662,43,COMPLETE
4452,0.028554786087097994,0.46428878089019954,2026-07-07 14:15:25.169977,2026-07-07 14:15:35.979616,0 days 00:00:10.809639,1.657078222796071,43,COMPLETE
4453,0.020526260981545585,0.4662597357712771,2026-07-07 14:15:25.861615,2026-07-07 14:15:32.277588,0 days 00:00:06.415973,71.7320005694958,43,COMPLETE
4454,0.018346036928024,0.46675682173336636,2026-07-07 14:15:25.876492,2026-07-07 14:15:38.178409,0 days 00:00:12.301917,49.81160710944877,43,COMPLETE
4455,0.02034847253014388,0.4662604265909616,2026-07-07 14:15:26.036121,2026-07-07 14:15:36.322021,0 days 00:00:10.285900,73.68164090365595,43,COMPLETE
4456,0.020268895382034302,0.4663079316452485,2026-07-07 14:15:26.212383,2026-07-07 14:15:35.973307,0 days 00:00:09.760924,77.39206757699796,43,COMPLETE
4457,0.008229839059984811,0.4684518048351566,2026-07-07 14:15:26.213025,2026-07-07 14:15:38.166794,0 days 00:00:11.953769,12.357609205192093,43,COMPLETE
4458,0.025181485770921275,0.46567100239224124,2026-07-07 14:15:26.370781,2026-07-07 14:15:36.797689,0 days 00:00:10.426908,94.0143511612945,43,COMPLETE
4459,0.024951294656260614,0.46569397181984307,2026-07-07 14:15:26.387806,2026-07-07 14:15:36.140041,0 days 00:00:09.752235,92.98813385011718,43,COMPLETE
4460,0.021630022389188208,0.46613192541088383,2026-07-07 14:15:26.551352,2026-07-07 14:15:39.866711,0 days 00:00:13.315359,80.35443572235668,43,COMPLETE
4461,0.022975653087071557,0.4660005645692366,2026-07-07 14:15:26.571375,2026-07-07 14:15:32.101604,0 days 00:00:05.530229,84.38934187236597,43,COMPLETE
4462,0.01846401081251703,0.46677589593160274,2026-07-07 14:15:26.919393,2026-07-07 14:15:41.754914,0 days 00:00:14.835521,44.62234097081518,43,COMPLETE
4463,0.007373097433617359,0.46869966077148634,2026-07-07 14:15:26.928593,2026-07-07 14:15:35.958296,0 days 00:00:09.029703,9.559905887529398,43,COMPLETE
4464,0.021412382250004747,0.46615591409433016,2026-07-07 14:15:26.933187,2026-07-07 14:15:35.738843,0 days 00:00:08.805656,79.68304517010446,43,COMPLETE
4465,0.007552108883920938,0.46846003799903463,2026-07-07 14:15:27.247523,2026-07-07 14:15:36.327203,0 days 00:00:09.079680,11.17823983365551,43,COMPLETE
4466,0.02154650659710272,0.46624496849535796,2026-07-07 14:15:27.256218,2026-07-07 14:15:35.955785,0 days 00:00:08.699567,64.01789098578503,43,COMPLETE
4467,0.012880232895557342,0.46792208214448505,2026-07-07 14:15:27.582646,2026-07-07 14:15:32.868110,0 days 00:00:05.285464,20.985821550155542,43,COMPLETE
4468,0.023441190244118115,0.4659251533357777,2026-07-07 14:15:27.737624,2026-07-07 14:15:38.531099,0 days 00:00:10.793475,86.44982279487786,43,COMPLETE
4469,0.019699702028157684,0.4663703447743632,2026-07-07 14:15:28.395200,2026-07-07 14:15:38.356592,0 days 00:00:09.961392,74.29977436845682,43,COMPLETE
4470,0.015469034361139389,0.4671730426975008,2026-07-07 14:15:28.553662,2026-07-07 14:15:38.357471,0 days 00:00:09.803809,53.16580469774172,43,COMPLETE
4471,0.024875978530453424,0.465700826205052,2026-07-07 14:15:28.557450,2026-07-07 14:15:35.969637,0 days 00:00:07.412187,92.76980148206155,43,COMPLETE
4472,0.016100386716474846,0.46687278041012537,2026-07-07 14:15:28.715626,2026-07-07 14:15:38.699548,0 days 00:00:09.983922,5.484877629428281,43,COMPLETE
4473,0.01722496482665592,0.46683801779168693,2026-07-07 14:15:28.725829,2026-07-07 14:15:35.971804,0 days 00:00:07.245975,37.46475052639414,43,COMPLETE
4474,0.01573983080067881,0.46717113888234296,2026-07-07 14:15:28.729687,2026-07-07 14:15:43.053695,0 days 00:00:14.324008,36.33875402969623,43,COMPLETE
4475,0.015420036911809154,0.46724363105514,2026-07-07 14:15:28.737229,2026-07-07 14:15:38.365165,0 days 00:00:09.627936,24.852733028778335,43,COMPLETE
4476,0.020200191706368387,0.4664098409081143,2026-07-07 14:15:28.737410,2026-07-07 14:15:41.251630,0 days 00:00:12.514220,61.64800568674713,43,COMPLETE
4477,0.013744735176473455,0.467501436424187,2026-07-07 14:15:28.900112,2026-07-07 14:15:38.860598,0 days 00:00:09.960486,15.433184564493176,43,COMPLETE
4478,0.010879783938689547,0.46790819086598195,2026-07-07 14:15:29.568735,2026-07-07 14:15:40.761320,0 days 00:00:11.192585,19.038609460941345,43,COMPLETE
4479,0.021391341617018778,0.4662908362695243,2026-07-07 14:15:29.761510,2026-07-07 14:15:38.363904,0 days 00:00:08.602394,63.926617862401955,43,COMPLETE
4480,0.022083350222949938,0.46611444710566086,2026-07-07 14:15:30.939824,2026-07-07 14:15:40.920953,0 days 00:00:09.981129,64.2583865705703,43,COMPLETE
4481,0.025339923803415543,0.4656535416535025,2026-07-07 14:15:30.955099,2026-07-07 14:15:38.525525,0 days 00:00:07.570426,94.73073582461397,43,COMPLETE
4482,0.009676355425032979,0.4681682073640022,2026-07-07 14:15:31.119446,2026-07-07 14:15:36.797086,0 days 00:00:05.677640,16.298214621162497,43,COMPLETE
4483,0.013995489118326598,0.46728690849553944,2026-07-07 14:15:31.295469,2026-07-07 14:15:41.416719,0 days 00:00:10.121250,3.451393445934548,43,COMPLETE
4484,0.015034450264736154,0.4671069881267261,2026-07-07 14:15:31.302364,2026-07-07 14:15:36.310770,0 days 00:00:05.008406,26.61405223700906,43,COMPLETE
4485,0.01933446894089136,0.4665293335089833,2026-07-07 14:15:31.784912,2026-07-07 14:15:38.703099,0 days 00:00:06.918187,58.308462617167855,43,COMPLETE
4486,0.013122535700873128,0.46752652608878825,2026-07-07 14:15:32.277981,2026-07-07 14:15:39.890636,0 days 00:00:07.612655,15.644464864706185,43,COMPLETE
4487,0.017766836788103035,0.4667384815199037,2026-07-07 14:15:32.442070,2026-07-07 14:15:34.223482,0 days 00:00:01.781412,38.473123021655205,43,COMPLETE
4488,0.021627661366102835,0.46613222209769367,2026-07-07 14:15:32.795209,2026-07-07 14:15:41.080510,0 days 00:00:08.285301,80.35001368240026,43,COMPLETE
4489,0.021906424018705017,0.4660765309743214,2026-07-07 14:15:32.796643,2026-07-07 14:15:41.757237,0 days 00:00:08.960594,68.71951448531738,43,COMPLETE
4490,0.018333927391548932,0.4666467785766516,2026-07-07 14:15:32.843513,2026-07-07 14:15:36.315669,0 days 00:00:03.472156,50.79326098082107,43,COMPLETE
4491,0.008694176738408999,0.46822672648693103,2026-07-07 14:15:32.848584,2026-07-07 14:15:41.085698,0 days 00:00:08.237114,13.5539970593491,43,COMPLETE
4492,0.013248781087816852,0.46737532035936014,2026-07-07 14:15:32.851904,2026-07-07 14:15:42.084525,0 days 00:00:09.232621,9.950820835037451,43,COMPLETE
4493,0.02760498849235754,0.4642886661715616,2026-07-07 14:15:32.878843,2026-07-07 14:15:39.325700,0 days 00:00:06.446857,1.7595730385156483,43,COMPLETE
4494,0.01705724735309444,0.46686308426768675,2026-07-07 14:15:32.885599,2026-07-07 14:15:43.544197,0 days 00:00:10.658598,26.89401446455164,43,COMPLETE
4495,0.01596721327956696,0.46707604653271645,2026-07-07 14:15:33.240017,2026-07-07 14:15:40.737426,0 days 00:00:07.497409,53.104546107984056,43,COMPLETE
4496,0.009676606724770831,0.46821896751595754,2026-07-07 14:15:34.051932,2026-07-07 14:15:44.936121,0 days 00:00:10.884189,16.02891736166925,43,COMPLETE
4497,0.025386736308140256,0.46564621351116686,2026-07-07 14:15:34.052144,2026-07-07 14:15:44.910335,0 days 00:00:10.858191,95.99805856705748,43,COMPLETE
4498,0.018516331689954035,0.46665993037049647,2026-07-07 14:15:34.058653,2026-07-07 14:15:44.250208,0 days 00:00:10.191555,44.58442084168234,43,COMPLETE
4499,0.005929936642951439,0.4689072928451184,2026-07-07 14:15:34.544740,2026-07-07 14:15:40.381491,0 days 00:00:05.836751,10.844661189520252,43,COMPLETE
4500,0.02070189032457076,0.4664619384825213,2026-07-07 14:15:34.704497,2026-07-07 14:15:41.745233,0 days 00:00:07.040736,63.0441866236512,43,COMPLETE
4501,0.0170092690126305,0.4671021787036408,2026-07-07 14:15:35.017130,2026-07-07 14:15:44.967053,0 days 00:00:09.949923,43.195493689118024,43,COMPLETE
4502,0.02483462482155646,0.46570319479171035,2026-07-07 14:15:35.024830,2026-07-07 14:15:44.247694,0 days 00:00:09.222864,92.63573375663753,43,COMPLETE
4503,0.016761168607989485,0.4669664523976169,2026-07-07 14:15:35.027766,2026-07-07 14:15:46.133924,0 days 00:00:11.106158,46.86682989503242,43,COMPLETE
4504,0.01783475010348745,0.46662630795733245,2026-07-07 14:15:35.036821,2026-07-07 14:15:41.255724,0 days 00:00:06.218903,34.25743407691917,43,COMPLETE
4505,0.020755453646608857,0.46622866587106304,2026-07-07 14:15:35.039755,2026-07-07 14:15:48.058790,0 days 00:00:13.019035,71.23777785751126,43,COMPLETE
4506,0.023887610990345864,0.4658390436401603,2026-07-07 14:15:35.739182,2026-07-07 14:15:46.176488,0 days 00:00:10.437306,87.74239003510955,43,COMPLETE
4507,0.023032637573639103,0.4660002565711272,2026-07-07 14:15:35.742703,2026-07-07 14:15:43.548486,0 days 00:00:07.805783,84.77593651588076,43,COMPLETE
4508,0.01717181744485291,0.46691567298165115,2026-07-07 14:15:35.746324,2026-07-07 14:15:46.142911,0 days 00:00:10.396587,47.935601853518826,43,COMPLETE
4509,0.022289584314673205,0.4659753647701683,2026-07-07 14:15:35.750695,2026-07-07 14:15:46.697461,0 days 00:00:10.946766,69.88674614599347,43,COMPLETE
4510,0.014338984154009249,0.46730358443521336,2026-07-07 14:15:35.752479,2026-07-07 14:15:44.269486,0 days 00:00:08.517007,30.409967573969976,43,COMPLETE
4511,0.01690006529481225,0.46686198457853667,2026-07-07 14:15:35.758773,2026-07-07 14:15:46.169455,0 days 00:00:10.410682,23.789699336568482,43,COMPLETE
4512,0.01630772532393976,0.4670256960952596,2026-07-07 14:15:35.777048,2026-07-07 14:15:46.172244,0 days 00:00:10.395196,43.10584313722136,43,COMPLETE
4513,0.018124805954440548,0.46618496274457866,2026-07-07 14:15:35.953131,2026-07-07 14:15:44.964258,0 days 00:00:09.011127,2.65985452774699,43,COMPLETE
4514,0.011463405085462508,0.46793725211079007,2026-07-07 14:15:35.958949,2026-07-07 14:15:44.925401,0 days 00:00:08.966452,16.353383843386162,43,COMPLETE
4515,0.016896535082174424,0.4669164242286427,2026-07-07 14:15:36.299392,2026-07-07 14:15:48.048684,0 days 00:00:11.749292,37.38278259299119,43,COMPLETE
4516,0.01894089338223104,0.4666915727501572,2026-07-07 14:15:36.798522,2026-07-07 14:15:45.451955,0 days 00:00:08.653433,58.75045210301773,43,COMPLETE
4517,0.021219122639769716,0.46617236569315285,2026-07-07 14:15:36.804714,2026-07-07 14:15:46.874040,0 days 00:00:10.069326,78.40849218572903,43,COMPLETE
4518,0.01941307275809817,0.46649457635205727,2026-07-07 14:15:36.962929,2026-07-07 14:15:43.738087,0 days 00:00:06.775158,58.233863596486565,43,COMPLETE
4519,0.01613872038400177,0.4669450680399708,2026-07-07 14:15:36.965073,2026-07-07 14:15:45.465578,0 days 00:00:08.500505,30.142975674755426,43,COMPLETE
4520,0.007036028822764884,0.4686639841029012,2026-07-07 14:15:36.967071,2026-07-07 14:15:48.078008,0 days 00:00:11.110937,9.94767783383793,43,COMPLETE
4521,0.024110729673721354,0.4657813927259475,2026-07-07 14:15:36.968598,2026-07-07 14:15:50.032844,0 days 00:00:13.064246,88.23487699755798,43,COMPLETE
4522,0.021080967381216897,0.4662299407988267,2026-07-07 14:15:37.129501,2026-07-07 14:15:50.745823,0 days 00:00:13.616322,77.71286515409223,43,COMPLETE
4523,0.02414672419072106,0.4657454587678597,2026-07-07 14:15:37.131620,2026-07-07 14:15:46.686615,0 days 00:00:09.554995,90.41827941445814,43,COMPLETE
4524,0.022128899883860853,0.46607137983151736,2026-07-07 14:15:37.132188,2026-07-07 14:15:46.342887,0 days 00:00:09.210699,81.31767008343543,43,COMPLETE
4525,0.018931683112863307,0.4666764492540235,2026-07-07 14:15:37.290415,2026-07-07 14:15:46.342257,0 days 00:00:09.051842,58.62834241007421,43,COMPLETE
4526,0.01847558892311807,0.4668109332124786,2026-07-07 14:15:37.769828,2026-07-07 14:15:48.070169,0 days 00:00:10.300341,43.68592079174495,43,COMPLETE
4527,0.020493586180904078,0.4659134126067742,2026-07-07 14:15:38.108453,2026-07-07 14:15:46.888877,0 days 00:00:08.780424,2.2540919495678655,43,COMPLETE
4528,0.01990825421083614,0.4665992003830853,2026-07-07 14:15:38.137269,2026-07-07 14:15:46.338235,0 days 00:00:08.200966,62.602241940854675,43,COMPLETE
4529,0.020453314518003307,0.46624529650167196,2026-07-07 14:15:38.146084,2026-07-07 14:15:46.877754,0 days 00:00:08.731670,73.47588568046537,43,COMPLETE
4530,0.0351680850240495,0.4628892951060413,2026-07-07 14:15:38.525395,2026-07-07 14:15:44.254878,0 days 00:00:05.729483,1.0938161921502085,43,COMPLETE
4531,0.024140976228763156,0.46577287118259997,2026-07-07 14:15:38.699373,2026-07-07 14:15:50.252633,0 days 00:00:11.553260,88.36218241358645,43,COMPLETE
4532,0.014485736652496639,0.46742246447244984,2026-07-07 14:15:39.324239,2026-07-07 14:15:50.011386,0 days 00:00:10.687147,4.250814502697509,43,COMPLETE
4533,0.011081409471112413,0.46793148651192396,2026-07-07 14:15:39.332968,2026-07-07 14:15:44.931713,0 days 00:00:05.598745,13.83355551839667,43,COMPLETE
4534,0.02000956756773342,0.46632699281222245,2026-07-07 14:15:39.337665,2026-07-07 14:15:47.705640,0 days 00:00:08.367975,74.0517831977953,43,COMPLETE
4535,0.00889110177643987,0.46826722273674515,2026-07-07 14:15:39.820999,2026-07-07 14:15:43.766748,0 days 00:00:03.945749,31.478996433368753,43,COMPLETE
4536,0.023987786464622574,0.4658143352737056,2026-07-07 14:15:39.825836,2026-07-07 14:15:50.580982,0 days 00:00:10.755146,87.93634408924784,43,COMPLETE
4537,0.020350450033933265,0.4662600986888194,2026-07-07 14:15:39.830481,2026-07-07 14:15:53.544706,0 days 00:00:13.714225,73.67692882593344,43,COMPLETE
4538,0.016130628446160533,0.4670975964000663,2026-07-07 14:15:39.834854,2026-07-07 14:15:44.745541,0 days 00:00:04.910687,26.56218893740743,43,COMPLETE
4539,0.02207730374544853,0.46604618739146586,2026-07-07 14:15:39.842048,2026-07-07 14:15:45.649125,0 days 00:00:05.807077,68.94033838500468,43,COMPLETE
4540,0.020684010450632673,0.4662667950568843,2026-07-07 14:15:39.847995,2026-07-07 14:15:41.086277,0 days 00:00:01.238282,67.27454969052631,43,COMPLETE
4541,0.02150999251027569,0.4661046787883708,2026-07-07 14:15:39.862217,2026-07-07 14:15:50.573429,0 days 00:00:10.711212,78.8903112639509,43,COMPLETE
4542,0.024171801921551717,0.46576324796685664,2026-07-07 14:15:39.866428,2026-07-07 14:15:48.066596,0 days 00:00:08.200168,88.57353075706342,43,COMPLETE
4543,0.02073924070095523,0.46622857473536267,2026-07-07 14:15:39.872181,2026-07-07 14:15:50.580459,0 days 00:00:10.708278,71.2003528798729,43,COMPLETE
4544,0.013020011811948562,0.46761449796930565,2026-07-07 14:15:39.878376,2026-07-07 14:15:50.587494,0 days 00:00:10.709118,37.89101281955519,43,COMPLETE
4545,0.02157462431339585,0.46609928251895055,2026-07-07 14:15:40.720366,2026-07-07 14:15:48.856717,0 days 00:00:08.136351,79.02702237934197,43,COMPLETE
4546,0.008249095769402304,0.4687475930831693,2026-07-07 14:15:40.753912,2026-07-07 14:15:50.022719,0 days 00:00:09.268807,34.50661052924015,43,COMPLETE
4547,0.017462856693200912,0.4665475810546166,2026-07-07 14:15:41.415815,2026-07-07 14:15:50.578220,0 days 00:00:09.162405,2.8681479519687167,43,COMPLETE
4548,0.0214108395781214,0.4661562791300797,2026-07-07 14:15:41.762373,2026-07-07 14:15:52.044049,0 days 00:00:10.281676,79.69310732376148,43,COMPLETE
4549,0.009205888470452506,0.46846385824630177,2026-07-07 14:15:41.765348,2026-07-07 14:15:50.049633,0 days 00:00:08.284285,17.517022114244725,43,COMPLETE
4550,0.02389838181170545,0.46583647689482416,2026-07-07 14:15:42.242150,2026-07-07 14:15:56.147477,0 days 00:00:13.905327,87.76062593775845,43,COMPLETE
4551,0.015604492589100516,0.4672232071824286,2026-07-07 14:15:42.245153,2026-07-07 14:15:54.587513,0 days 00:00:12.342360,45.484604527559526,43,COMPLETE
4552,0.021791757884978613,0.4660619579926818,2026-07-07 14:15:42.402220,2026-07-07 14:15:50.039192,0 days 00:00:07.636972,70.21139984085086,43,COMPLETE
4553,0.025359449058349248,0.4656511117241449,2026-07-07 14:15:42.561038,2026-07-07 14:15:55.101955,0 days 00:00:12.540917,94.83376816902293,43,COMPLETE
4554,0.02524702623117825,0.4656616839673183,2026-07-07 14:15:42.563747,2026-07-07 14:15:54.746455,0 days 00:00:12.182708,96.67255800294205,43,COMPLETE
4555,0.020623738677348902,0.46621539684459834,2026-07-07 14:15:42.723262,2026-07-07 14:15:54.750592,0 days 00:00:12.027330,72.94026260610944,43,COMPLETE
4556,0.02328726095152739,0.4659646837997687,2026-07-07 14:15:42.885377,2026-07-07 14:15:55.266550,0 days 00:00:12.381173,85.8720364624882,43,COMPLETE
4557,0.016107959111648085,0.4667099386964309,2026-07-07 14:15:43.216327,2026-07-07 14:15:55.101305,0 days 00:00:11.884978,2.7258086228038785,44,COMPLETE
4558,0.019701504381928026,0.4663289181866246,2026-07-07 14:15:43.216694,2026-07-07 14:15:54.577592,0 days 00:00:11.360898,75.29200705323463,44,COMPLETE
4559,0.02533184732724697,0.46565195225356637,2026-07-07 14:15:43.377992,2026-07-07 14:15:50.251289,0 days 00:00:06.873297,96.31587761446467,44,COMPLETE
4560,0.01310229627548054,0.4675250833151971,2026-07-07 14:15:43.758599,2026-07-07 14:15:55.812635,0 days 00:00:12.054036,33.41875101431043,44,COMPLETE
4561,0.016795190798947923,0.4669790285430687,2026-07-07 14:15:44.262335,2026-07-07 14:15:54.579546,0 days 00:00:10.317211,26.19919587588281,44,COMPLETE
4562,0.02267749172971173,0.46601041719251657,2026-07-07 14:15:44.742615,2026-07-07 14:15:50.014938,0 days 00:00:05.272323,82.45493977175462,44,COMPLETE
4563,0.014670590555291574,0.46741573265444564,2026-07-07 14:15:44.943401,2026-07-07 14:15:53.538824,0 days 00:00:08.595423,37.09102122271154,44,COMPLETE
4564,0.01820881469558272,0.4666643140575859,2026-07-07 14:15:44.967257,2026-07-07 14:15:54.919399,0 days 00:00:09.952142,50.8281782409708,44,COMPLETE
4565,0.01723438752866885,0.46692136278979623,2026-07-07 14:15:45.124868,2026-07-07 14:15:55.624910,0 days 00:00:10.500042,44.46597262734539,44,COMPLETE
4566,0.020432478667417264,0.4665006859086119,2026-07-07 14:15:45.624230,2026-07-07 14:15:56.142252,0 days 00:00:10.518022,62.740126374015574,44,COMPLETE
4567,0.01517386478459326,0.4672932005056156,2026-07-07 14:15:45.639353,2026-07-07 14:15:57.882932,0 days 00:00:12.243579,35.515498230088276,44,COMPLETE
4568,0.012898243092548944,0.46758227530002494,2026-07-07 14:15:45.649306,2026-07-07 14:15:50.568658,0 days 00:00:04.919352,34.58868556028688,44,COMPLETE
4569,0.01489362288375684,0.46739426618877694,2026-07-07 14:15:45.659886,2026-07-07 14:15:55.797473,0 days 00:00:10.137587,23.247118152025283,44,COMPLETE
4570,0.014010349046592874,0.4673472099625365,2026-07-07 14:15:46.156386,2026-07-07 14:15:55.625208,0 days 00:00:09.468822,32.959292334487955,44,COMPLETE
4571,0.01991122083904945,0.4663009353685642,2026-07-07 14:15:46.157631,2026-07-07 14:15:57.660949,0 days 00:00:11.503318,76.1596357302537,44,COMPLETE
4572,0.01615150664511461,0.46696853456016046,2026-07-07 14:15:46.170827,2026-07-07 14:15:59.041818,0 days 00:00:12.870991,26.473640529943527,44,COMPLETE
4573,0.017919662974831052,0.4668925128651031,2026-07-07 14:15:46.516962,2026-07-07 14:15:51.550820,0 days 00:00:05.033858,43.75071883472272,44,COMPLETE
4574,0.07024043999125518,0.45792338049471276,2026-07-07 14:15:46.519261,2026-07-07 14:15:55.607358,0 days 00:00:09.088097,0.7563318925744108,44,COMPLETE
4575,0.014132948682971547,0.46730430745315,2026-07-07 14:15:46.522379,2026-07-07 14:15:57.143975,0 days 00:00:10.621596,6.661037612032855,44,COMPLETE
4576,0.013887915266561857,0.4675812832528679,2026-07-07 14:15:46.525036,2026-07-07 14:15:53.187835,0 days 00:00:06.662799,21.77806874969955,44,COMPLETE
4577,0.01559789773494119,0.46729428774186194,2026-07-07 14:15:46.685010,2026-07-07 14:15:53.538449,0 days 00:00:06.853439,20.417762912102425,44,COMPLETE
4578,0.02091562679897191,0.4664227844240705,2026-07-07 14:15:46.686801,2026-07-07 14:15:57.843608,0 days 00:00:11.156807,63.36021543604026,44,COMPLETE
4579,0.012529923580092472,0.46752652469128464,2026-07-07 14:15:46.705337,2026-07-07 14:15:56.146319,0 days 00:00:09.440982,17.991439257670102,44,COMPLETE
4580,0.017417624105724838,0.4668182887828711,2026-07-07 14:15:46.885639,2026-07-07 14:15:55.633857,0 days 00:00:08.748218,23.10780242496625,44,COMPLETE
4581,0.02214429566405207,0.466038899595767,2026-07-07 14:15:47.045310,2026-07-07 14:15:57.502684,0 days 00:00:10.457374,65.11248506182324,44,COMPLETE
4582,0.012936625990875805,0.4677987426589416,2026-07-07 14:15:47.047056,2026-07-07 14:15:53.590952,0 days 00:00:06.543896,35.612676936329834,44,COMPLETE
4583,0.013099961130741633,0.46751007259199656,2026-07-07 14:15:47.680943,2026-07-07 14:15:57.855146,0 days 00:00:10.174203,15.257797721245012,44,COMPLETE
4584,0.014773064170856665,0.4673874410387942,2026-07-07 14:15:47.683259,2026-07-07 14:15:56.154337,0 days 00:00:08.471078,34.352471255126126,44,COMPLETE
4585,0.02065362485905131,0.46646947250785403,2026-07-07 14:15:47.691421,2026-07-07 14:15:57.871346,0 days 00:00:10.179925,62.99279012633491,44,COMPLETE
4586,0.019771020248046556,0.4663103485027454,2026-07-07 14:15:47.692815,2026-07-07 14:15:57.860857,0 days 00:00:10.168042,75.65990285635272,44,COMPLETE
4587,0.009126128728739857,0.4682919849083307,2026-07-07 14:15:47.695418,2026-07-07 14:15:58.069243,0 days 00:00:10.373825,12.346627107251006,44,COMPLETE
4588,0.01687688848114255,0.4668939545097417,2026-07-07 14:15:47.703288,2026-07-07 14:15:55.611302,0 days 00:00:07.908014,52.86536163078823,44,COMPLETE
4589,-0.007296531367573578,0.4721327197507329,2026-07-07 14:15:47.868811,2026-07-07 14:15:54.408840,0 days 00:00:06.540029,4.484211309473202,44,COMPLETE
4590,0.019974090233126462,0.46633358647548584,2026-07-07 14:15:47.881772,2026-07-07 14:15:58.063356,0 days 00:00:10.181584,74.08397543362692,44,COMPLETE
4591,0.019566603349765954,0.46636044060661797,2026-07-07 14:15:48.075449,2026-07-07 14:15:53.751375,0 days 00:00:05.675926,75.09021532567957,44,COMPLETE
4592,0.014011167089783616,0.46749255580317794,2026-07-07 14:15:49.016944,2026-07-07 14:15:59.521426,0 days 00:00:10.504482,29.74257577253268,44,COMPLETE
4593,0.010429895779742293,0.4681713785357172,2026-07-07 14:15:49.331457,2026-07-07 14:15:54.924337,0 days 00:00:05.592880,4.883191079171889,44,COMPLETE
4594,0.017676408425060797,0.4668436124371046,2026-07-07 14:15:49.831681,2026-07-07 14:15:57.876808,0 days 00:00:08.045127,49.189315621064914,44,COMPLETE
4595,0.016655215748633545,0.4671270291177918,2026-07-07 14:15:49.835597,2026-07-07 14:16:02.118332,0 days 00:00:12.282735,42.45669089881351,44,COMPLETE
4596,0.014345732664945043,0.4674093142369365,2026-07-07 14:15:49.836021,2026-07-07 14:16:00.930136,0 days 00:00:11.094115,20.95164721397154,44,COMPLETE
4597,0.02049184229508383,0.4662832281373027,2026-07-07 14:15:49.844398,2026-07-07 14:15:54.583672,0 days 00:00:04.739274,78.00799560583462,44,COMPLETE
4598,0.025095690312963603,0.4656819588479853,2026-07-07 14:15:50.081465,2026-07-07 14:16:01.439465,0 days 00:00:11.358000,97.37824764994882,44,COMPLETE
4599,0.0188233248677801,0.46664377328470086,2026-07-07 14:15:50.741864,2026-07-07 14:15:57.454530,0 days 00:00:06.712666,51.144367511680905,44,COMPLETE
4600,0.01819373495796811,0.46677917498265753,2026-07-07 14:15:50.745970,2026-07-07 14:15:59.205128,0 days 00:00:08.459158,50.98319547020765,44,COMPLETE
4601,0.021764520213222782,0.4660774520182749,2026-07-07 14:15:50.749183,2026-07-07 14:15:57.893328,0 days 00:00:07.144145,60.069266414649945,44,COMPLETE
4602,0.022747005402517784,0.466011382486619,2026-07-07 14:15:50.905660,2026-07-07 14:16:02.140011,0 days 00:00:11.234351,82.87213571449989,44,COMPLETE
4603,0.020061568326012413,0.46655287364063147,2026-07-07 14:15:50.907111,2026-07-07 14:16:00.885723,0 days 00:00:09.978612,62.47829471375937,44,COMPLETE
4604,0.024177335033971237,0.46576101241259815,2026-07-07 14:15:50.912563,2026-07-07 14:16:09.177721,0 days 00:00:18.265158,88.65313901429018,44,COMPLETE
4605,0.019545373275803413,0.4663654518508827,2026-07-07 14:15:50.919371,2026-07-07 14:16:00.676386,0 days 00:00:09.757015,75.06022113755301,44,COMPLETE
4606,0.024443731775931232,0.46570369182889826,2026-07-07 14:15:50.920157,2026-07-07 14:16:01.785884,0 days 00:00:10.865727,91.01811299456386,44,COMPLETE
4607,0.02519619843873533,0.4656678557605093,2026-07-07 14:15:51.078079,2026-07-07 14:16:03.174909,0 days 00:00:12.096830,96.86666913240482,44,COMPLETE
4608,0.012067978250064837,0.46803185577262785,2026-07-07 14:15:51.543563,2026-07-07 14:16:00.720538,0 days 00:00:09.176975,35.84166384944509,44,COMPLETE
4609,0.01841256946277614,0.46679986852972577,2026-07-07 14:15:51.545174,2026-07-07 14:15:57.892174,0 days 00:00:06.347000,59.427574537750715,44,COMPLETE
4610,0.020361251104149825,0.46637054877722456,2026-07-07 14:15:51.551172,2026-07-07 14:16:07.384635,0 days 00:00:15.833463,61.332889401073245,44,COMPLETE
4611,0.014095405549384488,0.46741563980470097,2026-07-07 14:15:51.711451,2026-07-07 14:16:02.115021,0 days 00:00:10.403570,38.53098139707513,44,COMPLETE
4612,0.003243332694546186,0.46924476399895004,2026-07-07 14:15:52.023095,2026-07-07 14:16:03.173630,0 days 00:00:11.150535,10.933233468002022,44,COMPLETE
4613,0.02410664038166288,0.46575972015495737,2026-07-07 14:15:52.359189,2026-07-07 14:16:03.656735,0 days 00:00:11.297546,90.6763081775753,44,COMPLETE
4614,0.022429939553398226,0.46603565637934674,2026-07-07 14:15:53.187556,2026-07-07 14:16:00.921909,0 days 00:00:07.734353,81.89198830835237,44,COMPLETE
4615,0.024372702703336357,0.46576889325010384,2026-07-07 14:15:53.193335,2026-07-07 14:16:04.156951,0 days 00:00:10.963616,99.92404692671327,44,COMPLETE
4616,0.02497189092674973,0.46569182077455534,2026-07-07 14:15:53.546343,2026-07-07 14:16:00.693060,0 days 00:00:07.146717,93.05584276522956,44,COMPLETE
4617,0.02053696879269301,0.46634930660492846,2026-07-07 14:15:53.571784,2026-07-07 14:16:01.942166,0 days 00:00:08.370382,61.43985362856077,44,COMPLETE
4618,0.01716951777644382,0.46698838005921206,2026-07-07 14:15:54.746186,2026-07-07 14:16:01.941921,0 days 00:00:07.195735,50.68875853076212,44,COMPLETE
4619,0.014563384942722468,0.467387344210646,2026-07-07 14:15:55.265233,2026-07-07 14:16:04.723128,0 days 00:00:09.457895,21.6622330410288,44,COMPLETE
4620,0.018230218425147493,0.4668484699647257,2026-07-07 14:15:55.267124,2026-07-07 14:16:02.992842,0 days 00:00:07.725718,59.39814563164927,44,COMPLETE
4621,0.014453890607070863,0.46731539367724445,2026-07-07 14:15:55.590510,2026-07-07 14:16:07.423791,0 days 00:00:11.833281,36.42333322727516,44,COMPLETE
4622,0.01521824071197797,0.4671714502686572,2026-07-07 14:15:55.593954,2026-07-07 14:16:02.806231,0 days 00:00:07.212277,29.20552770336989,44,COMPLETE
4623,0.14282660523834628,0.4481502866794394,2026-07-07 14:15:55.621446,2026-07-07 14:16:00.925312,0 days 00:00:05.303866,0.33834553484760066,44,COMPLETE
4624,0.0170176281108792,0.4669912075055599,2026-07-07 14:15:55.626898,2026-07-07 14:16:11.855770,0 days 00:00:16.228872,51.59890862296514,44,COMPLETE
4625,0.011996532488560474,0.4677763975863265,2026-07-07 14:15:55.631138,2026-07-07 14:16:08.611991,0 days 00:00:12.980853,3.697814240369095,44,COMPLETE
4626,0.02006555394016618,0.46631643978503867,2026-07-07 14:15:55.635862,2026-07-07 14:16:07.413007,0 days 00:00:11.777145,74.00348049655416,44,COMPLETE
4627,0.020778452286414895,0.4662214859709738,2026-07-07 14:15:55.799862,2026-07-07 14:16:04.886246,0 days 00:00:09.086384,71.35891804375004,44,COMPLETE
4628,0.008891088721892704,0.4683380878157042,2026-07-07 14:15:55.803642,2026-07-07 14:16:04.528963,0 days 00:00:08.725321,4.522911506389106,44,COMPLETE
4629,0.014244239841885775,0.46739894470119453,2026-07-07 14:15:55.810952,2026-07-07 14:16:02.813791,0 days 00:00:07.002839,19.22724460173743,44,COMPLETE
4630,0.01135066036476845,0.4682053189178411,2026-07-07 14:15:55.812517,2026-07-07 14:16:07.604653,0 days 00:00:11.792136,24.905796132251,44,COMPLETE
4631,0.015265120810033728,0.4671747589713018,2026-07-07 14:15:55.814876,2026-07-07 14:16:04.543012,0 days 00:00:08.728136,31.217873736470356,44,COMPLETE
4632,0.01534645866438683,0.4670315907232276,2026-07-07 14:15:56.127109,2026-07-07 14:16:06.508161,0 days 00:00:10.381052,27.848892910293454,44,COMPLETE
4633,0.012390057834365809,0.4675512342934237,2026-07-07 14:15:56.129844,2026-07-07 14:16:06.511820,0 days 00:00:10.381976,18.29660832049513,44,COMPLETE
4634,0.022247049693218834,0.46601495013655786,2026-07-07 14:15:56.132457,2026-07-07 14:16:04.539482,0 days 00:00:08.407025,69.30231591207153,44,COMPLETE
4635,0.012892422517628066,0.4676222523377604,2026-07-07 14:15:56.148153,2026-07-07 14:16:02.118978,0 days 00:00:05.970825,32.44420391705513,44,COMPLETE
4636,0.016510005842178876,0.4669733734736585,2026-07-07 14:15:56.314899,2026-07-07 14:16:08.254036,0 days 00:00:11.939137,36.918184698397745,44,COMPLETE
4637,0.0203448246170157,0.466330399053968,2026-07-07 14:15:56.809481,2026-07-07 14:16:04.550658,0 days 00:00:07.741177,66.97394441060658,44,COMPLETE
4638,0.009235495303208219,0.4682351007423685,2026-07-07 14:15:56.967341,2026-07-07 14:16:01.941012,0 days 00:00:04.973671,11.665454555222054,44,COMPLETE
4639,0.025009526094735668,0.4656906400498413,2026-07-07 14:15:56.971664,2026-07-07 14:16:04.554818,0 days 00:00:07.583154,97.78737790694808,44,COMPLETE
4640,0.017714583419345675,0.46695610830299905,2026-07-07 14:15:56.982302,2026-07-07 14:16:07.394017,0 days 00:00:10.411715,48.997901136195004,44,COMPLETE
4641,0.018423073334065176,0.466659418756333,2026-07-07 14:15:56.985209,2026-07-07 14:16:02.106100,0 days 00:00:05.120891,50.72346711523152,44,COMPLETE
4642,0.012904567332663486,0.4675421466459561,2026-07-07 14:15:57.473738,2026-07-07 14:16:07.438922,0 days 00:00:09.965184,31.24938462605038,44,COMPLETE
4643,0.012387438884795932,0.46774193618680204,2026-07-07 14:15:57.660444,2026-07-07 14:16:02.816464,0 days 00:00:05.156020,32.57726269961161,44,COMPLETE
4644,0.0246438460095193,0.4657021738559442,2026-07-07 14:15:57.878492,2026-07-07 14:16:07.404727,0 days 00:00:09.526235,91.59981550154262,44,COMPLETE
4645,0.02541909041891338,0.4656435071938507,2026-07-07 14:15:58.059304,2026-07-07 14:16:04.721068,0 days 00:00:06.661764,95.48857570227136,44,COMPLETE
4646,0.02033613438298043,0.4663163103791138,2026-07-07 14:15:58.069399,2026-07-07 14:16:07.430350,0 days 00:00:09.360951,66.80029733646745,44,COMPLETE
4647,0.019166111096485416,0.466683015010093,2026-07-07 14:15:58.072280,2026-07-07 14:16:08.451008,0 days 00:00:10.378728,42.645490742740165,44,COMPLETE
4648,0.06426398809710665,0.4586847537316425,2026-07-07 14:15:58.229454,2026-07-07 14:16:07.411019,0 days 00:00:09.181565,0.814342188757178,44,COMPLETE
4649,0.019769874996179604,0.46631127780610254,2026-07-07 14:15:58.229630,2026-07-07 14:16:07.425814,0 days 00:00:09.196184,75.71183396269977,44,COMPLETE
4650,0.01700875731930407,0.4669566751587961,2026-07-07 14:15:58.232688,2026-07-07 14:16:09.173347,0 days 00:00:10.940659,48.718576643149724,44,COMPLETE
4651,0.02152992818156363,0.46614507031784513,2026-07-07 14:15:58.235462,2026-07-07 14:16:10.508436,0 days 00:00:12.272974,80.16141772395049,44,COMPLETE
4652,0.020117292063880132,0.4663776455204853,2026-07-07 14:15:58.241331,2026-07-07 14:16:09.166355,0 days 00:00:10.925024,67.00380898158724,44,COMPLETE
4653,0.014550147400913316,0.4676509826324605,2026-07-07 14:15:58.241745,2026-07-07 14:16:07.437122,0 days 00:00:09.195377,20.796301803514286,44,COMPLETE
4654,0.024774716533817243,0.4657030300898478,2026-07-07 14:15:58.248894,2026-07-07 14:16:04.493157,0 days 00:00:06.244263,92.35274392196132,44,COMPLETE
4655,0.01824128878890896,0.4667200518476524,2026-07-07 14:15:58.405115,2026-07-07 14:16:05.689370,0 days 00:00:07.284255,44.49478554528993,44,COMPLETE
4656,0.018291589393551966,0.4668325352916851,2026-07-07 14:15:58.407983,2026-07-07 14:16:10.167725,0 days 00:00:11.759742,59.403094603990006,44,COMPLETE
4657,0.02372532729589172,0.46585519430938427,2026-07-07 14:15:59.198557,2026-07-07 14:16:08.817498,0 days 00:00:09.618941,87.47682566390084,44,COMPLETE
4658,0.02033458894174356,0.4662627732487905,2026-07-07 14:15:59.202528,2026-07-07 14:16:08.833523,0 days 00:00:09.630995,73.71235395257045,44,COMPLETE
4659,0.01955099850767622,0.46636411998030197,2026-07-07 14:15:59.361790,2026-07-07 14:16:07.419997,0 days 00:00:08.058207,75.06823449471969,44,COMPLETE
4660,0.02781787557035964,0.46352618363700915,2026-07-07 14:15:59.518977,2026-07-07 14:16:09.841203,0 days 00:00:10.322226,1.3227381147111887,44,COMPLETE
4661,0.010748491426069373,0.46795271873431166,2026-07-07 14:16:00.480502,2026-07-07 14:16:10.686324,0 days 00:00:10.205822,11.055489360410878,44,COMPLETE
4662,0.018343949066036258,0.4664092388631943,2026-07-07 14:16:00.495001,2026-07-07 14:16:10.347954,0 days 00:00:09.852953,2.9669379449461513,44,COMPLETE
4663,0.016795896104477237,0.46692529493524665,2026-07-07 14:16:00.702832,2026-07-07 14:16:11.019244,0 days 00:00:10.316412,38.28540429899368,44,COMPLETE
4664,0.016575243231869874,0.4665474048176293,2026-07-07 14:16:01.602890,2026-07-07 14:16:12.223032,0 days 00:00:10.620142,3.3952846578382547,45,COMPLETE
4665,0.017420204349340496,0.46704091205872394,2026-07-07 14:16:01.603990,2026-07-07 14:16:10.688026,0 days 00:00:09.084036,45.87274639050577,45,COMPLETE
4666,0.015759694219613263,0.4670930541040734,2026-07-07 14:16:01.610966,2026-07-07 14:16:11.031705,0 days 00:00:09.420739,22.34383602769961,45,COMPLETE
4667,0.016498470094863493,0.4669882348030704,2026-07-07 14:16:02.129107,2026-07-07 14:16:07.610133,0 days 00:00:05.481026,38.569927769942545,45,COMPLETE
4668,0.017471493197221744,0.4669107039733492,2026-07-07 14:16:02.133572,2026-07-07 14:16:08.808488,0 days 00:00:06.674916,41.52179931254448,45,COMPLETE
4669,0.014146776812207662,0.4677146275304973,2026-07-07 14:16:02.135396,2026-07-07 14:16:14.074862,0 days 00:00:11.939466,21.635389797687363,45,COMPLETE
4670,0.021783594831890463,0.4660744366427271,2026-07-07 14:16:02.806398,2026-07-07 14:16:12.034343,0 days 00:00:09.227945,60.068637683558954,45,COMPLETE
4671,0.021697127575868502,0.4662052712783579,2026-07-07 14:16:02.975150,2026-07-07 14:16:15.091652,0 days 00:00:12.116502,64.08650402516284,45,COMPLETE
4672,0.025086258684034024,0.4656801283525159,2026-07-07 14:16:03.000411,2026-07-07 14:16:11.199883,0 days 00:00:08.199472,93.56290352715108,45,COMPLETE
4673,0.02025923158465559,0.46628789463684533,2026-07-07 14:16:03.166007,2026-07-07 14:16:12.219259,0 days 00:00:09.053252,76.50934812560087,45,COMPLETE
4674,0.015718884680878453,0.46719378116855353,2026-07-07 14:16:03.170849,2026-07-07 14:16:11.372127,0 days 00:00:08.201278,52.230065148578795,45,COMPLETE
4675,0.013371058933296043,0.46738558320996726,2026-07-07 14:16:03.176872,2026-07-07 14:16:13.893397,0 days 00:00:10.716525,2.7576292361267076,45,COMPLETE
4676,-0.03695460904391945,0.479471663331818,2026-07-07 14:16:03.335244,2026-07-07 14:16:13.871134,0 days 00:00:10.535890,6.3958499393561405,45,COMPLETE
4677,0.015309068574180573,0.46735078829261933,2026-07-07 14:16:03.495093,2026-07-07 14:16:12.028496,0 days 00:00:08.533403,27.33596779964815,45,COMPLETE
4678,0.021703519542934258,0.4661228469936989,2026-07-07 14:16:04.316408,2026-07-07 14:16:15.794346,0 days 00:00:11.477938,80.49177671844339,45,COMPLETE
4679,0.02417872876683763,0.46576022360225644,2026-07-07 14:16:04.480847,2026-07-07 14:16:13.858060,0 days 00:00:09.377213,88.69063538300126,45,COMPLETE
4680,0.008823007038227137,0.4687397149265972,2026-07-07 14:16:04.489357,2026-07-07 14:16:08.611732,0 days 00:00:04.122375,3.2769140399394456,45,COMPLETE
4681,-0.26006534817988414,0.5219619200384525,2026-07-07 14:16:04.500036,2026-07-07 14:16:15.104453,0 days 00:00:10.604417,3.879593154678494,45,COMPLETE
4682,0.018345390753218727,0.46681193772713736,2026-07-07 14:16:04.504020,2026-07-07 14:16:08.435618,0 days 00:00:03.931598,42.9146028970002,45,COMPLETE
4683,0.020815015107431223,0.46619330077681853,2026-07-07 14:16:04.530216,2026-07-07 14:16:16.953086,0 days 00:00:12.422870,72.5189370628835,45,COMPLETE
4684,0.013082122475789937,0.4675009193533786,2026-07-07 14:16:04.539766,2026-07-07 14:16:14.430053,0 days 00:00:09.890287,5.092594735124786,45,COMPLETE
4685,0.020214016985550032,0.46628667698113946,2026-07-07 14:16:04.555046,2026-07-07 14:16:15.767876,0 days 00:00:11.212830,73.85523197569634,45,COMPLETE
4686,0.014033532274754679,0.4670867898430647,2026-07-07 14:16:04.713036,2026-07-07 14:16:15.112812,0 days 00:00:10.399776,7.57939277030995,45,COMPLETE
4687,0.02149330405375599,0.46610641218411186,2026-07-07 14:16:04.893612,2026-07-07 14:16:14.078237,0 days 00:00:09.184625,78.83221583738487,45,COMPLETE
4688,0.02298834597620608,0.4660042104059727,2026-07-07 14:16:05.519407,2026-07-07 14:16:15.791632,0 days 00:00:10.272225,84.57951633284681,45,COMPLETE
4689,0.025355557178910082,0.46564937751479574,2026-07-07 14:16:05.684654,2026-07-07 14:16:15.801357,0 days 00:00:10.116703,96.19515661286802,45,COMPLETE
4690,0.014816064752873781,0.46683122480705663,2026-07-07 14:16:05.845369,2026-07-07 14:16:13.881828,0 days 00:00:08.036459,2.945804582863364,45,COMPLETE
4691,0.017469842626057552,0.4669327455579231,2026-07-07 14:16:05.852373,2026-07-07 14:16:19.506628,0 days 00:00:13.654255,51.709171854883834,45,COMPLETE
4692,0.02475709207031096,0.46570179170556447,2026-07-07 14:16:06.015198,2026-07-07 14:16:15.594226,0 days 00:00:09.579028,92.23342199413568,45,COMPLETE
4693,0.020351881346582945,0.46625986077614096,2026-07-07 14:16:06.020048,2026-07-07 14:16:17.943120,0 days 00:00:11.923072,73.6735304828662,45,COMPLETE
4694,0.017280265491449176,0.4670750687804164,2026-07-07 14:16:06.022209,2026-07-07 14:16:15.778949,0 days 00:00:09.756740,45.903496456210014,45,COMPLETE
4695,0.022103456196410465,0.4660746051042929,2026-07-07 14:16:06.493097,2026-07-07 14:16:16.448358,0 days 00:00:09.955261,81.26818154283505,45,COMPLETE
4696,0.017607546308422817,0.46673544056596683,2026-07-07 14:16:06.513051,2026-07-07 14:16:19.108168,0 days 00:00:12.595117,41.308908538382155,45,COMPLETE
4697,0.024497948183414775,0.4657552409931226,2026-07-07 14:16:06.700392,2026-07-07 14:16:19.525224,0 days 00:00:12.824832,99.05103033856949,45,COMPLETE
4698,0.022968224528188586,0.46599758574594136,2026-07-07 14:16:07.607113,2026-07-07 14:16:14.901823,0 days 00:00:07.294710,84.24253012905898,45,COMPLETE
4699,0.01803375808123281,0.4667360618063788,2026-07-07 14:16:07.928464,2026-07-07 14:16:19.332544,0 days 00:00:11.404080,25.987643198775793,45,COMPLETE
4700,0.024230603724706756,0.4657431768261527,2026-07-07 14:16:08.251309,2026-07-07 14:16:18.900990,0 days 00:00:10.649681,89.49992596244971,45,COMPLETE
4701,0.020455401807394358,0.46624498517179014,2026-07-07 14:16:08.797768,2026-07-07 14:16:15.966026,0 days 00:00:07.168258,73.46807992057727,45,COMPLETE
4702,0.02070236430631972,0.4662557117072856,2026-07-07 14:16:08.800682,2026-07-07 14:16:19.714056,0 days 00:00:10.913374,66.46672626995272,45,COMPLETE
4703,0.015606632549380939,0.46731665778033843,2026-07-07 14:16:08.801524,2026-07-07 14:16:15.963661,0 days 00:00:07.162137,47.0003572532212,45,COMPLETE
4704,0.01779155725157988,0.4666830057457031,2026-07-07 14:16:08.804592,2026-07-07 14:16:20.818662,0 days 00:00:12.014070,23.890374400513615,45,COMPLETE
4705,0.015429607435659243,0.4671253642768459,2026-07-07 14:16:08.806877,2026-07-07 14:16:19.505478,0 days 00:00:10.698601,38.042207695362755,45,COMPLETE
4706,0.022005215493365038,0.46605235387580657,2026-07-07 14:16:08.813873,2026-07-07 14:16:13.535617,0 days 00:00:04.721744,65.70877806779446,45,COMPLETE
4707,0.02751247436817933,0.46413453688780215,2026-07-07 14:16:08.814602,2026-07-07 14:16:12.020294,0 days 00:00:03.205692,1.0194152825565312,45,COMPLETE
4708,0.016314481209055487,0.467123999049986,2026-07-07 14:16:08.819813,2026-07-07 14:16:19.557255,0 days 00:00:10.737442,24.164461696656893,45,COMPLETE
4709,0.007869770253735697,0.46836479382868373,2026-07-07 14:16:08.822557,2026-07-07 14:16:17.437366,0 days 00:00:08.614809,14.031395633732647,45,COMPLETE
4710,0.00990536201797898,0.46797436698277295,2026-07-07 14:16:08.824443,2026-07-07 14:16:17.932430,0 days 00:00:09.107987,15.848465499947727,45,COMPLETE
4711,0.025090807129394432,0.46568260947016216,2026-07-07 14:16:08.831398,2026-07-07 14:16:19.100068,0 days 00:00:10.268670,97.41258082407349,45,COMPLETE
4712,0.025052400614287207,0.46568359686113253,2026-07-07 14:16:08.842450,2026-07-07 14:16:19.314866,0 days 00:00:10.472416,93.39267919020831,45,COMPLETE
4713,0.01456155539702153,0.46729034737744146,2026-07-07 14:16:08.999151,2026-07-07 14:16:19.519040,0 days 00:00:10.519889,29.42645578125501,45,COMPLETE
4714,0.020146098137203694,0.4663799593997241,2026-07-07 14:16:09.178390,2026-07-07 14:16:19.553708,0 days 00:00:10.375318,55.5511196153446,45,COMPLETE
4715,0.019668500328899774,0.46638331809376865,2026-07-07 14:16:09.492422,2026-07-07 14:16:14.905415,0 days 00:00:05.412993,57.997832282215846,45,COMPLETE
4716,0.023146648847657103,0.4659846541937219,2026-07-07 14:16:09.803922,2026-07-07 14:16:19.521108,0 days 00:00:09.717186,85.22349679003351,45,COMPLETE
4717,0.01695510698990721,0.466899621684482,2026-07-07 14:16:09.820346,2026-07-07 14:16:19.513726,0 days 00:00:09.693380,37.3783228692554,45,COMPLETE
4718,0.013609596669261481,0.46757614228750344,2026-07-07 14:16:09.822556,2026-07-07 14:16:14.410250,0 days 00:00:04.587694,25.748098321317876,45,COMPLETE
4719,0.017150590610125416,0.46707034443927103,2026-07-07 14:16:09.835928,2026-07-07 14:16:22.255042,0 days 00:00:12.419114,35.07773640926135,45,COMPLETE
4720,0.02030005074357366,0.4662687921472156,2026-07-07 14:16:10.162711,2026-07-07 14:16:21.016591,0 days 00:00:10.853880,73.76914838664933,45,COMPLETE
4721,0.02198107793987497,0.46608295504133235,2026-07-07 14:16:10.172166,2026-07-07 14:16:19.552952,0 days 00:00:09.380786,64.72449435603637,45,COMPLETE
4722,0.017494962789333768,0.4669795919121225,2026-07-07 14:16:10.331664,2026-07-07 14:16:21.395060,0 days 00:00:11.063396,43.95047176155391,45,COMPLETE
4723,0.017727157861385734,0.4667669046801266,2026-07-07 14:16:10.679394,2026-07-07 14:16:27.310856,0 days 00:00:16.631462,54.012770201870175,45,COMPLETE
4724,0.017711749153482725,0.46686323063589974,2026-07-07 14:16:10.688332,2026-07-07 14:16:22.260011,0 days 00:00:11.571679,42.263645185287096,45,COMPLETE
4725,0.009068648851292604,0.4684648524587683,2026-07-07 14:16:11.019583,2026-07-07 14:16:22.246657,0 days 00:00:11.227074,15.96668559592788,45,COMPLETE
4726,0.017387688969062565,0.46691946226837067,2026-07-07 14:16:11.365747,2026-07-07 14:16:21.714190,0 days 00:00:10.348443,26.280433544327046,45,COMPLETE
4727,0.018883185542022896,0.466606197647933,2026-07-07 14:16:11.378340,2026-07-07 14:16:22.245983,0 days 00:00:10.867643,51.07953898934467,45,COMPLETE
4728,0.022775930216030527,0.4660090193842663,2026-07-07 14:16:11.697821,2026-07-07 14:16:19.716968,0 days 00:00:08.019147,83.0079920805083,45,COMPLETE
4729,0.01613518470633446,0.4670841021931888,2026-07-07 14:16:12.011462,2026-07-07 14:16:22.057529,0 days 00:00:10.046067,28.733901417896565,45,COMPLETE
4730,0.008834595202771578,0.46836780713640525,2026-07-07 14:16:12.016256,2026-07-07 14:16:21.738770,0 days 00:00:09.722514,16.213338349685085,45,COMPLETE
4731,0.015503674927232536,0.46724005657401246,2026-07-07 14:16:12.039467,2026-07-07 14:16:19.316380,0 days 00:00:07.276913,28.0890987061456,45,COMPLETE
4732,0.02498865143486495,0.4656927596835459,2026-07-07 14:16:12.238725,2026-07-07 14:16:23.753394,0 days 00:00:11.514669,97.8515731612905,45,COMPLETE
4733,0.012036708936331741,0.4676613694023326,2026-07-07 14:16:12.717217,2026-07-07 14:16:23.270445,0 days 00:00:10.553228,14.847275529372629,45,COMPLETE
4734,0.021636598379570937,0.46613110112308254,2026-07-07 14:16:13.205028,2026-07-07 14:16:23.237721,0 days 00:00:10.032693,80.3667412882566,45,COMPLETE
4735,0.009851335065070632,0.46815270636644013,2026-07-07 14:16:13.849665,2026-07-07 14:16:23.759557,0 days 00:00:09.909892,4.776366721320352,45,COMPLETE
4736,0.01632134458313289,0.46648861631149274,2026-07-07 14:16:14.075441,2026-07-07 14:16:24.329916,0 days 00:00:10.254475,3.836897170749332,45,COMPLETE
4737,0.020725488941222503,0.4664582126059285,2026-07-07 14:16:14.239864,2026-07-07 14:16:23.271275,0 days 00:00:09.031411,63.07552271626023,45,COMPLETE
4738,0.02057633238133777,0.4662201077035234,2026-07-07 14:16:14.242718,2026-07-07 14:16:23.799757,0 days 00:00:09.557039,73.15064566059849,45,COMPLETE
4739,0.02086676713142932,0.4661886985415218,2026-07-07 14:16:14.902024,2026-07-07 14:16:23.983666,0 days 00:00:09.081642,72.33922659601043,45,COMPLETE
4740,0.016173979742263755,0.46709083238085847,2026-07-07 14:16:14.915989,2026-07-07 14:16:23.803130,0 days 00:00:08.887141,39.662040101791035,45,COMPLETE
4741,0.017661418420348907,0.46681364444328743,2026-07-07 14:16:14.920730,2026-07-07 14:16:24.156992,0 days 00:00:09.236262,48.48865386446099,45,COMPLETE
4742,0.01661593970387909,0.4672323733565587,2026-07-07 14:16:14.923443,2026-07-07 14:16:24.169478,0 days 00:00:09.246035,22.097432386303897,45,COMPLETE
4743,0.01612112678815536,0.466990012809677,2026-07-07 14:16:15.081865,2026-07-07 14:16:24.146479,0 days 00:00:09.064614,26.567991735271118,45,COMPLETE
4744,0.02092614375941082,0.46642092089958564,2026-07-07 14:16:15.087021,2026-07-07 14:16:19.531048,0 days 00:00:04.444027,63.372649349104385,45,COMPLETE
4745,0.023423439480038055,0.4659294793766414,2026-07-07 14:16:15.114645,2026-07-07 14:16:21.731114,0 days 00:00:06.616469,86.38553539230158,45,COMPLETE
4746,0.021558826004943576,0.4661006166746958,2026-07-07 14:16:15.427384,2026-07-07 14:16:25.377633,0 days 00:00:09.950249,78.99677078856635,45,COMPLETE
4747,0.013157842530277408,0.46741095735597404,2026-07-07 14:16:15.602741,2026-07-07 14:16:27.326014,0 days 00:00:11.723273,5.292294240034214,45,COMPLETE
4748,0.02322051216730464,0.46597345670543255,2026-07-07 14:16:15.797724,2026-07-07 14:16:25.377460,0 days 00:00:09.579736,85.58743223635908,45,COMPLETE
4749,0.019606282197891123,0.46637891410743226,2026-07-07 14:16:16.128975,2026-07-07 14:16:25.386953,0 days 00:00:09.257978,74.35435580547608,45,COMPLETE
4750,0.01609340488874139,0.46697198894398956,2026-07-07 14:16:16.132744,2026-07-07 14:16:25.316085,0 days 00:00:09.183341,32.496893176994284,45,COMPLETE
4751,0.024230557448863987,0.46574291992243677,2026-07-07 14:16:16.288481,2026-07-07 14:16:25.382832,0 days 00:00:09.094351,89.5237659318862,45,COMPLETE
4752,0.0253389665932911,0.4656511692761532,2026-07-07 14:16:16.448207,2026-07-07 14:16:24.327467,0 days 00:00:07.879260,96.28126364117463,45,COMPLETE
4753,0.022827370905270372,0.4660027905209752,2026-07-07 14:16:16.462956,2026-07-07 14:16:25.383058,0 days 00:00:08.920102,83.23967267406506,45,COMPLETE
4754,0.023279850802296664,0.4659663902477156,2026-07-07 14:16:16.463333,2026-07-07 14:16:21.715285,0 days 00:00:05.251952,85.83650392523363,45,COMPLETE
4755,0.02189433226967291,0.4661568338510596,2026-07-07 14:16:16.779122,2026-07-07 14:16:27.887695,0 days 00:00:11.108573,64.17607539671702,45,COMPLETE
4756,0.021584210063865794,0.4660984677750512,2026-07-07 14:16:17.270713,2026-07-07 14:16:26.025700,0 days 00:00:08.754987,79.04570824725135,45,COMPLETE
4757,0.024230602865435324,0.4657431933364452,2026-07-07 14:16:17.430653,2026-07-07 14:16:23.425926,0 days 00:00:05.995273,89.49843701261315,45,COMPLETE
4758,0.025398090651411354,0.46564615702569856,2026-07-07 14:16:17.433768,2026-07-07 14:16:21.024448,0 days 00:00:03.590680,95.09419589861925,45,COMPLETE
4759,0.009518072420948709,0.46826601633480225,2026-07-07 14:16:17.441730,2026-07-07 14:16:27.903029,0 days 00:00:10.461299,9.95727491440589,45,COMPLETE
4760,0.006713831774467938,0.46867487200154784,2026-07-07 14:16:17.597523,2026-07-07 14:16:27.708555,0 days 00:00:10.111032,11.875996168346315,45,COMPLETE
4761,0.005798640336976968,0.4689521199514037,2026-07-07 14:16:17.602395,2026-07-07 14:16:27.707670,0 days 00:00:10.105275,4.685382994313961,45,COMPLETE
4762,0.008120845476203953,0.46826699871434446,2026-07-07 14:16:17.940617,2026-07-07 14:16:27.725056,0 days 00:00:09.784439,12.778243012667843,45,COMPLETE
4763,0.024223323024269494,0.46574126881705846,2026-07-07 14:16:18.937362,2026-07-07 14:16:28.864158,0 days 00:00:09.926796,89.77294854682127,45,COMPLETE
4764,0.024627837612957726,0.46570394120764597,2026-07-07 14:16:19.128547,2026-07-07 14:16:27.711249,0 days 00:00:08.582702,91.54614085166304,45,COMPLETE
4765,0.008747711594471408,0.4681938264973673,2026-07-07 14:16:19.324038,2026-07-07 14:16:27.511021,0 days 00:00:08.186983,6.055114363183721,45,COMPLETE
4766,0.01686941765646438,0.46702324235809084,2026-07-07 14:16:19.330101,2026-07-07 14:16:27.907932,0 days 00:00:08.577831,42.22677832847867,45,COMPLETE
4767,0.01719722890870573,0.46688547397472957,2026-07-07 14:16:19.532766,2026-07-07 14:16:30.744861,0 days 00:00:11.212095,48.31584262182619,46,COMPLETE
4768,0.01721709455291509,0.46692797689406684,2026-07-07 14:16:19.540358,2026-07-07 14:16:32.365751,0 days 00:00:12.825393,49.08941276720687,46,COMPLETE
4769,0.017811764169843536,0.4669108430348984,2026-07-07 14:16:19.714861,2026-07-07 14:16:28.863432,0 days 00:00:09.148571,42.728008642605054,46,COMPLETE
4770,0.025326245943867565,0.4656552206487078,2026-07-07 14:16:19.873841,2026-07-07 14:16:30.243296,0 days 00:00:10.369455,94.66354953421316,46,COMPLETE
4771,0.0173937394306678,0.4668971098309436,2026-07-07 14:16:19.875504,2026-07-07 14:16:28.864008,0 days 00:00:08.988504,50.96974576807303,46,COMPLETE
4772,0.01971047863458192,0.46632682385191937,2026-07-07 14:16:20.499713,2026-07-07 14:16:23.753882,0 days 00:00:03.254169,75.30816703030254,46,COMPLETE
4773,0.02053277714789037,0.46622736143251453,2026-07-07 14:16:20.657433,2026-07-07 14:16:30.761958,0 days 00:00:10.104525,73.32235209281704,46,COMPLETE
4774,0.01672265434103165,0.46695167732886844,2026-07-07 14:16:20.818452,2026-07-07 14:16:32.420605,0 days 00:00:11.602153,44.105918435273544,46,COMPLETE
4775,0.01452370251978724,0.46721222477498603,2026-07-07 14:16:20.819912,2026-07-07 14:16:29.929485,0 days 00:00:09.109573,33.49324300932091,46,COMPLETE
4776,0.016352441118831162,0.4669535242573729,2026-07-07 14:16:20.821514,2026-07-07 14:16:28.866396,0 days 00:00:08.044882,45.18170566985095,46,COMPLETE
4777,0.02141197426732233,0.46615734965220373,2026-07-07 14:16:20.825975,2026-07-07 14:16:29.423275,0 days 00:00:08.597300,79.80553466618402,46,COMPLETE
4778,0.013134073132925694,0.46768769083749834,2026-07-07 14:16:20.826334,2026-07-07 14:16:30.570645,0 days 00:00:09.744311,31.06926178193345,46,COMPLETE
4779,0.02215603038930819,0.4660975580817023,2026-07-07 14:16:21.009153,2026-07-07 14:16:28.871246,0 days 00:00:07.862093,64.30133030802804,46,COMPLETE
4780,0.01645538853257994,0.467169401814833,2026-07-07 14:16:21.016241,2026-07-07 14:16:25.361445,0 days 00:00:04.345204,48.46637355604679,46,COMPLETE
4781,0.022387893516990387,0.46604030993858736,2026-07-07 14:16:21.017103,2026-07-07 14:16:32.468834,0 days 00:00:11.451731,81.81553527432172,46,COMPLETE
4782,0.020917705484731763,0.4664224197673955,2026-07-07 14:16:21.024252,2026-07-07 14:16:30.753899,0 days 00:00:09.729647,63.36268541385613,46,COMPLETE
4783,0.02063737461153181,0.46632097903849207,2026-07-07 14:16:21.384841,2026-07-07 14:16:32.663487,0 days 00:00:11.278646,61.451602236399225,46,COMPLETE
4784,0.01802828019316821,0.4668039041859372,2026-07-07 14:16:21.392415,2026-07-07 14:16:30.756751,0 days 00:00:09.364336,23.469400303936297,46,COMPLETE
4785,0.014643762773350943,0.46741685974000735,2026-07-07 14:16:21.711764,2026-07-07 14:16:30.084582,0 days 00:00:08.372818,37.80730696106266,46,COMPLETE
4786,0.02189371520023825,0.466044756183952,2026-07-07 14:16:22.065265,2026-07-07 14:16:32.407559,0 days 00:00:10.342294,70.16132217204985,46,COMPLETE
4787,0.01646960709475881,0.4668098680878747,2026-07-07 14:16:22.240408,2026-07-07 14:16:27.916118,0 days 00:00:05.675710,2.840822615585487,46,COMPLETE
4788,0.021193038913173423,0.4661885087958668,2026-07-07 14:16:22.574046,2026-07-07 14:16:35.690689,0 days 00:00:13.116643,68.02914645558387,46,COMPLETE
4789,0.013822354164639394,0.46723542700934173,2026-07-07 14:16:22.590372,2026-07-07 14:16:32.465123,0 days 00:00:09.874751,7.95363095418466,46,COMPLETE
4790,0.02319767215384594,0.4659771853482276,2026-07-07 14:16:23.214691,2026-07-07 14:16:32.447769,0 days 00:00:09.233078,85.47978085759853,46,COMPLETE
4791,0.01526759247365611,0.4669817265437459,2026-07-07 14:16:23.246350,2026-07-07 14:16:32.636112,0 days 00:00:09.389762,7.603193738723782,46,COMPLETE
4792,0.016646599462698308,0.46710991628574444,2026-07-07 14:16:23.246700,2026-07-07 14:16:32.421055,0 days 00:00:09.174355,47.447095095627766,46,COMPLETE
4793,0.02257191136792902,0.46601938507382923,2026-07-07 14:16:23.426837,2026-07-07 14:16:34.088886,0 days 00:00:10.662049,82.1577644656907,46,COMPLETE
4794,0.017730286957807206,0.4668053076845886,2026-07-07 14:16:23.584690,2026-07-07 14:16:33.778593,0 days 00:00:10.193903,44.57891221239738,46,COMPLETE
4795,0.018232629231748065,0.4666744791572,2026-07-07 14:16:23.960386,2026-07-07 14:16:32.654709,0 days 00:00:08.694323,55.19514604562949,46,COMPLETE
4796,0.01574580438697004,0.46707408107302684,2026-07-07 14:16:23.972351,2026-07-07 14:16:36.337558,0 days 00:00:12.365207,29.732985600083218,46,COMPLETE
4797,0.02411353872832228,0.4657488210718343,2026-07-07 14:16:23.974500,2026-07-07 14:16:34.423341,0 days 00:00:10.448841,90.53510106570765,46,COMPLETE
4798,0.025418614413699525,0.465643376170652,2026-07-07 14:16:24.139210,2026-07-07 14:16:33.776017,0 days 00:00:09.636807,95.38521565484653,46,COMPLETE
4799,0.020585372333525753,0.4662829401000418,2026-07-07 14:16:24.324629,2026-07-07 14:16:35.023195,0 days 00:00:10.698566,76.73156436481803,46,COMPLETE
4800,0.016281467564432106,0.4671196635766567,2026-07-07 14:16:24.485850,2026-07-07 14:16:35.359874,0 days 00:00:10.874024,24.099039612710794,46,COMPLETE
4801,0.016043674599002244,0.46707390545172645,2026-07-07 14:16:24.486105,2026-07-07 14:16:35.037917,0 days 00:00:10.551812,25.853848658181505,46,COMPLETE
4802,0.017754529569237842,0.4667570615793879,2026-07-07 14:16:24.806789,2026-07-07 14:16:35.525736,0 days 00:00:10.718947,46.90599739596892,46,COMPLETE
4803,0.022470616183526526,0.4660310354699492,2026-07-07 14:16:24.822110,2026-07-07 14:16:35.004464,0 days 00:00:10.182354,81.9650641601923,46,COMPLETE
4804,0.019155913240837152,0.46668944091628684,2026-07-07 14:16:24.825481,2026-07-07 14:16:34.783291,0 days 00:00:09.957810,42.68753902469999,46,COMPLETE
4805,0.025181758195157555,0.4656696854302694,2026-07-07 14:16:24.826921,2026-07-07 14:16:37.202570,0 days 00:00:12.375649,96.92258197973028,46,COMPLETE
4806,0.011560156094609197,0.4679622348118686,2026-07-07 14:16:24.987850,2026-07-07 14:16:32.671576,0 days 00:00:07.683726,15.867968995276769,46,COMPLETE
4807,0.024668553069482735,0.4656998511058092,2026-07-07 14:16:24.992047,2026-07-07 14:16:35.002707,0 days 00:00:10.010660,91.68602283819061,46,COMPLETE
4808,0.02478247159960212,0.46570333968968325,2026-07-07 14:16:25.152207,2026-07-07 14:16:29.412306,0 days 00:00:04.260099,92.39722877645733,46,COMPLETE
4809,0.020778298796386763,0.466255697100758,2026-07-07 14:16:25.153950,2026-07-07 14:16:32.452525,0 days 00:00:07.298575,78.29954668187128,46,COMPLETE
4810,0.013278753502042162,0.4675198792415918,2026-07-07 14:16:25.340681,2026-07-07 14:16:36.338908,0 days 00:00:10.998227,33.36910207909805,46,COMPLETE
4811,0.014923737892970301,0.4672240244276642,2026-07-07 14:16:25.346106,2026-07-07 14:16:33.774236,0 days 00:00:08.428130,27.525969006129507,46,COMPLETE
4812,0.008002623849710677,0.46853770299779396,2026-07-07 14:16:25.390601,2026-07-07 14:16:37.240044,0 days 00:00:11.849443,31.74592231294184,46,COMPLETE
4813,0.018719920873890128,0.4665227956654604,2026-07-07 14:16:25.549292,2026-07-07 14:16:37.217632,0 days 00:00:11.668340,57.75900947666314,46,COMPLETE
4814,0.014804637314607239,0.4672583270602879,2026-07-07 14:16:26.014581,2026-07-07 14:16:33.452422,0 days 00:00:07.437841,29.411473689678164,46,COMPLETE
4815,0.012830161926966732,0.4676139895326925,2026-07-07 14:16:26.962429,2026-07-07 14:16:38.229822,0 days 00:00:11.267393,7.05297508032108,46,COMPLETE
4816,0.016833774430515924,0.46693716420036024,2026-07-07 14:16:27.309530,2026-07-07 14:16:37.220992,0 days 00:00:09.911462,53.04148610585286,46,COMPLETE
4817,0.02540758686733735,0.4656444792311163,2026-07-07 14:16:27.316597,2026-07-07 14:16:37.195458,0 days 00:00:09.878861,95.79546465394759,46,COMPLETE
4818,0.01304644585293857,0.46735573351300086,2026-07-07 14:16:27.321192,2026-07-07 14:16:37.418871,0 days 00:00:10.097679,9.038164244980575,46,COMPLETE
4819,0.017638982715792506,0.46695237675349704,2026-07-07 14:16:27.521475,2026-07-07 14:16:35.692317,0 days 00:00:08.170842,44.03327959446199,46,COMPLETE
4820,0.02326717070475587,0.46596906420962036,2026-07-07 14:16:27.526814,2026-07-07 14:16:39.027472,0 days 00:00:11.500658,85.76990840996801,46,COMPLETE
4821,0.0192028317255572,0.4664937205228198,2026-07-07 14:16:27.711524,2026-07-07 14:16:35.704709,0 days 00:00:07.993185,23.805150462685173,46,COMPLETE
4822,0.014066722156893363,0.4672598883471488,2026-07-07 14:16:28.541877,2026-07-07 14:16:38.200159,0 days 00:00:09.658282,20.402114585649887,46,COMPLETE
4823,0.01977299957394779,0.46630946633620257,2026-07-07 14:16:28.882539,2026-07-07 14:16:39.615159,0 days 00:00:10.732620,75.5703142235963,46,COMPLETE
4824,0.016528245260131746,0.4669229393592931,2026-07-07 14:16:29.206900,2026-07-07 14:16:35.015991,0 days 00:00:05.809091,39.38652339775498,46,COMPLETE
4825,0.024546553168418028,0.46570211999639743,2026-07-07 14:16:29.210156,2026-07-07 14:16:39.211557,0 days 00:00:10.001401,91.27203584561462,46,COMPLETE
4826,0.018486359914185735,0.4665691483242521,2026-07-07 14:16:29.213324,2026-07-07 14:16:39.253682,0 days 00:00:10.040358,57.27765204457935,46,COMPLETE
4827,0.018366870398668078,0.46681703986470496,2026-07-07 14:16:29.219511,2026-07-07 14:16:39.242166,0 days 00:00:10.022655,49.216646686211845,46,COMPLETE
4828,0.012717300591762515,0.46747057294385225,2026-07-07 14:16:29.236795,2026-07-07 14:16:39.441379,0 days 00:00:10.204584,6.581599092504382,46,COMPLETE
4829,0.008956781705147299,0.46823838548130725,2026-07-07 14:16:29.239097,2026-07-07 14:16:41.641491,0 days 00:00:12.402394,4.490505898004011,46,COMPLETE
4830,0.013903754747212616,0.4674981901167981,2026-07-07 14:16:29.241245,2026-07-07 14:16:39.236476,0 days 00:00:09.995231,7.6575082007495805,46,COMPLETE
4831,0.008093389046381683,0.46875794034321683,2026-07-07 14:16:29.412498,2026-07-07 14:16:39.245763,0 days 00:00:09.833265,12.974048324799957,46,COMPLETE
4832,0.024490564695412886,0.4649513951757088,2026-07-07 14:16:29.733445,2026-07-07 14:16:35.698397,0 days 00:00:05.964952,1.5530914548462098,46,COMPLETE
4833,0.018982286911538915,0.4667051856564022,2026-07-07 14:16:29.736628,2026-07-07 14:16:35.531279,0 days 00:00:05.794651,35.04341182021303,46,COMPLETE
4834,0.02282054352787083,0.4660037124914067,2026-07-07 14:16:29.748554,2026-07-07 14:16:39.962115,0 days 00:00:10.213561,83.20451748149024,46,COMPLETE
4835,0.01880635635859873,0.4665764891077629,2026-07-07 14:16:29.761049,2026-07-07 14:16:37.210653,0 days 00:00:07.449604,55.662984241452655,46,COMPLETE
4836,0.019659387260061556,0.4665704568232556,2026-07-07 14:16:29.921974,2026-07-07 14:16:40.128198,0 days 00:00:10.206224,61.90928656807121,46,COMPLETE
4837,0.025053334180780262,0.46568658254949924,2026-07-07 14:16:30.576656,2026-07-07 14:16:40.288169,0 days 00:00:09.711513,97.61752527973319,46,COMPLETE
4838,0.015391110386647533,0.4671607181501649,2026-07-07 14:16:30.580630,2026-07-07 14:16:42.655414,0 days 00:00:12.074784,52.63170763234359,46,COMPLETE
4839,0.00837220482194223,0.4683818558065169,2026-07-07 14:16:31.702732,2026-07-07 14:16:41.462688,0 days 00:00:09.759956,13.499547738470616,46,COMPLETE
4840,0.019982292812906255,0.46629209814195177,2026-07-07 14:16:32.415259,2026-07-07 14:16:42.117022,0 days 00:00:09.701763,76.26165394796868,46,COMPLETE
4841,0.01977199551012171,0.4663121710509422,2026-07-07 14:16:32.423486,2026-07-07 14:16:41.469523,0 days 00:00:09.046037,75.77318805752874,46,COMPLETE
4842,0.020808472061787375,0.4661941741144369,2026-07-07 14:16:32.429523,2026-07-07 14:16:42.114655,0 days 00:00:09.685132,72.54031663763314,46,COMPLETE
4843,0.016153264860172545,0.46707672952458784,2026-07-07 14:16:32.435395,2026-07-07 14:16:39.611549,0 days 00:00:07.176154,36.73459267148713,46,COMPLETE
4844,0.020506622939632402,0.4662895455967591,2026-07-07 14:16:32.450351,2026-07-07 14:16:42.314537,0 days 00:00:09.864186,41.64821986195439,46,COMPLETE
4845,0.013733021762490916,0.4675387245538112,2026-07-07 14:16:32.653580,2026-07-07 14:16:38.705984,0 days 00:00:06.052404,20.383196280162295,46,COMPLETE
4846,0.015431285603855427,0.4671795437745061,2026-07-07 14:16:32.664142,2026-07-07 14:16:44.311761,0 days 00:00:11.647619,53.18672272489267,46,COMPLETE
4847,0.023525003964748714,0.46590375233030523,2026-07-07 14:16:32.666964,2026-07-07 14:16:42.816447,0 days 00:00:10.149483,86.73403183145165,46,COMPLETE
4848,0.014570977151748321,0.46761947695786443,2026-07-07 14:16:34.088702,2026-07-07 14:16:43.329361,0 days 00:00:09.240659,20.53666007944075,46,COMPLETE
4849,0.025403188864429438,0.4656447871502726,2026-07-07 14:16:34.418793,2026-07-07 14:16:44.308736,0 days 00:00:09.889943,95.8496523418965,46,COMPLETE
4850,0.018909072030394936,0.46623699566443444,2026-07-07 14:16:34.422608,2026-07-07 14:16:43.335189,0 days 00:00:08.912581,5.942176028729026,46,COMPLETE
4851,0.018942943955690128,0.46667091388774895,2026-07-07 14:16:34.426785,2026-07-07 14:16:44.842876,0 days 00:00:10.416091,58.5910160326933,46,COMPLETE
4852,0.024122389005969858,0.4657477016671473,2026-07-07 14:16:34.588603,2026-07-07 14:16:43.341481,0 days 00:00:08.752878,90.51041640130391,46,COMPLETE
4853,0.023052837565232298,0.4659972566631061,2026-07-07 14:16:34.589541,2026-07-07 14:16:42.325225,0 days 00:00:07.735684,84.83877201072215,46,COMPLETE
4854,0.014334330102218629,0.46765942329467153,2026-07-07 14:16:34.593951,2026-07-07 14:16:45.901798,0 days 00:00:11.307847,21.922877505326564,46,COMPLETE
4855,0.021705563427276586,0.4661030478756344,2026-07-07 14:16:34.596438,2026-07-07 14:16:45.883279,0 days 00:00:11.286841,65.93012996499601,46,COMPLETE
4856,0.008101270088421875,0.46851942543356057,2026-07-07 14:16:34.601042,2026-07-07 14:16:45.680435,0 days 00:00:11.079393,33.93389122783735,46,COMPLETE
4857,0.02079361763953419,0.46619652415741,2026-07-07 14:16:34.606360,2026-07-07 14:16:41.451530,0 days 00:00:06.845170,72.58260121742275,46,COMPLETE
4858,0.01247325507960978,0.4679756247481656,2026-07-07 14:16:34.971997,2026-07-07 14:16:39.262484,0 days 00:00:04.290487,35.692918607984794,46,COMPLETE
4859,0.013381925431650565,0.4676783665866558,2026-07-07 14:16:34.978487,2026-07-07 14:16:39.267618,0 days 00:00:04.289131,31.182954220084937,46,COMPLETE
4860,0.019778888986592247,0.4663131179605693,2026-07-07 14:16:34.987715,2026-07-07 14:16:45.906916,0 days 00:00:10.919201,75.83850573135913,46,COMPLETE
4861,0.021920013651502868,0.4660970950760992,2026-07-07 14:16:34.997962,2026-07-07 14:16:49.283748,0 days 00:00:14.285786,80.90934832209989,46,COMPLETE
4862,0.02296268442001309,0.4659962910044974,2026-07-07 14:16:35.002981,2026-07-07 14:16:46.073661,0 days 00:00:11.070680,84.15719464298505,46,COMPLETE
4863,0.021890823316150554,0.4661005470249936,2026-07-07 14:16:35.012234,2026-07-07 14:16:43.329099,0 days 00:00:08.316865,80.8519311480838,46,COMPLETE
4864,0.01900206165745061,0.4665019454965556,2026-07-07 14:16:35.515402,2026-07-07 14:16:41.281856,0 days 00:00:05.766454,56.68982260345327,46,COMPLETE
4865,0.008848604503132573,0.4683593007226725,2026-07-07 14:16:35.709240,2026-07-07 14:16:39.795157,0 days 00:00:04.085917,11.18615079691497,46,COMPLETE
4866,0.01803786256068035,0.4668654506767362,2026-07-07 14:16:36.333853,2026-07-07 14:16:45.896234,0 days 00:00:09.562381,45.14545868604928,46,COMPLETE
4867,0.02531644294745261,0.4656536690928023,2026-07-07 14:16:36.339523,2026-07-07 14:16:46.249416,0 days 00:00:09.909893,96.38717406050903,47,COMPLETE
4868,0.015418259679721491,0.467384838352654,2026-07-07 14:16:36.344291,2026-07-07 14:16:46.072552,0 days 00:00:09.728261,43.60005733302733,47,COMPLETE
4869,0.017097165810537995,0.4670291120707886,2026-07-07 14:16:36.509624,2026-07-07 14:16:50.866927,0 days 00:00:14.357303,44.054651197593735,47,COMPLETE
4870,0.008490152665801054,0.46803202093787677,2026-07-07 14:16:36.513436,2026-07-07 14:16:47.400547,0 days 00:00:10.887111,12.291453723566262,47,COMPLETE
4871,0.0181440367790614,0.4669109605534968,2026-07-07 14:16:36.518990,2026-07-07 14:16:45.901513,0 days 00:00:09.382523,45.84685942216787,47,COMPLETE
4872,0.024442566189549042,0.46575870627949884,2026-07-07 14:16:36.853953,2026-07-07 14:16:48.281916,0 days 00:00:11.427963,99.55340415205191,47,COMPLETE
4873,0.015465513623276916,0.467173727444633,2026-07-07 14:16:36.877994,2026-07-07 14:16:47.057040,0 days 00:00:10.179046,53.16744230464966,47,COMPLETE
4874,0.02412560165360872,0.4657772633581078,2026-07-07 14:16:37.035931,2026-07-07 14:16:46.248928,0 days 00:00:09.212997,88.29211881791812,47,COMPLETE
4875,0.015173121657993782,0.4672982549330621,2026-07-07 14:16:37.206308,2026-07-07 14:16:48.281151,0 days 00:00:11.074843,4.21920985409436,47,COMPLETE
4876,0.01979430569407825,0.46610521422587564,2026-07-07 14:16:37.206487,2026-07-07 14:16:46.078020,0 days 00:00:08.871533,2.584487727818496,47,COMPLETE
4877,0.007624038861714477,0.4688329378995153,2026-07-07 14:16:37.213399,2026-07-07 14:16:47.759911,0 days 00:00:10.546512,4.731610149141887,47,COMPLETE
4878,0.016932266924014838,0.4668731251162406,2026-07-07 14:16:37.214209,2026-07-07 14:16:45.886665,0 days 00:00:08.672456,44.27754524812868,47,COMPLETE
4879,0.02096361931951235,0.4664138057788988,2026-07-07 14:16:37.223099,2026-07-07 14:16:48.283725,0 days 00:00:11.060626,63.41785200072664,47,COMPLETE
4880,0.02455614476132345,0.4657001034207075,2026-07-07 14:16:37.227432,2026-07-07 14:16:46.727141,0 days 00:00:09.499709,91.2726129875642,47,COMPLETE
4881,0.020405613424911595,0.4665050807284341,2026-07-07 14:16:38.200030,2026-07-07 14:16:47.383389,0 days 00:00:09.183359,62.717020951710985,47,COMPLETE
4882,0.008381751225596867,0.46825890034988854,2026-07-07 14:16:38.201902,2026-07-07 14:16:49.274020,0 days 00:00:11.072118,16.20177864456154,47,COMPLETE
4883,0.01582744599427577,0.466827227371526,2026-07-07 14:16:38.207047,2026-07-07 14:16:42.819391,0 days 00:00:04.612344,8.131625237876131,47,COMPLETE
4884,0.02022178761691712,0.4656400138041901,2026-07-07 14:16:38.213532,2026-07-07 14:16:49.268076,0 days 00:00:11.054544,1.1688315012788022,47,COMPLETE
4885,0.01339762975258768,0.46744748219381854,2026-07-07 14:16:38.546452,2026-07-07 14:16:49.778747,0 days 00:00:11.232295,19.04257061827301,47,COMPLETE
4886,0.022030403451956893,0.4660824530444293,2026-07-07 14:16:39.247566,2026-07-07 14:16:47.053390,0 days 00:00:07.805824,64.61125048189692,47,COMPLETE
4887,0.018912623924320804,0.46676097535616895,2026-07-07 14:16:39.256096,2026-07-07 14:16:50.868503,0 days 00:00:11.612407,45.657218743871255,47,COMPLETE
4888,0.024995447126729464,0.4656892862096068,2026-07-07 14:16:39.436922,2026-07-07 14:16:50.147116,0 days 00:00:10.710194,93.14313284493444,47,COMPLETE
4889,0.02043438351236282,0.4662943754053159,2026-07-07 14:16:39.442482,2026-07-07 14:16:49.615991,0 days 00:00:10.173509,78.07986398072416,47,COMPLETE
4890,0.020824225550942488,0.46619229684633584,2026-07-07 14:16:39.624389,2026-07-07 14:16:47.769850,0 days 00:00:08.145461,72.4851568986167,47,COMPLETE
4891,0.009128647703944504,0.46807339374379653,2026-07-07 14:16:39.628682,2026-07-07 14:16:46.558868,0 days 00:00:06.930186,9.56507444136558,47,COMPLETE
4892,0.020624091983678927,0.46627042675906566,2026-07-07 14:16:39.797719,2026-07-07 14:16:50.679376,0 days 00:00:10.881657,66.50424185445853,47,COMPLETE
4893,0.01547796314170935,0.46726873319615414,2026-07-07 14:16:39.957430,2026-07-07 14:16:55.463397,0 days 00:00:15.505967,35.565261184972705,47,COMPLETE
4894,0.021646047036349036,0.4660956998492038,2026-07-07 14:16:39.962001,2026-07-07 14:16:50.140202,0 days 00:00:10.178201,79.16246370010586,47,COMPLETE
4895,0.02063794053390816,0.4663267862865352,2026-07-07 14:16:39.965357,2026-07-07 14:16:50.871818,0 days 00:00:10.906461,61.519430820811834,47,COMPLETE
4896,0.020118947473910243,0.4662803549981328,2026-07-07 14:16:40.123439,2026-07-07 14:16:50.867209,0 days 00:00:10.743770,76.37692169785147,47,COMPLETE
4897,0.019710548714288678,0.4665616210506386,2026-07-07 14:16:40.123642,2026-07-07 14:16:50.874483,0 days 00:00:10.750841,61.91614035545255,47,COMPLETE
4898,0.021187634778842446,0.46635590286109196,2026-07-07 14:16:40.127574,2026-07-07 14:16:45.851684,0 days 00:00:05.724110,63.734342424623485,47,COMPLETE
4899,0.015033603384902394,0.46688415816472284,2026-07-07 14:16:40.291043,2026-07-07 14:16:45.353907,0 days 00:00:05.062864,8.051458122427528,47,COMPLETE
4900,0.02509600937393347,0.46568191480132026,2026-07-07 14:16:40.768545,2026-07-07 14:16:47.742158,0 days 00:00:06.973613,97.37594163494092,47,COMPLETE
4901,0.01569508992412405,0.4672471392427257,2026-07-07 14:16:41.089870,2026-07-07 14:16:51.859958,0 days 00:00:10.770088,34.746384639395394,47,COMPLETE
4902,0.01102469353800628,0.46755712090427975,2026-07-07 14:16:41.096212,2026-07-07 14:16:50.684706,0 days 00:00:09.588494,8.060247128417625,47,COMPLETE
4903,0.022147668917702923,0.46603753600097686,2026-07-07 14:16:41.271872,2026-07-07 14:16:51.529423,0 days 00:00:10.257551,65.12325314529542,47,COMPLETE
4904,0.00905555179494133,0.4684733760034223,2026-07-07 14:16:41.278565,2026-07-07 14:16:50.859268,0 days 00:00:09.580703,12.683634704734391,47,COMPLETE
4905,0.010574246369140061,0.4679109926653497,2026-07-07 14:16:41.462962,2026-07-07 14:16:51.045117,0 days 00:00:09.582155,11.979208354205733,47,COMPLETE
4906,0.02522073435860034,0.4656671197757787,2026-07-07 14:16:42.640635,2026-07-07 14:16:53.488783,0 days 00:00:10.848148,94.18998724634032,47,COMPLETE
4907,0.017185228864802837,0.4669132995859159,2026-07-07 14:16:42.837370,2026-07-07 14:16:53.835387,0 days 00:00:10.998017,48.147894598419484,47,COMPLETE
4908,0.02415735565784155,0.465745223856074,2026-07-07 14:16:43.149815,2026-07-07 14:16:55.448499,0 days 00:00:12.298684,90.34358577727286,47,COMPLETE
4909,0.01535386470187966,0.4669414197425913,2026-07-07 14:16:43.308378,2026-07-07 14:16:56.576732,0 days 00:00:13.268354,7.74375627231045,47,COMPLETE
4910,0.01123831751668003,0.46788507931583573,2026-07-07 14:16:43.311737,2026-07-07 14:16:49.266267,0 days 00:00:05.954530,11.21150121271004,47,COMPLETE
4911,0.01765812542444395,0.4667262226285058,2026-07-07 14:16:43.316964,2026-07-07 14:16:57.664777,0 days 00:00:14.347813,39.65360736450392,47,COMPLETE
4912,0.011077526306704055,0.4678324666689195,2026-07-07 14:16:43.335642,2026-07-07 14:16:57.238273,0 days 00:00:13.902631,16.06315723716427,47,COMPLETE
4913,0.019785295273916537,0.46631487200698785,2026-07-07 14:16:43.511183,2026-07-07 14:16:52.034837,0 days 00:00:08.523654,75.89922281133578,47,COMPLETE
4914,0.02473997224086988,0.4656985164730565,2026-07-07 14:16:43.670992,2026-07-07 14:16:49.617299,0 days 00:00:05.946307,92.0522136259817,47,COMPLETE
4915,0.013705258531084008,0.4675238649322984,2026-07-07 14:16:44.325241,2026-07-07 14:16:57.290158,0 days 00:00:12.964917,36.599828639485494,47,COMPLETE
4916,0.017268679423852462,0.46701738495782846,2026-07-07 14:16:44.332760,2026-07-07 14:16:55.102308,0 days 00:00:10.769548,45.99048045486113,47,COMPLETE
4917,0.02437503614246328,0.4657685348985397,2026-07-07 14:16:44.490090,2026-07-07 14:16:57.655169,0 days 00:00:13.165079,99.91417749590813,47,COMPLETE
4918,0.025328238735481123,0.46565497732888816,2026-07-07 14:16:44.838660,2026-07-07 14:16:56.566129,0 days 00:00:11.727469,94.67314968725832,47,COMPLETE
4919,0.018058603581820765,0.4668069545077167,2026-07-07 14:16:45.022154,2026-07-07 14:16:53.498672,0 days 00:00:08.476518,26.458897946762217,47,COMPLETE
4920,0.021357521220814024,0.4661612676567656,2026-07-07 14:16:45.514798,2026-07-07 14:16:49.963182,0 days 00:00:04.448384,68.16743463985374,47,COMPLETE
4921,0.02160119985860076,0.46609707928334043,2026-07-07 14:16:45.857472,2026-07-07 14:16:55.848651,0 days 00:00:09.991179,79.07863284161583,47,COMPLETE
4922,0.0081733606912614,0.46854315626236737,2026-07-07 14:16:45.908197,2026-07-07 14:16:51.367807,0 days 00:00:05.459610,34.342279516096674,47,COMPLETE
4923,0.02105906703671445,0.4662011017209431,2026-07-07 14:16:46.078417,2026-07-07 14:16:56.027260,0 days 00:00:09.948843,60.0964682834171,47,COMPLETE
4924,0.020051540270048407,0.4662898543790934,2026-07-07 14:16:46.722104,2026-07-07 14:16:57.062476,0 days 00:00:10.340372,76.35141615568487,47,COMPLETE
4925,0.019921990746154028,0.46637738887495106,2026-07-07 14:16:46.726707,2026-07-07 14:16:55.482667,0 days 00:00:08.755960,55.56181155135745,47,COMPLETE
4926,0.01948570145401196,0.4663797247292092,2026-07-07 14:16:47.057224,2026-07-07 14:16:55.835095,0 days 00:00:08.777871,74.96991253914234,47,COMPLETE
4927,0.017177616272241125,0.4668458143391374,2026-07-07 14:16:47.222932,2026-07-07 14:16:56.739810,0 days 00:00:09.516878,25.02157634492074,47,COMPLETE
4928,0.01498669783152512,0.4674078672471031,2026-07-07 14:16:47.377781,2026-07-07 14:16:55.836837,0 days 00:00:08.459056,22.42669739881611,47,COMPLETE
4929,0.022550027026346398,0.46602184763522336,2026-07-07 14:16:47.393520,2026-07-07 14:16:55.661307,0 days 00:00:08.267787,82.11317940474038,47,COMPLETE
4930,0.0168578707030137,0.4668968608159584,2026-07-07 14:16:47.395892,2026-07-07 14:16:57.844639,0 days 00:00:10.448747,52.8644664311413,47,COMPLETE
4931,0.013863898476995151,0.4673791236604866,2026-07-07 14:16:47.556381,2026-07-07 14:16:56.557314,0 days 00:00:09.000933,30.049088472115272,47,COMPLETE
4932,0.015526341355088624,0.46719636017792,2026-07-07 14:16:47.562254,2026-07-07 14:16:57.264080,0 days 00:00:09.701826,36.970208941076365,47,COMPLETE
4933,0.022928279035789922,0.46599453668863844,2026-07-07 14:16:47.569013,2026-07-07 14:16:57.308918,0 days 00:00:09.739905,83.81514605887607,47,COMPLETE
4934,0.01979020282260563,0.4663155730568279,2026-07-07 14:16:47.575593,2026-07-07 14:17:02.127469,0 days 00:00:14.551876,75.93213957425162,47,COMPLETE
4935,0.025984664758684606,0.4647242301012744,2026-07-07 14:16:47.731385,2026-07-07 14:16:53.328284,0 days 00:00:05.596899,1.0026699002779438,47,COMPLETE
4936,0.02394955847401503,0.46582410316808615,2026-07-07 14:16:47.751842,2026-07-07 14:16:56.209779,0 days 00:00:08.457937,87.85705615092668,47,COMPLETE
4937,0.020325178465282034,0.46639129814745034,2026-07-07 14:16:47.761843,2026-07-07 14:16:57.274387,0 days 00:00:09.512544,61.42356192031435,47,COMPLETE
4938,0.022914692476600607,0.46599497767801273,2026-07-07 14:16:47.776738,2026-07-07 14:16:57.278113,0 days 00:00:09.501375,83.72271119518082,47,COMPLETE
4939,0.024128961007868988,0.46574697386127356,2026-07-07 14:16:47.780700,2026-07-07 14:16:56.565591,0 days 00:00:08.784891,90.48976964289739,47,COMPLETE
4940,0.015692778780529493,0.46719961977842783,2026-07-07 14:16:48.256744,2026-07-07 14:16:57.644793,0 days 00:00:09.388049,52.24796696279912,47,COMPLETE
4941,0.01769301595845829,0.4669460169454486,2026-07-07 14:16:48.259833,2026-07-07 14:16:59.935371,0 days 00:00:11.675538,48.72514930845013,47,COMPLETE
4942,0.0205180251978217,0.46626087081419954,2026-07-07 14:16:48.265898,2026-07-07 14:16:58.329347,0 days 00:00:10.063449,71.74089492315593,47,COMPLETE
4943,0.01629259211179257,0.46705995774443665,2026-07-07 14:16:48.278568,2026-07-07 14:16:58.324846,0 days 00:00:10.046278,22.524490759449154,47,COMPLETE
4944,0.024612941359746787,0.46570559332704414,2026-07-07 14:16:48.760596,2026-07-07 14:16:58.320339,0 days 00:00:09.559743,91.4910193863746,47,COMPLETE
4945,0.018063676469077528,0.4667274320392551,2026-07-07 14:16:48.922254,2026-07-07 14:16:55.110188,0 days 00:00:06.187934,54.36159946827746,47,COMPLETE
4946,0.018178423443362735,0.4666630491329319,2026-07-07 14:16:49.087667,2026-07-07 14:16:56.201913,0 days 00:00:07.114246,47.142764262851394,47,COMPLETE
4947,0.017062504600425576,0.46692884398476814,2026-07-07 14:16:49.441942,2026-07-07 14:17:01.580946,0 days 00:00:12.139004,26.39500675494233,47,COMPLETE
4948,0.024108129679205004,0.46575968554705893,2026-07-07 14:16:49.963054,2026-07-07 14:17:01.268034,0 days 00:00:11.304980,90.6771901671982,47,COMPLETE
4949,0.024497212992134865,0.46569775399671115,2026-07-07 14:16:50.140480,2026-07-07 14:17:03.104480,0 days 00:00:12.964000,91.1068649494808,47,COMPLETE
4950,0.01791994767129712,0.46671833432857907,2026-07-07 14:16:50.148946,2026-07-07 14:17:01.752042,0 days 00:00:11.603096,55.12619915274424,47,COMPLETE
4951,0.024226405350640356,0.4657456564332874,2026-07-07 14:16:50.318521,2026-07-07 14:17:01.750430,0 days 00:00:11.431909,89.33585385399556,47,COMPLETE
4952,0.023091528577587395,0.46599160530758726,2026-07-07 14:16:50.477386,2026-07-07 14:17:03.126204,0 days 00:00:12.648818,84.97126730966173,47,COMPLETE
4953,0.015632826975938208,0.4672010024365214,2026-07-07 14:16:50.483348,2026-07-07 14:17:01.949878,0 days 00:00:11.466530,52.14898648489507,47,COMPLETE
4954,0.010353683231107413,0.4678161308779099,2026-07-07 14:16:50.650822,2026-07-07 14:16:55.453600,0 days 00:00:04.802778,8.427401468020953,47,COMPLETE
4955,0.025168387994333408,0.46567225388245465,2026-07-07 14:16:50.652033,2026-07-07 14:17:01.748704,0 days 00:00:11.096671,93.95461673870419,47,COMPLETE
4956,0.019770467169000827,0.4663115214601201,2026-07-07 14:16:50.668512,2026-07-07 14:16:56.569674,0 days 00:00:05.901162,75.48489051397986,47,COMPLETE
4957,0.02631339215558337,0.46470885894077185,2026-07-07 14:16:50.685205,2026-07-07 14:16:55.657135,0 days 00:00:04.971930,1.7962120912112094,47,COMPLETE
4958,0.019646469676427414,0.4663418580663417,2026-07-07 14:16:50.688639,2026-07-07 14:16:56.567907,0 days 00:00:05.879268,75.20334740914166,47,COMPLETE
4959,0.017655226893229514,0.4667064308575084,2026-07-07 14:16:50.874659,2026-07-07 14:17:05.924511,0 days 00:00:15.049852,25.409739660186407,47,COMPLETE
4960,0.01991632671372301,0.4665156339857557,2026-07-07 14:16:50.881752,2026-07-07 14:17:04.232003,0 days 00:00:13.350251,61.899084041895904,47,COMPLETE
4961,0.02323478055530437,0.46597117784651937,2026-07-07 14:16:51.203431,2026-07-07 14:16:57.834819,0 days 00:00:06.631388,85.65075748780349,47,COMPLETE
4962,0.017531400662891328,0.4668306274423413,2026-07-07 14:16:51.367701,2026-07-07 14:17:05.504479,0 days 00:00:14.136778,46.91442307177578,47,COMPLETE
4963,0.017489184718339768,0.4667434226193429,2026-07-07 14:16:51.526715,2026-07-07 14:17:03.447495,0 days 00:00:11.920780,25.715745861843306,47,COMPLETE
4964,0.01777074109928689,0.466826327697591,2026-07-07 14:16:51.538948,2026-07-07 14:17:01.946395,0 days 00:00:10.407447,51.554157698055505,47,COMPLETE
4965,0.018703269369000353,0.4668264559327795,2026-07-07 14:16:51.696555,2026-07-07 14:17:05.849576,0 days 00:00:14.153021,59.11133824973051,47,COMPLETE
4966,0.02172490811630501,0.4661202494394778,2026-07-07 14:16:51.697881,2026-07-07 14:17:02.454429,0 days 00:00:10.756548,80.53193817618637,47,COMPLETE
4967,0.014234092919695462,0.46729388455208076,2026-07-07 14:16:51.860128,2026-07-07 14:17:03.115585,0 days 00:00:11.255457,19.47009021626807,47,COMPLETE
4968,0.016288246193373046,0.4671954764265924,2026-07-07 14:16:51.872593,2026-07-07 14:17:03.124602,0 days 00:00:11.252009,42.964983196085555,47,COMPLETE
4969,0.009377528955477943,0.46866331885283746,2026-07-07 14:16:52.352605,2026-07-07 14:17:05.508363,0 days 00:00:13.155758,21.724890349313554,47,COMPLETE
4970,0.01749474486587055,0.4669162810278502,2026-07-07 14:16:52.669790,2026-07-07 14:17:04.239911,0 days 00:00:11.570121,50.381380265895714,47,COMPLETE
4971,0.017824409316007928,0.4668965326089285,2026-07-07 14:16:52.997082,2026-07-07 14:17:05.997609,0 days 00:00:13.000527,44.82961403121282,47,COMPLETE
4972,0.00993447247085355,0.46793313708037954,2026-07-07 14:16:54.771565,2026-07-07 14:17:06.027933,0 days 00:00:11.256368,16.087472272636116,47,COMPLETE
4973,0.02088412421064989,0.46642821130096035,2026-07-07 14:16:56.218652,2026-07-07 14:17:06.005813,0 days 00:00:09.787161,63.31941150348657,48,COMPLETE
4974,0.021363006149869246,0.46616059476468014,2026-07-07 14:16:56.228419,2026-07-07 14:17:05.966732,0 days 00:00:09.738313,68.17445872642307,48,COMPLETE
4975,0.017697937192205027,0.46685680655535783,2026-07-07 14:16:56.235350,2026-07-07 14:17:05.914452,0 days 00:00:09.679102,49.4676505084739,48,COMPLETE
4976,0.02209383214535071,0.46604325497331933,2026-07-07 14:16:56.545446,2026-07-07 14:17:05.993232,0 days 00:00:09.447786,68.96862901492584,48,COMPLETE
4977,0.011851619020275761,0.46786119916644997,2026-07-07 14:16:57.234095,2026-07-07 14:17:05.997292,0 days 00:00:08.763197,15.017117171202981,48,COMPLETE
4978,0.023231397154790667,0.46597170138405947,2026-07-07 14:16:57.243824,2026-07-07 14:17:01.926307,0 days 00:00:04.682483,85.636243950274,48,COMPLETE
4979,0.0217929854388208,0.46611208976111096,2026-07-07 14:16:57.248319,2026-07-07 14:17:06.045045,0 days 00:00:08.796726,80.6613725010439,48,COMPLETE
4980,0.024716491900229287,0.46572833525257584,2026-07-07 14:16:57.251432,2026-07-07 14:17:05.991678,0 days 00:00:08.740246,98.40442717888033,48,COMPLETE
4981,0.022337915295635835,0.4659817877858638,2026-07-07 14:16:57.257570,2026-07-07 14:17:05.511612,0 days 00:00:08.254042,69.59641915158826,48,COMPLETE
4982,0.018196432702814458,0.46666799537343207,2026-07-07 14:16:57.263041,2026-07-07 14:17:06.020461,0 days 00:00:08.757420,49.06097226244907,48,COMPLETE
4983,0.016154872033266043,0.4668255292869238,2026-07-07 14:16:57.265260,2026-07-07 14:17:05.955681,0 days 00:00:08.690421,7.125103864703998,48,COMPLETE
4984,0.0189427622730185,0.4666842541400124,2026-07-07 14:16:57.281213,2026-07-07 14:17:06.035596,0 days 00:00:08.754383,58.71505358653302,48,COMPLETE
4985,0.019946980876451414,0.46653022586442455,2026-07-07 14:16:57.284368,2026-07-07 14:17:05.983669,0 days 00:00:08.699301,59.77288317458641,48,COMPLETE
4986,0.018634159322180266,0.46653632884774743,2026-07-07 14:16:57.286445,2026-07-07 14:17:01.424356,0 days 00:00:04.137911,57.74883756915103,48,COMPLETE
4987,0.006145725376889066,0.4687148880209421,2026-07-07 14:16:57.287874,2026-07-07 14:17:05.976397,0 days 00:00:08.688523,10.344904877317461,48,COMPLETE
4988,0.012263068888145046,0.4675604614469143,2026-07-07 14:16:57.293160,2026-07-07 14:17:06.031509,0 days 00:00:08.738349,16.038917820226068,48,COMPLETE
4989,0.024230604011897694,0.4657431395055448,2026-07-07 14:16:57.295539,2026-07-07 14:17:05.982078,0 days 00:00:08.686539,89.50331008174682,48,COMPLETE
4990,-0.008765009559775327,0.4714121318874259,2026-07-07 14:16:57.317331,2026-07-07 14:17:06.023077,0 days 00:00:08.705746,5.000951677883603,48,COMPLETE
4991,0.014989289790785731,0.46750532635712094,2026-07-07 14:16:57.627621,2026-07-07 14:17:02.291113,0 days 00:00:04.663492,20.796510691544594,48,COMPLETE
4992,0.008193492864468022,0.46828054284398235,2026-07-07 14:16:57.669454,2026-07-07 14:17:05.995060,0 days 00:00:08.325606,11.49342794990486,48,COMPLETE
4993,0.02334818633915403,0.46594788139508403,2026-07-07 14:16:57.671170,2026-07-07 14:17:05.912276,0 days 00:00:08.241106,86.14531362315144,48,COMPLETE
4994,0.014703468207579284,0.4669997662942369,2026-07-07 14:16:57.671333,2026-07-07 14:17:06.042252,0 days 00:00:08.370919,7.466320732754539,48,COMPLETE
4995,0.0161505222905175,0.4669649796631041,2026-07-07 14:16:57.672707,2026-07-07 14:17:05.948589,0 days 00:00:08.275882,40.70390531724567,48,COMPLETE
4996,0.02483641982213136,0.46570312599616426,2026-07-07 14:16:57.831928,2026-07-07 14:17:06.038840,0 days 00:00:08.206912,92.64229942988864,48,COMPLETE
4997,0.012649484938779487,0.4676339696021538,2026-07-07 14:16:57.834572,2026-07-07 14:17:06.009219,0 days 00:00:08.174647,33.03146783314782,48,COMPLETE
4998,0.024808568541820564,0.46570375069255293,2026-07-07 14:16:57.837672,2026-07-07 14:17:06.050233,0 days 00:00:08.212561,92.5291594109139,48,COMPLETE
4999,0.01228606336473137,0.4677129658776009,2026-07-07 14:16:57.845919,2026-07-07 14:17:06.000399,0 days 00:00:08.154480,9.70185396003019,48,COMPLETE
